_id,Protocolo,data,hora,natureza_acidente,situacao,bairro,endereco,numero,detalhe_endereco_acidente,complemento,bairro_cruzamento,num_semaforo,sentido_via,tipo,auto,moto,ciclom,ciclista,pedestre,onibus,caminhao,viatura,outros,vitimas,vitimasfatais,acidente_verificado,tempo_clima,situacao_semaforo,sinalizacao,condicao_via,conservacao_via,ponto_controle,situacao_placa,velocidade_max_via,mao_direcao,divisao_via1,divisao_via2,divisao_via3
146,"202301549,0",2023-01-22T00:00:00,07:23:00,SEM VÍTIMA,CANCELADA,IPSEP,RUA RIO JORDAO,33,"",E/F À IGREJA IABV,IPSEP,"","",CHOQUE,"2,0","0,0","0,0","0,0","0,0","0,0","0,0","0,0","0,0","0,0","0,0","","","","","","","","","","","","",""
147,"202301560,0",2023-01-23T00:00:00,08:03:00,COM VÍTIMA,FINALIZADA,SANTO AMARO,AV CRUZ CABUGA,"","",PRÓX. AO CEMITÉRIO DOS INGLESES,SANTO AMARO,"",CIDADE,COLISÃO LATERAL,"0,0","2,0","0,0","0,0","0,0","0,0","0,0","0,0","0,0","1,0","0,0","","","","","","","","","","","","",""
148,"202301566,0",2023-01-23T00:00:00,09:17:00,SEM VÍTIMA,FINALIZADA,BOA VISTA,AV VISCONDE DE SUASSUNA,594,RUA AFONSO PENA,"",BOA VISTA,"",SUBURBIO,"","1,0","1,0","0,0","0,0","0,0","0,0","0,0","0,0","0,0","0,0","0,0","","","","","","","","","","","","",""
149,"202301567,0",2023-01-23T00:00:00,09:32:00,COM VÍTIMA,FINALIZADA,CABANGA,RUA JITO,62,RUA DILERMANO REIS,PROX A ESTAÇÃO DE TRATAMENTO DA COMPESA,CABANGA,"",SUBURBIO,COLISÃO LATERAL,"1,0","1,0","0,0","0,0","0,0","0,0","0,0","0,0","0,0","1,0","0,0","","","","","","","","","","","","",""
150,"202301585,0",2023-01-23T00:00:00,11:57:00,COM VÍTIMA,FINALIZADA,MADALENA,AV BEIRA RIO,"",RUA JANUARIO BARBOSA,PROX AO COLEGIO EQUIPE,MADALENA,"","",COLISÃO LATERAL,"1,0","1,0","0,0","0,0","0,0","0,0","0,0","0,0","0,0","1,0","0,0","","","","","","","","","","","","",""
151,"202301599,0",2023-01-23T00:00:00,01:28:00,SEM VÍTIMA,FINALIZADA,VÁRZEA,AV CAXANGA,5552,"",APÓS O CAXANGÁ GOLF CLUB,VÁRZEA,"",SUBURBIO,COLISÃO TRASEIRA,"3,0","0,0","0,0","0,0","0,0","0,0","0,0","0,0","0,0","0,0","0,0","","","","","","","","","","","","",""
152,"202301606,0",2023-01-23T00:00:00,02:54:00,COM VÍTIMA,FINALIZADA,IMBIRIBEIRA,AV MARECHAL MASCARENHAS DE MORAES,2666,RUA DR TAVARES CORREIA,RUA  JORNALISTA CLEOFHAS DE OLIVEIRA  -  LADO OPOSTO AO GERALDÃO  E EM FRENTE A CENTER AÇO/ SENTIDO AEROPORTO,IMBIRIBEIRA,"289,0",SUBURBIO,COLISÃO LATERAL,"1,0","1,0","0,0","0,0","0,0","0,0","0,0","0,0","0,0","1,0","0,0","","","","","","","","","","","","",""
153,"202301655,0",2023-01-24T00:00:00,08:33:00,COM VÍTIMA,CANCELADA,IPSEP,AV PRESIDENTE DUTRA,"","",EM FRENTE AO RESTAURANTE SAL E BRASA,IPSEP,"","",ATROPELAMENTO DE PESSOA,"0,0","0,0","0,0","0,0","1,0","0,0","0,0","0,0","0,0","1,0","0,0","","","","","","","","","","","","",""
154,"202301669,0",2023-01-24T00:00:00,11:37:00,COM VÍTIMA,FINALIZADA,APIPUCOS,RUA DE APIPUCOS,60,"","",APIPUCOS,"",SUBURBIO,COLISÃO FRONTAL,"1,0","1,0","0,0","0,0","0,0","0,0","0,0","0,0","0,0","1,0","0,0","","","","","","","","","","","","",""
155,"202301673,0",2023-01-24T00:00:00,12:49:00,COM VÍTIMA,FINALIZADA,IBURA,RUA RIO XINGU,1238,AV DOIS RIOS,ACADEMIA MOTIVO,IBURA,"351,0",SUBURBIO,COLISÃO FRONTAL,"1,0","1,0","0,0","0,0","0,0","0,0","0,0","0,0","0,0","1,0","0,0","","","","","","","","","","","","",""
156,"202301677,0",2023-01-24T00:00:00,01:41:00,COM VÍTIMA,FINALIZADA,SÃO JOSÉ,AV SUL,1450,1PR DIAS COELHO,FENIX CROMAGEM,SÃO JOSÉ,"260,0","",COLISÃO TRASEIRA,"1,0","1,0","0,0","0,0","0,0","0,0","0,0","0,0","0,0","1,0","0,0","","","","","","","","","","","","",""
157,"202301679,0",2023-01-24T00:00:00,02:58:00,COM VÍTIMA,FINALIZADA,BAIRRO DO RECIFE,AV ALFREDO LISBOA,1168,"",SUPERITENDÊNCIA DO MINISTERIO DA ECONOMIA,BAIRRO DO RECIFE,"",SUBURBIO,ATROPELAMENTO DE PESSOA,"0,0","1,0","0,0","0,0","1,0","0,0","0,0","0,0","0,0","3,0","0,0","","","","","","","","","","","","",""
158,"202301687,0",2023-01-24T00:00:00,05:04:00,COM VÍTIMA,FINALIZADA,VÁRZEA,AV PROFESSOR ARTUR DE SA,1180,"",EM FRENTE A GALERIA PRAZERES CENTER,VÁRZEA,"",CIDADE,COLISÃO LATERAL,"1,0","1,0","0,0","0,0","0,0","0,0","0,0","0,0","0,0","2,0","0,0","","","","","","","","","","","","",""
159,"202301690,0",2023-01-24T00:00:00,05:41:00,VÍTIMA FATAL,FINALIZADA,GUABIRABA,EST DOS MACACOS,142,"",PRÓXIMO AO HOTEL GALANTE E AO CAMPO DO VAL,GUABIRABA,"","",ATROPELAMENTO DE PESSOA,"0,0","1,0","0,0","0,0","1,0","0,0","0,0","0,0","0,0","0,0","1,0","","","","","","","","","","","","",""
160,"202301711,0",2023-01-25T00:00:00,12:53:00,COM VÍTIMA,FINALIZADA,TAMARINEIRA,RUA CONEGO BARATA,"","",E/F À LOJA FERREIRA COSTA,TAMARINEIRA,"","",COLISÃO TRASEIRA,"1,0","1,0","0,0","0,0","0,0","0,0","0,0","0,0","0,0","1,0","0,0","","","","","","","","","","","","",""
161,"202301720,0",2023-01-25T00:00:00,08:27:00,COM VÍTIMA,FINALIZADA,BOA VISTA,RUA DA AURORA,103,"",PRÓX. AO TRIBUNAL DE CONTAS,BOA VISTA,"",SUBURBIO,COLISÃO LATERAL,"1,0","1,0","0,0","0,0","0,0","0,0","0,0","0,0","0,0","1,0","0,0","","","","","","","","","","","","",""
162,"202301723,0",2023-01-25T00:00:00,11:38:00,SEM VÍTIMA,FINALIZADA,IBURA,AV RECIFE,"",AV DOM HELDER CAMARA,"",IBURA,"55,0",SUBURBIO,"","2,0","0,0","0,0","0,0","0,0","0,0","0,0","0,0","0,0","0,0","0,0","","","","","","","","","","","","",""
163,"202301730,0",2023-01-25T00:00:00,12:55:00,SEM VÍTIMA,FINALIZADA,IPUTINGA,AV CAXANGA,3983,RUA MANOEL JOAQUIM DE ALMEIDA,POSTO IPUTINGA,IPUTINGA,"533,0",CIDADE,COLISÃO TRASEIRA,"1,0","0,0","0,0","0,0","0,0","0,0","1,0","0,0","0,0","0,0","0,0","","","","","","","","","","","","",""
164,"202301732,0",2023-01-25T00:00:00,01:08:00,COM VÍTIMA,FINALIZADA,TORRE,RUA MARQUES DE MARICA,12,PRC PROFESSOR BARRETO CAMPELLO,AO LADO DA PRAÇA DA TORRE,TORRE,"","",COLISÃO LATERAL,"1,0","1,0","0,0","0,0","0,0","0,0","0,0","0,0","0,0","1,0","0,0","","","","","","","","","","","","",""
165,"202301741,0",2023-01-25T00:00:00,02:15:00,SEM VÍTIMA,FINALIZADA,IPSEP,AV RECIFE,"",AV DOM HELDER CAMARA,"",IPSEP,"55,0",SUBURBIO,"","0,0","3,0","0,0","0,0","0,0","0,0","0,0","0,0","0,0","0,0","0,0","","","","","","","","","","","","",""
166,"202301746,0",2023-01-25T00:00:00,03:17:00,COM VÍTIMA,FINALIZADA,BONGI,RUA JOAO IVO DA SILVA,"",RUA PADRE TEOFILO TWORZ,AO LADO DA TUPAN,BONGI,"503,0","",COLISÃO LATERAL,"1,0","1,0","0,0","0,0","0,0","0,0","0,0","0,0","0,0","1,0","0,0","","","","","","","","","","","","",""
167,"202301750,0",2023-01-25T00:00:00,03:48:00,COM VÍTIMA,FINALIZADA,BOA VIAGEM,RUA ANTONIO FALCAO,430,RUA FRANCISCO DA CUNHA,NO SEMÁFORO 227,BOA VIAGEM,"227,0",SUBURBIO,COLISÃO TRASEIRA,"1,0","1,0","0,0","0,0","0,0","0,0","1,0","0,0","0,0","1,0","0,0","","","","","","","","","","","","",""
168,"202301751,0",2023-01-25T00:00:00,03:55:00,COM VÍTIMA,FINALIZADA,IPUTINGA,RUA MAURICIO DE NASSAU,"",RUA ALVARES PIRES,CRECHE MUNICIPAL ELUTANO CONQUISTA  / POR TRÁS DA EXPOSIÇÃO DE ANIMAIS,IPUTINGA,"","",COLISÃO LATERAL,"1,0","2,0","0,0","0,0","0,0","0,0","0,0","0,0","0,0","1,0","0,0","","","","","","","","","","","","",""
169,"202301752,0",2023-01-25T00:00:00,04:12:00,COM VÍTIMA,FINALIZADA,BOA VIAGEM,RUA PROFESSOR MARIO CASTRO,222,RUA PROFESSOR AUGUSTO LINS E SILVA,EM FRENTE AO COLEGIO MADRE DE DEUS,BOA VIAGEM,"","",COLISÃO FRONTAL,"1,0","1,0","0,0","0,0","0,0","0,0","0,0","0,0","0,0","1,0","0,0","","","","","","","","","","","","",""
170,"202301756,0",2023-01-25T00:00:00,05:26:00,COM VÍTIMA,FINALIZADA,CORDEIRO,AV GENERAL SAN MARTIN,"",RUA NISSIN BENSOUSSAN,E/F AO HOSPITAL GETULIO VARGAS,CORDEIRO,"",SUBURBIO,COLISÃO LATERAL,"1,0","1,0","0,0","0,0","0,0","0,0","0,0","0,0","0,0","2,0","0,0","","","","","","","","","","","","",""
171,"202301765,0",2023-01-25T00:00:00,10:24:00,COM VÍTIMA,FINALIZADA,DOIS IRMÃOS,RUA DOIS IRMAOS,"",AV DA RECUPERACAO,EMBAIXO DO VIADUTO DA BR-101,DOIS IRMÃOS,"","",COLISÃO FRONTAL,"0,0","2,0","0,0","0,0","0,0","0,0","0,0","0,0","0,0","2,0","0,0","","","","","","","","","","","","",""
172,"202301817,0",2023-01-26T00:00:00,04:00:00,COM VÍTIMA,FINALIZADA,CASA AMARELA,AV NORTE MIGUEL ARRAES DE ALENCAR,"","",SEMÁFORO 596,CASA AMARELA,"","",COLISÃO TRASEIRA,"0,0","2,0","0,0","0,0","0,0","0,0","0,0","0,0","0,0","3,0","0,0","","","","","","","","","","","","",""
173,"202301824,0",2023-01-26T00:00:00,05:18:00,COM VÍTIMA,CANCELADA,ENCRUZILHADA,AV BEBERIBE,"",RUA FERNANDO CESAR,EM FRENTE AO BANCO DO BRASIL,ENCRUZILHADA,"238,0","",COLISÃO LATERAL,"0,0","0,0","0,0","0,0","0,0","0,0","0,0","0,0","0,0","1,0","0,0","","","","","","","","","","","","",""
174,"202301850,0",2023-01-26T00:00:00,08:22:00,COM VÍTIMA,FINALIZADA,MANGUEIRA,RUA ALEXANDRE RODRIGUES FERREIRA,601,"",IGREJA EVANGELICA,MANGUEIRA,"","",COLISÃO COM CICLISTA,"1,0","0,0","0,0","1,0","0,0","0,0","0,0","0,0","0,0","1,0","0,0","","","","","","","","","","","","",""
175,"202301858,0",2023-01-27T00:00:00,06:55:00,COM VÍTIMA,FINALIZADA,CAXANGÁ,AV CAXANGA,3283,"",EM FRENTE AO ARCOMIX,CAXANGÁ,"","",COLISÃO TRASEIRA,"1,0","1,0","0,0","0,0","0,0","0,0","0,0","0,0","0,0","1,0","0,0","","","","","","","","","","","","",""
176,"202301867,0",2023-01-27T00:00:00,09:09:00,COM VÍTIMA,FINALIZADA,AFOGADOS,RUA SAO MIGUEL,10,PRC DA PAZ,EM FRENTE A MUNDO SHOPPING MODA,AFOGADOS,"53,0","",ATROPELAMENTO DE PESSOA,"0,0","0,0","0,0","0,0","1,0","1,0","0,0","0,0","0,0","1,0","0,0","","","","","","","","","","","","",""
177,"202301873,0",2023-01-27T00:00:00,10:12:00,COM VÍTIMA,FINALIZADA,CORDEIRO,EST DO FORTE DO ARRAIAL N. DO B. JESUS,1291,"",EM FRENTE AO ESPETINHO DA BENÉ,CORDEIRO,"","",COLISÃO LATERAL,"1,0","1,0","0,0","0,0","0,0","0,0","0,0","0,0","0,0","2,0","0,0","","","","","","","","","","","","",""
178,"202301887,0",2023-01-27T00:00:00,11:50:00,SEM VÍTIMA,FINALIZADA,BAIRRO DO RECIFE,AV ALFREDO LISBOA,"","",EM FRENTE A CAIXA CULTURAL,BAIRRO DO RECIFE,"",SUBURBIO,COLISÃO TRASEIRA,"2,0","0,0","0,0","0,0","0,0","0,0","0,0","0,0","0,0","0,0","0,0","","","","","","","","","","","","",""
179,"202301893,0",2023-01-27T00:00:00,01:41:00,COM VÍTIMA,FINALIZADA,PINA,AV ENGENHEIRO DOMINGOS FERREIRA,40,"",ARMAZEM BEIRA MAR  / AO LADO DO TEATRO BARRETO JUNIOR / PROXIMO AO JCPM / ANTES DO POSTO PETRONAC,PINA,"","",COLISÃO LATERAL,"1,0","1,0","0,0","0,0","0,0","0,0","0,0","0,0","0,0","1,0","0,0","","","","","","","","","","","","",""
180,"202301911,0",2023-01-27T00:00:00,04:16:00,COM VÍTIMA,FINALIZADA,PINA,AV ENGENHEIRO DOMINGOS FERREIRA,604,"",EM FRENTE AO EXTRABOM,PINA,"","",COLISÃO TRASEIRA,"3,0","0,0","0,0","0,0","0,0","0,0","0,0","0,0","0,0","1,0","0,0","","","","","","","","","","","","",""
181,"202301912,0",2023-01-27T00:00:00,04:24:00,COM VÍTIMA,FINALIZADA,ESTÂNCIA,AV RECIFE,"","",E/F AO POSTO JUSTINO E XAVIER  E A POLICIA CIVIL S/T  BR  VT 17  NO LOPCAL,ESTÂNCIA,"","",COLISÃO TRASEIRA,"1,0","1,0","0,0","0,0","0,0","0,0","0,0","0,0","0,0","1,0","0,0","","","","","","","","","","","","",""
182,"202301915,0",2023-01-27T00:00:00,05:14:00,SEM VÍTIMA,FINALIZADA,BOA VIAGEM,RUA CAMBOIM,"",RUA COPACABANA,PRÓXIMO A LANCHONETE CAPRICHO,BOA VIAGEM,"","","","1,0","0,0","0,0","0,0","0,0","1,0","0,0","0,0","0,0","0,0","0,0","","","","","","","","","","","","",""
183,"202301922,0",2023-01-27T00:00:00,07:17:00,COM VÍTIMA,FINALIZADA,PRADO,EST DOS REMEDIOS,"",AV ENGENHEIRO ABDIAS DE CARVALHO,"",PRADO,"52,0","",COLISÃO LATERAL,"0,0","1,0","0,0","0,0","0,0","0,0","0,0","1,0","0,0","1,0","0,0","","","","","","","","","","","","",""
184,"202301924,0",2023-01-27T00:00:00,07:22:00,SEM VÍTIMA,FINALIZADA,BARRO,AV DES PEDRO RIBEIRO MALTA,240 A,"","",BARRO,"",SUBURBIO,CHOQUE,"3,0","0,0","0,0","0,0","0,0","0,0","0,0","0,0","0,0","0,0","0,0","","","","","","","","","","","","",""
185,"202301928,0",2023-01-27T00:00:00,09:43:00,COM VÍTIMA,FINALIZADA,BOA VIAGEM,AV CONSELHEIRO AGUIAR,"",RUA ATLANTICO,"",BOA VIAGEM,"","",COLISÃO FRONTAL,"1,0","1,0","0,0","0,0","0,0","0,0","0,0","0,0","0,0","1,0","0,0","","","","","","","","","","","","",""
186,"202301929,0",2023-01-28T00:00:00,12:47:00,SEM VÍTIMA,FINALIZADA,TORREÃO,AV NORTE MIGUEL ARRAES DE ALENCAR,"","",PRÓX AO VIADUTO,TORREÃO,"",CIDADE,CHOQUE,"1,0","0,0","0,0","0,0","0,0","0,0","0,0","0,0","0,0","0,0","0,0","","","","","","","","","","","","",""
187,"202301930,0",2023-01-28T00:00:00,01:50:00,SEM VÍTIMA,FINALIZADA,BOA VIAGEM,RUA VISCONDE DE JEQUITINHONHA,81,"",PROX AO RECIFE FLAT,BOA VIAGEM,"","",COLISÃO TRASEIRA,"2,0","0,0","0,0","0,0","0,0","0,0","0,0","0,0","0,0","0,0","0,0","","","","","","","","","","","","",""
188,"202301933,0",2023-01-28T00:00:00,04:47:00,COM VÍTIMA,FINALIZADA,BOA VIAGEM,RUA VISCONDE DE JEQUITINHONHA,"",RUA ERNESTO DE PAULA SANTOS,EM FRENTE AO SUPERMERCADO SOBERANO,BOA VIAGEM,"","",COLISÃO LATERAL,"1,0","1,0","0,0","0,0","0,0","0,0","0,0","0,0","0,0","1,0","0,0","","","","","","","","","","","","",""
189,"202301961,0",2023-01-28T00:00:00,10:46:00,COM VÍTIMA,FINALIZADA,BEBERIBE,AV HILDEBRANDO DE VASCONCELOS,"",RUA MARCIA MENDES,"",BEBERIBE,"","",COLISÃO LATERAL,"2,0","0,0","0,0","0,0","0,0","0,0","0,0","0,0","0,0","1,0","0,0","","","","","","","","","","","","",""
190,"202301964,0",2023-01-28T00:00:00,11:17:00,COM VÍTIMA,FINALIZADA,IMBIRIBEIRA,VIADUTO TANCREDO NEVES,"","",DESCIDA DO VIADUTO / SENTIDO BOA VIAGEM / PRÓX. AO ATACADÃO,IMBIRIBEIRA,"","",COLISÃO LATERAL,"1,0","1,0","0,0","0,0","0,0","0,0","0,0","0,0","0,0","1,0","0,0","","","","","","","","","","","","",""
191,"202301965,0",2023-01-28T00:00:00,11:20:00,SEM VÍTIMA,FINALIZADA,GRAÇAS,AV GOVERNADOR AGAMENON MAGALHAES,"",RUA JOAQUIM NABUCO,EM FRENTE A ESCOLA GOVERNADOR BARBOSA  LIMA,GRAÇAS,"174,0",SUBURBIO,COLISÃO TRASEIRA,"0,0","0,0","0,0","0,0","0,0","1,0","1,0","0,0","0,0","0,0","0,0","","","","","","","","","","","","",""
192,"202301973,0",2023-01-28T00:00:00,12:37:00,COM VÍTIMA,FINALIZADA,ROSARINHO,RUA CAIO PEREIRA,"",RUA REGUEIRA COSTA,PRÓX. AO RESTAURANTE VARANDA DO ROSARINHO,ROSARINHO,"","",COLISÃO FRONTAL,"1,0","1,0","0,0","0,0","0,0","0,0","0,0","0,0","0,0","1,0","0,0","","","","","","","","","","","","",""
193,"202301988,0",2023-01-28T00:00:00,03:42:00,SEM VÍTIMA,CANCELADA,BOA VIAGEM,AVENIDA CELSO FURTADO (VIA MANGUE),"","",SEMÁFORO 437,BOA VIAGEM,"","",COLISÃO TRASEIRA,"3,0","0,0","0,0","0,0","0,0","0,0","0,0","0,0","0,0","0,0","0,0","","","","","","","","","","","","",""
194,"202302002,0",2023-01-28T00:00:00,06:30:00,COM VÍTIMA,FINALIZADA,JORDÃO,RUA JOSE MARTORANO,159,"",TERMINAL DO JORDÃO BAIXO,JORDÃO,"","",COLISÃO LATERAL,"1,0","1,0","0,0","0,0","0,0","0,0","0,0","0,0","0,0","1,0","0,0","","","","","","","","","","","","",""
195,"202302009,0",2023-01-28T00:00:00,09:04:00,COM VÍTIMA,FINALIZADA,CASA AMARELA,AV NORTE MIGUEL ARRAES DE ALENCAR,"",RUA PADRE LEMOS,COMA RUA PADRE LEMOS,CASA AMARELA,"","",ATROPELAMENTO DE PESSOA,"0,0","0,0","0,0","0,0","1,0","1,0","0,0","0,0","0,0","1,0","0,0","","","","","","","","","","","","",""
196,"202302020,0",2023-01-29T00:00:00,05:25:00,VÍTIMA FATAL,FINALIZADA,ESTÂNCIA,AV JOAO CABRAL DE MELO NETO,"","",PEÓXIMO A ANTIGA CERPE,ESTÂNCIA,"","",CHOQUE,"0,0","1,0","0,0","0,0","0,0","0,0","0,0","0,0","0,0","1,0","1,0","","","","","","","","","","","","",""
197,"202302050,0",2023-01-29T00:00:00,01:12:00,COM VÍTIMA,FINALIZADA,CABANGA,PTE GOVERNADOR PAULO GUERRA,"","",SOBRE A PONTE,CABANGA,"","",COLISÃO TRASEIRA,"1,0","1,0","0,0","0,0","0,0","0,0","0,0","0,0","0,0","1,0","0,0","","","","","","","","","","","","",""
198,"202302055,0",2023-01-29T00:00:00,04:08:00,COM VÍTIMA,FINALIZADA,IPSEP,AV RECIFE,1600,"",E/F A SAO PAULO VEICULOS S/T SUB,IPSEP,"","",COLISÃO TRASEIRA,"1,0","1,0","0,0","0,0","0,0","0,0","0,0","0,0","0,0","1,0","0,0","","","","","","","","","","","","",""
199,"202302069,0",2023-01-29T00:00:00,12:00:00,COM VÍTIMA,FINALIZADA,IBURA,AV DOIS RIOS,"",RUA RIO XINGU,NO SEMAFORO  351,IBURA,"","",COLISÃO LATERAL,"1,0","1,0","0,0","0,0","0,0","0,0","0,0","0,0","0,0","1,0","0,0","","","","","","","","","","","","",""
200,"202302077,0",2023-01-29T00:00:00,07:25:00,COM VÍTIMA,FINALIZADA,TEJIPIÓ,RUA FALCAO DE LACERDA,"",RUA PAPA JOAO VINTE E TRES,EM FRENTE A FÁBRICA DA PADARIA,TEJIPIÓ,"285,0","",COLISÃO FRONTAL,"0,0","2,0","0,0","0,0","0,0","0,0","0,0","0,0","0,0","2,0","0,0","","","","","","","","","","","","",""
201,"202302082,0",2023-01-29T00:00:00,10:11:00,COM VÍTIMA,FINALIZADA,CASA FORTE,AV DEZESSETE DE AGOSTO,"","","",CASA FORTE,"","",COLISÃO FRONTAL,"1,0","1,0","0,0","0,0","0,0","0,0","0,0","0,0","0,0","1,0","0,0","","","","","","","","","","","","",""
202,"202302105,0",2023-01-30T00:00:00,07:25:00,COM VÍTIMA,CANCELADA,MADALENA,AV CAXANGA,2083,"",PRÓX. À REVENDEDORA SEU CARRO PE,MADALENA,"",CIDADE,COLISÃO TRASEIRA,"1,0","1,0","0,0","0,0","0,0","0,0","0,0","0,0","0,0","1,0","0,0","","","","","","","","","","","","",""
203,"202302110,0",2023-01-30T00:00:00,08:43:00,COM VÍTIMA,FINALIZADA,ROSARINHO,AV NORTE MIGUEL ARRAES DE ALENCAR,"","","EM FRENTE AO POSTO DE GASOLINA IPIRANGA, SENT. MACAXEIRA",ROSARINHO,"81,0","",COLISÃO TRASEIRA,"0,0","1,0","0,0","0,0","0,0","1,0","0,0","0,0","0,0","1,0","0,0","","","","","","","","","","","","",""
204,"202302111,0",2023-01-30T00:00:00,08:46:00,COM VÍTIMA,CANCELADA,CASA AMARELA,RUA PADRE LEMOS,700,"",PROX A CLINICA DR ATENDE,CASA AMARELA,"","",COLISÃO LATERAL,"1,0","1,0","0,0","0,0","0,0","0,0","0,0","0,0","0,0","1,0","0,0","","","","","","","","","","","","",""
205,"202302117,0",2023-01-30T00:00:00,09:30:00,SEM VÍTIMA,FINALIZADA,APIPUCOS,RUA DE APIPUCOS,455,"",ALBUQUERQUE MOTORS,APIPUCOS,"",SUBURBIO,COLISÃO TRASEIRA,"1,0","0,0","0,0","0,0","0,0","0,0","1,0","0,0","0,0","0,0","0,0","","","","","","","","","","","","",""
206,"202302149,0",2023-01-30T00:00:00,02:49:00,SEM VÍTIMA,FINALIZADA,SANTO AMARO,AV NORTE MIGUEL ARRAES DE ALENCAR,"","",EM FRENTE A DROGARIA SANTO ANTONIO,SANTO AMARO,"97,0",SUBURBIO,COLISÃO TRASEIRA,"1,0","0,0","0,0","0,0","0,0","1,0","0,0","0,0","0,0","0,0","0,0","","","","","","","","","","","","",""
207,"202302151,0",2023-01-30T00:00:00,03:46:00,COM VÍTIMA,FINALIZADA,BOA VIAGEM,AV BOA VIAGEM,4298,"",EM FRENTE AO HOTEL EURO SUIT,BOA VIAGEM,"","",COLISÃO LATERAL,"1,0","1,0","0,0","0,0","0,0","0,0","0,0","0,0","0,0","1,0","0,0","","","","","","","","","","","","",""
208,"202302152,0",2023-01-30T00:00:00,03:49:00,SEM VÍTIMA,FINALIZADA,GRAÇAS,RUA DAS CREOULAS,194,AV RUI BARBOSA,AO LADO DO Nº 199 DA AVENIDA RUI BARBOSA,GRAÇAS,"102,0","","","1,0","0,0","0,0","0,0","0,0","1,0","0,0","0,0","0,0","0,0","0,0","","","","","","","","","","","","",""
209,"202302154,0",2023-01-30T00:00:00,04:07:00,COM VÍTIMA,FINALIZADA,BOA VIAGEM,AV BOA VIAGEM,"","",E/F A PADARIA BOA VIAGEM,BOA VIAGEM,"","",ATROPELAMENTO DE PESSOA,"0,0","1,0","0,0","0,0","1,0","0,0","0,0","0,0","0,0","1,0","0,0","","","","","","","","","","","","",""
210,"202302155,0",2023-01-30T00:00:00,04:15:00,COM VÍTIMA,FINALIZADA,BOA VIAGEM,RUA PROFESSOR ARNALDO CARNEIRO LEAO,146,RUA ANTONIO FALCAO,PROX AO SHOPPING RECIFE,BOA VIAGEM,"","",COLISÃO LATERAL,"1,0","1,0","0,0","0,0","0,0","0,0","0,0","0,0","0,0","1,0","0,0","","","","","","","","","","","","",""
211,"202302167,0",2023-01-30T00:00:00,07:25:00,COM VÍTIMA,CANCELADA,SÃO JOSÉ,RUA DA PRAIA,"","",AO LADO DA LOJA NARCISIO ENXOVAL,SÃO JOSÉ,"","",COLISÃO LATERAL,"1,0","1,0","0,0","0,0","0,0","0,0","0,0","0,0","0,0","1,0","0,0","","","","","","","","","","","","",""
212,"202302174,0",2023-01-31T00:00:00,02:07:00,COM VÍTIMA,FINALIZADA,AFOGADOS,RUA COSME VIANA,"","",APÓS A TUPAN,AFOGADOS,"","",COLISÃO LATERAL,"0,0","2,0","0,0","0,0","0,0","0,0","0,0","0,0","0,0","1,0","0,0","","","","","","","","","","","","",""
213,"202302178,0",2023-01-31T00:00:00,06:30:00,COM VÍTIMA,FINALIZADA,TORRE,RUA CONDE DE IRAJA,"",AV BEIRA RIO,CRUZAMENTO,TORRE,"","",COLISÃO LATERAL,"1,0","1,0","0,0","0,0","0,0","0,0","0,0","0,0","0,0","1,0","0,0","","","","","","","","","","","","",""
214,"202302196,0",2023-01-31T00:00:00,09:52:00,COM VÍTIMA,FINALIZADA,IPUTINGA,RUA MANOEL JOAQUIM DE ALMEIDA,3983,"",EM FRENTE A IPUTINGA AUTOMÓVEIS,IPUTINGA,"","",COLISÃO LATERAL,"1,0","1,0","0,0","0,0","0,0","0,0","0,0","0,0","0,0","1,0","0,0","","","","","","","","","","","","",""
215,"202302216,0",2023-01-31T00:00:00,11:57:00,COM VÍTIMA,FINALIZADA,IMBIRIBEIRA,AV MARECHAL MASCARENHAS DE MORAES,3421,"","PROX. MARDISA AUTOMOVEIS, SENT. AFOGADOS",IMBIRIBEIRA,"","",COLISÃO TRASEIRA,"1,0","1,0","0,0","0,0","0,0","0,0","0,0","0,0","0,0","2,0","0,0","","","","","","","","","","","","",""
216,"202302218,0",2023-01-31T00:00:00,12:19:00,COM VÍTIMA,DUPLICIDADE,ENCRUZILHADA,AV NORTE MIGUEL ARRAES DE ALENCAR,1795,"",EM RENTE A LOJA DA CHEEVROLET,ENCRUZILHADA,"","",COLISÃO LATERAL,"2,0","0,0","0,0","0,0","0,0","0,0","0,0","0,0","0,0","1,0","0,0","","","","","","","","","","","","",""
217,"202302222,0",2023-01-31T00:00:00,12:42:00,COM VÍTIMA,FINALIZADA,ESPINHEIRO,RUA GUADALUPE,"",AV NORTE MIGUEL ARRAES DE ALENCAR,LADO OPSTO A PRAÇA CASTRO ALVES,ESPINHEIRO,"","",COLISÃO TRANSVERSAL,"2,0","0,0","0,0","0,0","0,0","0,0","0,0","0,0","0,0","1,0","0,0","","","","","","","","","","","","",""
218,"202302229,0",2023-01-31T00:00:00,01:35:00,COM VÍTIMA,FINALIZADA,BOA VIAGEM,AVENIDA CELSO FURTADO (VIA MANGUE),"","","VIA MANGUE, PRÓXIMO AO RETORNO",BOA VIAGEM,"","",COLISÃO TRASEIRA,"1,0","1,0","0,0","0,0","0,0","0,0","0,0","0,0","0,0","1,0","0,0","","","","","","","","","","","","",""