_id,Protocolo,data,hora,natureza_acidente,situacao,bairro,endereco,numero,detalhe_endereco_acidente,complemento,bairro_cruzamento,num_semaforo,sentido_via,tipo,auto,moto,ciclom,ciclista,pedestre,onibus,caminhao,viatura,outros,vitimas,vitimasfatais,acidente_verificado,tempo_clima,situacao_semaforo,sinalizacao,condicao_via,conservacao_via,ponto_controle,situacao_placa,velocidade_max_via,mao_direcao,divisao_via1,divisao_via2,divisao_via3
219,"202302230,0",2023-01-31T00:00:00,01:49:00,SEM VÍTIMA,FINALIZADA,BEBERIBE,PRC DA CONVENCAO,59,"",EM FRENTE ESPOSENDE,BEBERIBE,"","",CHOQUE,"1,0","0,0","0,0","0,0","0,0","0,0","0,0","0,0","0,0","0,0","0,0","","","","","","","","","","","","",""
220,"202302233,0",2023-01-31T00:00:00,02:45:00,COM VÍTIMA,FINALIZADA,BOA VIAGEM,RUA PROFESSOR AUGUSTO LINS E SILVA,668,"",EM FRENTE AO EDIFICO COSTA DO SOL,BOA VIAGEM,"","",COLISÃO LATERAL,"1,0","1,0","0,0","0,0","0,0","0,0","0,0","0,0","0,0","1,0","0,0","","","","","","","","","","","","",""
221,"202302248,0",2023-01-31T00:00:00,06:11:00,SEM VÍTIMA,FINALIZADA,TORREÃO,AV GOVERNADOR AGAMENON MAGALHAES,3621,"",POSTO DE COMBUSTÍVEL PETROBRÁS,TORREÃO,"379,0",CIDADE,"","0,0","1,0","0,0","0,0","0,0","0,0","0,0","1,0","0,0","0,0","0,0","","","","","","","","","","","","",""
222,"202302249,0",2023-01-31T00:00:00,06:20:00,COM VÍTIMA,FINALIZADA,BEBERIBE,AV BEBERIBE,"","",LOJÃO DO PETROLEO,BEBERIBE,"","",COLISÃO LATERAL,"1,0","1,0","0,0","0,0","0,0","0,0","0,0","0,0","0,0","1,0","0,0","","","","","","","","","","","","",""
223,"202302254,0",2023-01-31T00:00:00,07:05:00,COM VÍTIMA,FINALIZADA,CASA AMARELA,RUA CONS PERETTI,"","",PRÓX. AO POLO EAD DA FACULDADE ESTÁCIO,CASA AMARELA,"","",COLISÃO TRANSVERSAL,"0,0","3,0","0,0","0,0","0,0","0,0","0,0","0,0","0,0","2,0","0,0","","","","","","","","","","","","",""
224,"202302255,0",2023-01-31T00:00:00,07:40:00,COM VÍTIMA,FINALIZADA,IMBIRIBEIRA,AV MARECHAL MASCARENHAS DE MORAES,"","",DEZ METROS ANTES DA PONTE MOTOCOLOMBÓ,IMBIRIBEIRA,"","",ATROPELAMENTO DE PESSOA,"0,0","0,0","0,0","0,0","2,0","0,0","1,0","0,0","0,0","2,0","0,0","","","","","","","","","","","","",""
225,"202302256,0",2023-01-31T00:00:00,07:46:00,COM VÍTIMA,FINALIZADA,CORDEIRO,AV CAXANGA,"",AV GENERAL SAN MARTIN,"",CORDEIRO,"","",COLISÃO COM CICLISTA,"0,0","1,0","0,0","1,0","0,0","0,0","0,0","0,0","0,0","2,0","0,0","","","","","","","","","","","","",""
226,"202302261,0",2023-01-31T00:00:00,09:40:00,COM VÍTIMA,FINALIZADA,SANTO AMARO,AV DR JAYME DA FONTE,"","",PRÓX A COMPESA,SANTO AMARO,"",CIDADE,QUEDA,"0,0","1,0","0,0","0,0","0,0","0,0","0,0","0,0","0,0","1,0","0,0","","","","","","","","","","","","",""
227,"202302263,0",2023-01-31T00:00:00,10:11:00,SEM VÍTIMA,FINALIZADA,SÃO JOSÉ,RUA IMPERIAL,1222,RUA BOM SUCESSO,"",SÃO JOSÉ,"",SUBURBIO,"","0,0","1,0","0,0","0,0","0,0","0,0","0,0","1,0","0,0","0,0","0,0","","","","","","","","","","","","",""
228,"202302274,0",2023-02-01T00:00:00,06:39:00,COM VÍTIMA,FINALIZADA,CASA AMARELA,RUA DES GOIS CAVALCANTE,128,"",EM FRENTE A FARMÁCIA INDEPENDENTE E PROX AO HOSPITAL AGAMENON MAGALHÃES,CASA AMARELA,"","",ATROPELAMENTO DE PESSOA,"1,0","0,0","0,0","0,0","1,0","0,0","0,0","0,0","0,0","1,0","0,0","","","","","","","","","","","","",""
229,"202302286,0",2023-02-01T00:00:00,08:03:00,COM VÍTIMA,FINALIZADA,CAMPO GRANDE,EST DE BELEM,1782,"",EM FRENTE AO POSTO TOTAL/PETRONAC,CAMPO GRANDE,"","",COLISÃO FRONTAL,"1,0","1,0","0,0","0,0","0,0","0,0","0,0","0,0","0,0","1,0","0,0","","","","","","","","","","","","",""
230,"202302314,0",2023-02-01T00:00:00,12:06:00,SEM VÍTIMA,FINALIZADA,SÃO JOSÉ,AV MARTINS DE BARROS,"","",EM FRENTE AO TERMINAL DE CAIS DE SANTA RITA,SÃO JOSÉ,"383,0",CIDADE,COLISÃO TRASEIRA,"2,0","0,0","0,0","0,0","0,0","0,0","0,0","0,0","0,0","0,0","0,0","","","","","","","","","","","","",""
231,"202302321,0",2023-02-01T00:00:00,01:37:00,COM VÍTIMA,FINALIZADA,IPUTINGA,AV MAURICIO DE NASSAU,396,"",NA FRENTE DA CLINICA FASES,IPUTINGA,"","",COLISÃO TRASEIRA,"3,0","0,0","0,0","0,0","0,0","0,0","0,0","0,0","0,0","1,0","0,0","","","","","","","","","","","","",""
232,"202302322,0",2023-02-01T00:00:00,02:00:00,SEM VÍTIMA,FINALIZADA,"",RUA ALTO JOSE BONIFACIO,"","","","","",SUBURBIO,"","1,0","1,0","0,0","0,0","0,0","0,0","0,0","0,0","0,0","0,0","0,0","","","","","","","","","","","","",""
233,"202302335,0",2023-02-01T00:00:00,05:04:00,COM VÍTIMA,FINALIZADA,ENCRUZILHADA,AV NORTE MIGUEL ARRAES DE ALENCAR,2970,RUA BELMIRO CORREIA,TERRAÇO ROSARINHO,ENCRUZILHADA,"","",COLISÃO LATERAL,"0,0","1,0","0,0","0,0","0,0","1,0","0,0","0,0","0,0","1,0","0,0","","","","","","","","","","","","",""
234,"202302359,0",2023-02-02T00:00:00,08:06:00,COM VÍTIMA,FINALIZADA,TAMARINEIRA,AV NORTE MIGUEL ARRAES DE ALENCAR,"",EST VELHA DE AGUA FRIA,"",TAMARINEIRA,"","",ATROPELAMENTO DE PESSOA,"0,0","0,0","0,0","0,0","1,0","0,0","0,0","0,0","0,0","1,0","0,0","","","","","","","","","","","","",""
235,"202302363,0",2023-02-02T00:00:00,08:53:00,COM VÍTIMA,FINALIZADA,SANTO AMARO,AV NORTE MIGUEL ARRAES DE ALENCAR,801,"",EM FRENTE A HELIAR,SANTO AMARO,"","",ATROPELAMENTO DE PESSOA,"0,0","0,0","0,0","0,0","1,0","0,0","0,0","0,0","0,0","1,0","0,0","","","","","","","","","","","","",""
236,"202302375,0",2023-02-02T00:00:00,10:19:00,COM VÍTIMA,FINALIZADA,CAXANGÁ,AV CAXANGA,522,"","",CAXANGÁ,"","",COLISÃO TRANSVERSAL,"1,0","1,0","0,0","0,0","0,0","0,0","0,0","0,0","0,0","1,0","0,0","","","","","","","","","","","","",""
237,"202302376,0",2023-02-02T00:00:00,10:19:00,COM VÍTIMA,FINALIZADA,MUSTARDINHA,RUA VINTE E UM DE ABRIL,"",RUA JOSE MIRANDA,"",MUSTARDINHA,"","",COLISÃO LATERAL,"1,0","1,0","0,0","0,0","0,0","0,0","0,0","0,0","0,0","1,0","0,0","","","","","","","","","","","","",""
238,"202302382,0",2023-02-02T00:00:00,11:40:00,COM VÍTIMA,FINALIZADA,MADALENA,AV VISCONDE DE ALBUQUERQUE,836,"","",MADALENA,"","",COLISÃO TRASEIRA,"1,0","1,0","0,0","0,0","0,0","0,0","0,0","0,0","0,0","1,0","0,0","","","","","","","","","","","","",""
239,"202302408,0",2023-02-02T00:00:00,04:42:00,COM VÍTIMA,FINALIZADA,SÃO JOSÉ,RUA IMPERIAL,1069,"",E/F AO HOTEL CRISTAL   BATEDOR DA MOTO 40 E 30 NO LOCAL,SÃO JOSÉ,"","",COLISÃO LATERAL,"1,0","1,0","0,0","0,0","0,0","0,0","0,0","0,0","0,0","1,0","0,0","","","","","","","","","","","","",""
240,"202302416,0",2023-02-02T00:00:00,07:20:00,COM VÍTIMA,FINALIZADA,IPSEP,RUA JEAN EMILE FAVRE,1261,"","",IPSEP,"","",COLISÃO LATERAL,"0,0","0,0","0,0","1,0","0,0","1,0","0,0","0,0","0,0","1,0","0,0","","","","","","","","","","","","",""
241,"202302417,0",2023-02-02T00:00:00,07:20:00,COM VÍTIMA,FINALIZADA,IBURA,AV DOIS RIOS,"","",PRÓX. A POLICLÍNICA DO IBURA,IBURA,"","",COLISÃO LATERAL,"0,0","2,0","0,0","0,0","0,0","0,0","0,0","0,0","0,0","1,0","0,0","","","","","","","","","","","","",""
242,"202302425,0",2023-02-03T00:00:00,12:13:00,COM VÍTIMA,FINALIZADA,CABANGA,PTE AGAMENON MAGALHAES,"","","LARGO DO CABANGA, AO LADO DO CABANGA IATE CLUBE",CABANGA,"","",COLISÃO TRASEIRA,"0,0","0,0","0,0","0,0","0,0","0,0","0,0","0,0","0,0","2,0","0,0","","","","","","","","","","","","",""
243,"202302436,0",2023-02-03T00:00:00,07:08:00,COM VÍTIMA,FINALIZADA,IMBIRIBEIRA,RUA JOAQUIM BANDEIRA,268,"",EM BAIXO DO PONTILHÃO DA ESTAÇÃO DE METRÔ ANTÕNIO FALCÃO / EM FRENTE A MICHELE PEDROSA ADVOGADOS,IMBIRIBEIRA,"","",COLISÃO LATERAL,"1,0","1,0","0,0","0,0","0,0","0,0","0,0","0,0","0,0","1,0","0,0","","","","","","","","","","","","",""
244,"202302449,0",2023-02-03T00:00:00,09:15:00,COM VÍTIMA,FINALIZADA,TORRE,RUA JOSE BONIFACIO,"",RUA PADRE ANCHIETA,"",TORRE,"193,0","",COLISÃO LATERAL,"1,0","1,0","0,0","0,0","0,0","0,0","0,0","0,0","0,0","1,0","0,0","","","","","","","","","","","","",""
245,"202302491,0",2023-02-03T00:00:00,01:56:00,COM VÍTIMA,FINALIZADA,IMBIRIBEIRA,RUA JOAQUIM BANDEIRA,"","",EM BAIXO DO PAVILHÃO DO METRÔ DA ANTÔNIO FALCÃO,IMBIRIBEIRA,"","",COLISÃO LATERAL,"1,0","1,0","0,0","0,0","0,0","0,0","0,0","0,0","0,0","1,0","0,0","","","","","","","","","","","","",""
246,"202302493,0",2023-02-03T00:00:00,03:00:00,SEM VÍTIMA,FINALIZADA,SANTO ANTÔNIO,RUA IMPERADOR PEDRO SEGUNDO,239,"",APÓS O EDIFÍCIO PAULA BAPTISTA,SANTO ANTÔNIO,"206,0","",COLISÃO TRASEIRA,"1,0","1,0","0,0","0,0","0,0","0,0","1,0","0,0","0,0","0,0","0,0","","","","","","","","","","","","",""
247,"202302502,0",2023-02-03T00:00:00,05:29:00,COM VÍTIMA,FINALIZADA,PINA,AVENIDA CELSO FURTADO (VIA MANGUE),"","",AO LADO DO AEROCLUBE/ SENTIDO BOA VIAGEM,PINA,"","",COLISÃO TRASEIRA,"1,0","1,0","0,0","0,0","0,0","0,0","0,0","0,0","0,0","1,0","0,0","","","","","","","","","","","","",""
248,"202302522,0",2023-02-03T00:00:00,07:52:00,COM VÍTIMA,FINALIZADA,CAMPO GRANDE,RUA MARQUES DE BAIPENDI,546,"","",CAMPO GRANDE,"","",COLISÃO FRONTAL,"0,0","1,0","0,0","0,0","0,0","1,0","0,0","0,0","0,0","1,0","0,0","","","","","","","","","","","","",""
249,"202302526,0",2023-02-03T00:00:00,09:39:00,SEM VÍTIMA,FINALIZADA,IMBIRIBEIRA,AV PRESIDENTE DUTRA,1290,"","",IMBIRIBEIRA,"",CIDADE,CHOQUE,"0,0","0,0","0,0","0,0","0,0","0,0","1,0","0,0","0,0","0,0","0,0","","","","","","","","","","","","",""
250,"202302571,0",2023-02-04T00:00:00,10:14:00,COM VÍTIMA,FINALIZADA,IPUTINGA,AV CAXANGA,3010,"","",IPUTINGA,"","",CHOQUE,"1,0","0,0","0,0","0,0","0,0","0,0","0,0","0,0","0,0","1,0","0,0","","","","","","","","","","","","",""
251,"202302593,0",2023-02-04T00:00:00,12:32:00,COM VÍTIMA,FINALIZADA,TORRÕES,AV BICENTENARIO DA REVOLUCAO FRANCESA,45,"",LOGINHA FRANCYS,TORRÕES,"","",COLISÃO LATERAL,"1,0","1,0","0,0","0,0","0,0","0,0","0,0","0,0","0,0","1,0","0,0","","","","","","","","","","","","",""
252,"202302597,0",2023-02-04T00:00:00,01:03:00,COM VÍTIMA,DUPLICIDADE,TORRÕES,AV BICENTENARIO DA REVOLUCAO FRANCESA,45,"",LOGINHA FRANCYS,TORRÕES,"","",COLISÃO LATERAL,"1,0","1,0","0,0","0,0","0,0","0,0","0,0","0,0","0,0","1,0","0,0","","","","","","","","","","","","",""
253,"202302603,0",2023-02-04T00:00:00,02:06:00,SEM VÍTIMA,FINALIZADA,ÁGUA FRIA,RUA DR PEREIRA DA SILVA,84,AV BEBERIBE,DEPOSITO DE BEBIDAS ITALIANO,ÁGUA FRIA,"","",COLISÃO FRONTAL,"2,0","0,0","0,0","0,0","0,0","0,0","0,0","0,0","0,0","0,0","0,0","","","","","","","","","","","","",""
254,"202302609,0",2023-02-04T00:00:00,03:00:00,COM VÍTIMA,FINALIZADA,PAISSANDU,AV GOVERNADOR AGAMENON MAGALHAES,"","",REF: LADO OPDSTO AO LABORATÓRIO HUTZ,PAISSANDU,"","",COLISÃO TRANSVERSAL,"0,0","1,0","0,0","0,0","0,0","0,0","0,0","0,0","0,0","2,0","0,0","","","","","","","","","","","","",""
255,"202302616,0",2023-02-04T00:00:00,03:20:00,SEM VÍTIMA,FINALIZADA,IMBIRIBEIRA,AV SUL,"","",AREA INTERNA DO T.I. TANCREDO NEVES,IMBIRIBEIRA,"","","","1,0","0,0","0,0","0,0","0,0","1,0","0,0","0,0","0,0","0,0","0,0","","","","","","","","","","","","",""
256,"202302617,0",2023-02-04T00:00:00,03:34:00,SEM VÍTIMA,FINALIZADA,SANTO AMARO,RUA DA FRATERNIDADE,56,"",AO LADO DO SHOPPING TACARUNA,SANTO AMARO,"",CIDADE,CHOQUE,"0,0","0,0","0,0","0,0","0,0","0,0","0,0","1,0","0,0","0,0","0,0","","","","","","","","","","","","",""
257,"202302621,0",2023-02-04T00:00:00,04:27:00,COM VÍTIMA,FINALIZADA,IMBIRIBEIRA,RUA ITACARI,"","",PROX AO BANCO ITAU,IMBIRIBEIRA,"","",COLISÃO LATERAL,"0,0","1,0","0,0","0,0","0,0","0,0","1,0","0,0","0,0","1,0","0,0","","","","","","","","","","","","",""
258,"202302686,0",2023-02-05T00:00:00,01:02:00,COM VÍTIMA,FINALIZADA,SANTO AMARO,RUA DOS PALMARES,"","",AO LADO DO CEMITERIO,SANTO AMARO,"","",COLISÃO LATERAL,"1,0","1,0","0,0","0,0","0,0","0,0","0,0","0,0","0,0","1,0","0,0","","","","","","","","","","","","",""
259,"202302701,0",2023-02-05T00:00:00,02:44:00,COM VÍTIMA,FINALIZADA,BOMBA DO HEMETÉRIO,RUA BOMBA DO HEMETERIO,"","",EM FRENTE A FUNERARIA CANAA,BOMBA DO HEMETÉRIO,"","",COLISÃO FRONTAL,"1,0","1,0","0,0","0,0","0,0","0,0","0,0","0,0","0,0","1,0","0,0","","","","","","","","","","","","",""
260,"202302703,0",2023-02-05T00:00:00,03:26:00,SEM VÍTIMA,FINALIZADA,ILHA DO RETIRO,RUA SPORT CLUBE DO RECIFE,"",AV JOSE GONCALVES DE MEDEIROS,SEMÁFORO 355,ILHA DO RETIRO,"355,0",CIDADE,"","1,0","0,0","0,0","0,0","0,0","0,0","0,0","1,0","0,0","0,0","0,0","","","","","","","","","","","","",""
261,"202302704,0",2023-02-05T00:00:00,03:54:00,SEM VÍTIMA,FINALIZADA,AFOGADOS,RUA SAO MIGUEL,"",RUA JOAQUIM DE VASCONCELOS PEREIRA,"",AFOGADOS,"","",COLISÃO TRANSVERSAL,"2,0","0,0","0,0","0,0","0,0","0,0","0,0","0,0","0,0","0,0","0,0","","","","","","","","","","","","",""
262,"202302737,0",2023-02-05T00:00:00,07:23:00,COM VÍTIMA,FINALIZADA,SAN MARTIN,RUA VINTE E UM DE ABRIL,"","",EM FRENTE AO TERMINAL DE ONIBUS DA MANGUEIRA,SAN MARTIN,"","",COLISÃO FRONTAL,"1,0","1,0","0,0","0,0","0,0","0,0","0,0","0,0","0,0","1,0","0,0","","","","","","","","","","","","",""
263,"202302738,0",2023-02-05T00:00:00,07:44:00,SEM VÍTIMA,CANCELADA,BREJO DE BEBERIBE,RUA FRANCISCO CAMARINO,"","",NA ESQUINA DO RECANTO DA ROSE,BREJO DE BEBERIBE,"","",COLISÃO LATERAL,"2,0","0,0","0,0","0,0","0,0","0,0","0,0","0,0","0,0","0,0","0,0","","","","","","","","","","","","",""
264,"202302741,0",2023-02-05T00:00:00,08:57:00,COM VÍTIMA,FINALIZADA,SANTO AMARO,RUA DOS PALMARES,"",RUA TREZE DE MAIO,CRUZAMENTO C/A RUA 13 DE MAIO,SANTO AMARO,"30,0","",COLISÃO TRANSVERSAL,"0,0","2,0","0,0","0,0","0,0","0,0","0,0","0,0","0,0","3,0","0,0","","","","","","","","","","","","",""
265,"202302804,0",2023-02-06T00:00:00,03:12:00,SEM VÍTIMA,FINALIZADA,SÃO JOSÉ,C SANTA RITA,695,"",LADO OPOSTO AO CLUBE DE PESCA,SÃO JOSÉ,"",SUBURBIO,CHOQUE,"1,0","0,0","0,0","0,0","0,0","0,0","0,0","0,0","0,0","0,0","0,0","","","","","","","","","","","","",""
266,"202302822,0",2023-02-06T00:00:00,06:21:00,COM VÍTIMA,FINALIZADA,MADALENA,AV VISCONDE DE ALBUQUERQUE,401,"",MADALENA CENTER,MADALENA,"","",COLISÃO LATERAL,"1,0","1,0","0,0","0,0","0,0","0,0","0,0","0,0","0,0","1,0","0,0","","","","","","","","","","","","",""
267,"202302823,0",2023-02-06T00:00:00,06:38:00,COM VÍTIMA,FINALIZADA,CORDEIRO,AV INACIO MONTEIRO,167,"",NA FRENTE DO EMPRESARIAL 167,CORDEIRO,"","",COLISÃO LATERAL,"1,0","1,0","0,0","0,0","0,0","0,0","0,0","0,0","0,0","1,0","0,0","","","","","","","","","","","","",""
268,"202302830,0",2023-02-06T00:00:00,08:03:00,COM VÍTIMA,FINALIZADA,AREIAS,AV DR JOSE RUFINO,167,"",ANTIGO CARTÓRIO DE AREIAS,AREIAS,"","",COLISÃO FRONTAL,"1,0","1,0","0,0","0,0","0,0","0,0","0,0","0,0","0,0","1,0","0,0","","","","","","","","","","","","",""
269,"202302852,0",2023-02-07T00:00:00,09:26:00,COM VÍTIMA,FINALIZADA,SANTO AMARO,AV GOVERNADOR AGAMENON MAGALHAES,"","",PROX ANTIGA FABRICA TACARUNA /  AO LADO  DA UPINHA PASSOS BEZERRA,SANTO AMARO,"","",COLISÃO LATERAL,"3,0","1,0","0,0","0,0","0,0","0,0","0,0","0,0","0,0","1,0","0,0","","","","","","","","","","","","",""
270,"202302855,0",2023-02-07T00:00:00,10:05:00,SEM VÍTIMA,FINALIZADA,TORRE,AV BEIRA RIO,591,"","",TORRE,"691,0",SUBURBIO,COLISÃO TRASEIRA,"2,0","0,0","0,0","0,0","0,0","0,0","0,0","0,0","0,0","0,0","0,0","","","","","","","","","","","","",""
271,"202302869,0",2023-02-07T00:00:00,11:44:00,COM VÍTIMA,FINALIZADA,SANTO AMARO,AV RECIFE,2739,"",EM FRENTE A PIZZARIA ATLANTICO E FARMÁCIAS PAGUE MENOS,SANTO AMARO,"","",COLISÃO TRASEIRA,"1,0","1,0","0,0","0,0","0,0","0,0","0,0","0,0","0,0","1,0","0,0","","","","","","","","","","","","",""
272,"202302893,0",2023-02-07T00:00:00,04:10:00,COM VÍTIMA,FINALIZADA,BOA VIAGEM,RUA CAPITAO ZUZINHA,"",RUA SA E SOUZA,PROXIMO AO SEMAFORO 420,BOA VIAGEM,"420,0","",ATROPELAMENTO DE PESSOA,"0,0","0,0","0,0","0,0","1,0","1,0","0,0","0,0","0,0","1,0","0,0","","","","","","","","","","","","",""
273,"202302895,0",2023-02-07T00:00:00,04:14:00,COM VÍTIMA,CANCELADA,IBURA,RUA RIO PAJEU,"","",PADARIA CRISTO REI,IBURA,"","",ATROPELAMENTO DE PESSOA,"0,0","0,0","0,0","0,0","1,0","1,0","0,0","0,0","0,0","1,0","0,0","","","","","","","","","","","","",""
274,"202302897,0",2023-02-07T00:00:00,04:37:00,COM VÍTIMA,FINALIZADA,IMBIRIBEIRA,RUA ITAJAI,246,RUA ITACARI,PROX A LOCADORA MOVIDA,IMBIRIBEIRA,"",CIDADE,COLISÃO LATERAL,"1,0","1,0","0,0","0,0","0,0","0,0","0,0","0,0","0,0","1,0","0,0","","","","","","","","","","","","",""
275,"202302933,0",2023-02-08T00:00:00,07:50:00,COM VÍTIMA,FINALIZADA,PINA,VIADUTO CAPITAO TEMUDO,"","","EM CIMA DO VIADUTO, PROX AO CABANGA",PINA,"","",COLISÃO LATERAL,"1,0","1,0","0,0","0,0","0,0","0,0","0,0","0,0","0,0","1,0","0,0","","","","","","","","","","","","",""
276,"202302936,0",2023-02-08T00:00:00,08:30:00,COM VÍTIMA,FINALIZADA,MADALENA,RUA JOSE OSORIO,877,"",EM FRENTE A AUTO MORAIS MULTIMARCAS,MADALENA,"","",COLISÃO LATERAL,"1,0","1,0","0,0","0,0","0,0","0,0","0,0","0,0","0,0","1,0","0,0","","","","","","","","","","","","",""
277,"202302937,0",2023-02-08T00:00:00,08:36:00,SEM VÍTIMA,FINALIZADA,BAIRRO DO RECIFE,CAIS DO APOLO,"","",BANCO DO BRASIL,BAIRRO DO RECIFE,"",CIDADE,"","1,0","0,0","0,0","0,0","0,0","0,0","1,0","0,0","0,0","0,0","0,0","","","","","","","","","","","","",""
278,"202302985,0",2023-02-08T00:00:00,02:28:00,COM VÍTIMA,FINALIZADA,PRADO,RUA PADRE TEOFILO TWORZ,295,RUA SANTA EDWIRGES,E/F  A IGREJA PRESBITERIANA DO PRADO,PRADO,"","",COLISÃO LATERAL,"1,0","1,0","0,0","0,0","0,0","0,0","0,0","0,0","0,0","1,0","0,0","","","","","","","","","","","","",""
279,"202302994,0",2023-02-08T00:00:00,04:02:00,SEM VÍTIMA,FINALIZADA,SANTO AMARO,AV NORTE MIGUEL ARRAES DE ALENCAR,884,"",CENTRO DA JUVENTUDE DE SANTO AMARO,SANTO AMARO,"397,0",SUBURBIO,COLISÃO TRASEIRA,"1,0","0,0","0,0","0,0","0,0","0,0","1,0","0,0","0,0","0,0","0,0","","","","","","","","","","","","",""
280,"202302997,0",2023-02-08T00:00:00,04:55:00,COM VÍTIMA,FINALIZADA,ARRUDA,AV PROFESSOR JOSE DOS ANJOS,327,"",LADO OPOSTO A VIA SUL/ SENTIDO CAMPO DO ARRUDA,ARRUDA,"","",COLISÃO TRASEIRA,"1,0","1,0","0,0","0,0","0,0","0,0","0,0","0,0","0,0","1,0","0,0","","","","","","","","","","","","",""
281,"202302999,0",2023-02-08T00:00:00,06:09:00,COM VÍTIMA,FINALIZADA,IPUTINGA,AV CAXANGA,"","",EM FRENTE AO BOM PREÇO DA CAXANGÁ,IPUTINGA,"","",ATROPELAMENTO DE PESSOA,"0,0","0,0","0,0","0,0","1,0","1,0","0,0","0,0","0,0","1,0","0,0","","","","","","","","","","","","",""
282,"202303000,0",2023-02-08T00:00:00,06:20:00,COM VÍTIMA,FINALIZADA,IMBIRIBEIRA,RUA JAMAICA,324,"",FACULDADE BOA VIAGEM,IMBIRIBEIRA,"","",ATROPELAMENTO DE PESSOA,"1,0","0,0","0,0","0,0","1,0","0,0","0,0","0,0","0,0","1,0","0,0","","","","","","","","","","","","",""
283,"202303003,0",2023-02-08T00:00:00,06:44:00,COM VÍTIMA,FINALIZADA,CORDEIRO,RUA GOMES TABORDA,"","",JOCKEY CLUB,CORDEIRO,"","",ATROPELAMENTO DE PESSOA,"1,0","0,0","0,0","0,0","1,0","0,0","0,0","0,0","0,0","1,0","0,0","","","","","","","","","","","","",""
284,"202303029,0",2023-02-09T00:00:00,06:47:00,COM VÍTIMA,CANCELADA,CASA AMARELA,EST DO ARRAIAL,"","",EM FRENTE AO SITIO DA TRINDADE,CASA AMARELA,"","",COLISÃO COM CICLISTA,"1,0","0,0","0,0","1,0","0,0","0,0","0,0","0,0","0,0","1,0","0,0","","","","","","","","","","","","",""
285,"202303032,0",2023-02-09T00:00:00,07:05:00,COM VÍTIMA,FINALIZADA,IBURA,AV DOM HELDER CAMARA,251,"",EM FRENTE AO ARMAZÉM CORAL E AO NÚCLEO DA POLÍCIA MILITAR,IBURA,"","",COLISÃO LATERAL,"1,0","1,0","0,0","0,0","0,0","0,0","0,0","0,0","0,0","1,0","0,0","","","","","","","","","","","","",""
286,"202303033,0",2023-02-09T00:00:00,07:08:00,COM VÍTIMA,FINALIZADA,CAMPO GRANDE,EST DE BELEM,282,"",EM FRENTE A IGREJA DE BELEM,CAMPO GRANDE,"","",COLISÃO LATERAL,"1,0","1,0","0,0","0,0","0,0","0,0","0,0","0,0","0,0","2,0","0,0","","","","","","","","","","","","",""
287,"202303038,0",2023-02-09T00:00:00,07:29:00,COM VÍTIMA,FINALIZADA,ARRUDA,AV BEBERIBE,1217,"",EM FRENTE A LOJA COBRA CORAL E AO CERPE,ARRUDA,"","",COLISÃO TRASEIRA,"2,0","1,0","0,0","0,0","0,0","0,0","0,0","0,0","0,0","1,0","0,0","","","","","","","","","","","","",""
288,"202303060,0",2023-02-09T00:00:00,10:33:00,SEM VÍTIMA,FINALIZADA,BRASÍLIA TEIMOSA,RUA BADEJO,100,"",EM FRENTE AO Nº 100,BRASÍLIA TEIMOSA,"",SUBURBIO,"","0,0","0,0","0,0","0,0","0,0","1,0","1,0","0,0","0,0","0,0","0,0","","","","","","","","","","","","",""
289,"202303068,0",2023-02-09T00:00:00,12:11:00,COM VÍTIMA,FINALIZADA,CASA AMARELA,AV NORTE MIGUEL ARRAES DE ALENCAR,5010,"",EM FRENTE A IGREJA DO AMOR,CASA AMARELA,"","",QUEDA,"0,0","1,0","0,0","0,0","0,0","0,0","0,0","0,0","0,0","1,0","0,0","","","","","","","","","","","","",""
290,"202303128,0",2023-02-09T00:00:00,07:28:00,SEM VÍTIMA,FINALIZADA,GUABIRABA,AV EMBAIXADOR ASSIS CHATEAUBRIAND,"","","",GUABIRABA,"",SUBURBIO,CHOQUE,"0,0","0,0","0,0","0,0","0,0","0,0","0,0","1,0","0,0","0,0","0,0","","","","","","","","","","","","",""
291,"202303146,0",2023-02-10T00:00:00,07:39:00,COM VÍTIMA,FINALIZADA,PINA,AVENIDA CELSO FURTADO (VIA MANGUE),"","",PROX AO DECIMO NONO BATALHÃO DE POLICIA,PINA,"","",COLISÃO TRASEIRA,"1,0","1,0","0,0","0,0","0,0","0,0","0,0","0,0","0,0","1,0","0,0","","","","","","","","","","","","",""
292,"202303152,0",2023-02-10T00:00:00,08:04:00,COM VÍTIMA,FINALIZADA,ENCRUZILHADA,AV BEBERIBE,552,"",EM FRENTE A ACADEMIA MATH FIT,ENCRUZILHADA,"","",COLISÃO FRONTAL,"1,0","1,0","0,0","0,0","0,0","0,0","0,0","0,0","0,0","1,0","0,0","","","","","","","","","","","","",""