_id,Protocolo,data,hora,natureza_acidente,situacao,bairro,endereco,numero,detalhe_endereco_acidente,complemento,bairro_cruzamento,num_semaforo,sentido_via,tipo,auto,moto,ciclom,ciclista,pedestre,onibus,caminhao,viatura,outros,vitimas,vitimasfatais,acidente_verificado,tempo_clima,situacao_semaforo,sinalizacao,condicao_via,conservacao_via,ponto_controle,situacao_placa,velocidade_max_via,mao_direcao,divisao_via1,divisao_via2,divisao_via3
293,"202303198,0",2023-02-10T00:00:00,12:25:00,COM VÍTIMA,FINALIZADA,BOA VIAGEM,RUA PADRE CARAPUCEIRO,777,"","ESTACIONAMENTO DO SHOPPING RECIFE SETOR C, RUA C2, PROXIMO A RENNER",BOA VIAGEM,"","",ATROPELAMENTO DE PESSOA,"1,0","0,0","0,0","0,0","1,0","0,0","0,0","0,0","0,0","1,0","0,0","","","","","","","","","","","","",""
294,"202303216,0",2023-02-10T00:00:00,01:56:00,COM VÍTIMA,FINALIZADA,PARNAMIRIM,RUA DES GOIS CAVALCANTE,316,"",APÓS O PÃO DE AÇUCA,PARNAMIRIM,"","",COLISÃO LATERAL,"2,0","1,0","0,0","0,0","0,0","0,0","0,0","0,0","0,0","1,0","0,0","","","","","","","","","","","","",""
295,"202303229,0",2023-02-10T00:00:00,03:55:00,SEM VÍTIMA,CANCELADA,PINA,AVENIDA CELSO FURTADO (VIA MANGUE),"","",PONTE ESTAIADA,PINA,"","",COLISÃO TRASEIRA,"1,0","1,0","0,0","0,0","0,0","0,0","0,0","0,0","0,0","0,0","0,0","","","","","","","","","","","","",""
296,"202303232,0",2023-02-10T00:00:00,04:28:00,COM VÍTIMA,FINALIZADA,BOA VIAGEM,RUA VISCONDE DE JEQUITINHONHA,518,"",EM FRENTE A CONCESSIONARIA LOCALIZA,BOA VIAGEM,"","",COLISÃO LATERAL,"1,0","1,0","0,0","0,0","0,0","0,0","0,0","0,0","0,0","1,0","0,0","","","","","","","","","","","","",""
297,"202303237,0",2023-02-10T00:00:00,04:47:00,COM VÍTIMA,DUPLICIDADE,BOA VIAGEM,RUA VISCONDE DE JEQUITINHONHA,518,"",EM FRENTE AO EDIFICIO CONDE DE NASSAU,BOA VIAGEM,"","",COLISÃO LATERAL,"1,0","1,0","0,0","0,0","0,0","0,0","0,0","0,0","0,0","1,0","0,0","","","","","","","","","","","","",""
298,"202303257,0",2023-02-10T00:00:00,10:34:00,COM VÍTIMA,FINALIZADA,IPSEP,AV RECIFE,1600,"",SPJ SÃO PAULO LOJA DE VEÍCULOS,IPSEP,"212,0",SUBURBIO,COLISÃO TRASEIRA,"1,0","0,0","0,0","1,0","0,0","0,0","0,0","0,0","0,0","1,0","0,0","","","","","","","","","","","","",""
299,"202303258,0",2023-02-10T00:00:00,10:48:00,COM VÍTIMA,FINALIZADA,BOA VIAGEM,RUA DOS NAVEGANTES,2294,"",POR TRAS DA GALERIA JOÃO ROMA,BOA VIAGEM,"","",COLISÃO LATERAL,"1,0","1,0","0,0","0,0","0,0","0,0","0,0","0,0","0,0","1,0","0,0","","","","","","","","","","","","",""
300,"202303259,0",2023-02-10T00:00:00,10:54:00,COM VÍTIMA,FINALIZADA,ENCRUZILHADA,RUA DONA JULIETA,"",EST DE BELEM,EM FRENTE A IGREJA DE BELEM,ENCRUZILHADA,"","",COLISÃO TRANSVERSAL,"1,0","1,0","0,0","0,0","0,0","0,0","0,0","0,0","0,0","2,0","0,0","","","","","","","","","","","","",""
301,"202303292,0",2023-02-11T00:00:00,11:57:00,COM VÍTIMA,FINALIZADA,BOA VISTA,AV VISCONDE DE SUASSUNA,775,RUA GOUVEIA DE BARROS,APÓS À ESCOLA TÉCNICA IRMÃ DULCE,BOA VISTA,"",SUBURBIO,COLISÃO LATERAL,"1,0","1,0","0,0","0,0","0,0","0,0","0,0","0,0","0,0","1,0","0,0","","","","","","","","","","","","",""
302,"202303297,0",2023-02-11T00:00:00,12:23:00,COM VÍTIMA,FINALIZADA,TEJIPIÓ,RUA FALCAO DE LACERDA,506,"",EM FRENTE A PRAÇA DO PACHECO,TEJIPIÓ,"","",COLISÃO FRONTAL,"0,0","1,0","0,0","0,0","0,0","0,0","1,0","0,0","0,0","1,0","0,0","","","","","","","","","","","","",""
303,"202303302,0",2023-02-11T00:00:00,01:00:00,COM VÍTIMA,FINALIZADA,IPUTINGA,AV MAURICIO DE NASSAU,"","",AO LADO DO ALTINO VENTURA,IPUTINGA,"","",CHOQUE,"1,0","1,0","0,0","0,0","0,0","0,0","0,0","0,0","0,0","2,0","0,0","","","","","","","","","","","","",""
304,"202303314,0",2023-02-11T00:00:00,03:03:00,COM VÍTIMA,FINALIZADA,ARRUDA,RUA DO MACHADO,946,"",EM FRENTE A PRAÇA MARIA JOSÉ E PROXIMO A SEDE DO BLOCO OS IRRESPONSAVEIS,ARRUDA,"","",COLISÃO LATERAL,"1,0","1,0","0,0","0,0","0,0","0,0","0,0","0,0","0,0","1,0","0,0","","","","","","","","","","","","",""
305,"202303318,0",2023-02-11T00:00:00,04:20:00,COM VÍTIMA,FINALIZADA,SANTO AMARO,AV CRUZ CABUGA,"","",NA FRENTE DO CEMITÉRIO DOS INGLESES,SANTO AMARO,"","",ATROPELAMENTO DE PESSOA,"0,0","0,0","0,0","0,0","1,0","1,0","0,0","0,0","0,0","1,0","0,0","","","","","","","","","","","","",""
306,"202303338,0",2023-02-11T00:00:00,07:20:00,COM VÍTIMA,FINALIZADA,BARRO,AV DR JOSE RUFINO,"","",VIADUTO DA BR 101 (EM CIMA DO VIADUTO),BARRO,"","",COLISÃO TRANSVERSAL,"1,0","1,0","0,0","0,0","0,0","0,0","0,0","0,0","0,0","1,0","0,0","","","","","","","","","","","","",""
307,"202303342,0",2023-02-11T00:00:00,08:27:00,COM VÍTIMA,CANCELADA,IPSEP,AV RECIFE,"","",PRÓX. À FARMACIA PAGUE MENOS (ENTRADA DO IBURA),IPSEP,"","",COLISÃO TRASEIRA,"3,0","0,0","0,0","0,0","0,0","0,0","0,0","0,0","0,0","2,0","0,0","","","","","","","","","","","","",""
308,"202303350,0",2023-02-12T00:00:00,05:19:00,SEM VÍTIMA,CANCELADA,ALTO SANTA TERESINHA,RUA SODRELANDIA,1055,"",EM FRENTE À SEDE MONTE PASCOAL (MERCADINHO LEMOS),ALTO SANTA TERESINHA,"","",COLISÃO TRANSVERSAL,"1,0","1,0","0,0","0,0","0,0","0,0","0,0","0,0","0,0","0,0","0,0","","","","","","","","","","","","",""
309,"202303390,0",2023-02-12T00:00:00,11:59:00,COM VÍTIMA,CANCELADA,BOA VIAGEM,RUA RIBEIRO DE BRITO,1326,AV RECIFE,PROX A ENTRADA DO ATACADÃO,BOA VIAGEM,"","",COLISÃO LATERAL,"1,0","1,0","0,0","0,0","0,0","0,0","0,0","0,0","0,0","1,0","0,0","","","","","","","","","","","","",""
310,"202303391,0",2023-02-12T00:00:00,12:04:00,SEM VÍTIMA,FINALIZADA,DERBY,AV GOVERNADOR AGAMENON MAGALHAES,"","",SOB O SEMÁFORO 174,DERBY,"174,0",SUBURBIO,COLISÃO TRASEIRA,"1,0","1,0","0,0","0,0","0,0","0,0","0,0","0,0","0,0","0,0","0,0","","","","","","","","","","","","",""
311,"202303402,0",2023-02-12T00:00:00,02:47:00,COM VÍTIMA,FINALIZADA,COQUEIRAL,RUA GUANABARA,56,"",EM FRENTE A ESTACÃO DE METRO DO COQUEIRAL,COQUEIRAL,"","",COLISÃO FRONTAL,"1,0","1,0","0,0","0,0","0,0","0,0","0,0","0,0","0,0","1,0","0,0","","","","","","","","","","","","",""
312,"202303427,0",2023-02-12T00:00:00,09:11:00,SEM VÍTIMA,FINALIZADA,TAMARINEIRA,RUA SEBASTIAO ALVES,155,"","",TAMARINEIRA,"",SUBURBIO,"","2,0","0,0","0,0","0,0","0,0","0,0","0,0","0,0","0,0","0,0","0,0","","","","","","","","","","","","",""
313,"202303431,0",2023-02-12T00:00:00,10:34:00,COM VÍTIMA,FINALIZADA,AREIAS,AV RECIFE,4200,"",BIG BOMPREÇO,AREIAS,"","",COLISÃO FRONTAL,"1,0","1,0","0,0","0,0","0,0","0,0","0,0","0,0","0,0","1,0","0,0","","","","","","","","","","","","",""
314,"202303432,0",2023-02-13T00:00:00,01:41:00,SEM VÍTIMA,FINALIZADA,AFLITOS,RUA CONS PORTELA,"",AV CONS ROSA E SILVA,"",AFLITOS,"","",CHOQUE,"0,0","0,0","0,0","0,0","0,0","0,0","0,0","0,0","0,0","0,0","0,0","","","","","","","","","","","","",""
315,"202303436,0",2023-02-13T00:00:00,08:38:00,COM VÍTIMA,CANCELADA,CAXANGÁ,AV CAXANGA,4302,"","APÓS O HIPER BOM PREÇO, AO LADO A NISSAN",CAXANGÁ,"","",COLISÃO LATERAL,"1,0","1,0","0,0","0,0","0,0","0,0","0,0","0,0","0,0","1,0","0,0","","","","","","","","","","","","",""
316,"202303441,0",2023-02-13T00:00:00,08:04:00,COM VÍTIMA,FINALIZADA,ILHA DO LEITE,RUA ESTADO DE ISRAEL,262,RUA JORNALISTA TRAJANO CHACON,LADO OPOSTO AO HOSPITAL ILHA DO LEITE,ILHA DO LEITE,"",SUBURBIO,COLISÃO LATERAL,"1,0","1,0","0,0","0,0","0,0","0,0","0,0","0,0","0,0","1,0","0,0","","","","","","","","","","","","",""
317,"202303442,0",2023-02-13T00:00:00,08:10:00,COM VÍTIMA,FINALIZADA,PINA,RUA TOME GIBSON,400,AV ENCANTA MOCA,PROX. A CENTRAL DA PICANHA,PINA,"",SUBURBIO,COLISÃO LATERAL,"1,0","1,0","0,0","0,0","0,0","0,0","0,0","0,0","0,0","1,0","0,0","","","","","","","","","","","","",""
318,"202303444,0",2023-02-13T00:00:00,08:32:00,COM VÍTIMA,FINALIZADA,BAIRRO DO RECIFE,AV ALFREDO LISBOA,1168,"",PROX. AO MARCO ZERO,BAIRRO DO RECIFE,"",SUBURBIO,COLISÃO TRASEIRA,"0,0","2,0","0,0","0,0","0,0","0,0","0,0","0,0","0,0","1,0","0,0","","","","","","","","","","","","",""
319,"202303446,0",2023-02-13T00:00:00,08:46:00,COM VÍTIMA,FINALIZADA,CORDEIRO,RUA GOMES TABORDA,1296,RUA SECUNDINO CARNEIRO,EM FRENTE A GALERIA SEVERINO BARBOSA DE MEDEIROS,CORDEIRO,"",SUBURBIO,COLISÃO LATERAL,"0,0","1,0","0,0","0,0","0,0","0,0","0,0","1,0","0,0","1,0","0,0","","","","","","","","","","","","",""
320,"202303458,0",2023-02-13T00:00:00,10:04:00,COM VÍTIMA,CANCELADA,IPSEP,AV RECIFE,"","",PRÓX. AO POSTO BR / SENTIDO IBURA,IPSEP,"","",COLISÃO LATERAL,"1,0","1,0","0,0","0,0","0,0","0,0","0,0","0,0","0,0","1,0","0,0","","","","","","","","","","","","",""
321,"202303470,0",2023-02-13T00:00:00,12:45:00,COM VÍTIMA,FINALIZADA,ARRUDA,RUA RAUL POMPEIA,854,"",PROX A IGREJA ASSEMBLEIA DE DEUS,ARRUDA,"","",COLISÃO LATERAL,"1,0","1,0","0,0","0,0","0,0","0,0","0,0","0,0","0,0","1,0","0,0","","","","","","","","","","","","",""
322,"202303478,0",2023-02-13T00:00:00,02:15:00,SEM VÍTIMA,FINALIZADA,SÃO JOSÉ,C SANTA RITA,"","",EM FRENTE AO 16º BATALHÃO PM-PE,SÃO JOSÉ,"",SUBURBIO,"","1,0","0,0","0,0","0,0","0,0","0,0","0,0","1,0","0,0","0,0","0,0","","","","","","","","","","","","",""
323,"202303479,0",2023-02-13T00:00:00,02:27:00,COM VÍTIMA,FINALIZADA,AFOGADOS,AV SUL,"","",PROX A POLICLINICA DE AFOGADOS,AFOGADOS,"",CIDADE,COLISÃO LATERAL,"1,0","1,0","0,0","0,0","0,0","0,0","0,0","0,0","0,0","1,0","0,0","","","","","","","","","","","","",""
324,"202303484,0",2023-02-13T00:00:00,04:49:00,COM VÍTIMA,FINALIZADA,IMBIRIBEIRA,AV GENERAL MAC ARTHUR,"",RUA SARGENTO SILVINO DE MACEDO,RUA SARGENTO SILVINO DE MACEDO,IMBIRIBEIRA,"442,0",SUBURBIO,COLISÃO LATERAL,"1,0","1,0","0,0","0,0","0,0","0,0","0,0","0,0","0,0","1,0","0,0","","","","","","","","","","","","",""
325,"202303488,0",2023-02-13T00:00:00,05:44:00,COM VÍTIMA,FINALIZADA,BOA VIAGEM,RUA SETUBAL,1432,RUA BALTAZAR PASSOS,EM FRENTE AO EDIFICIO COSTA DOS NAVEGANTES,BOA VIAGEM,"","",COLISÃO LATERAL,"1,0","1,0","0,0","0,0","0,0","0,0","0,0","0,0","0,0","1,0","0,0","","","","","","","","","","","","",""
326,"202303492,0",2023-02-13T00:00:00,06:20:00,COM VÍTIMA,FINALIZADA,JORDÃO,AV DONA CARENTINA,1479,"",MERCADINHO POP,JORDÃO,"",SUBURBIO,ATROPELAMENTO DE PESSOA,"1,0","1,0","0,0","0,0","1,0","0,0","0,0","0,0","0,0","1,0","0,0","","","","","","","","","","","","",""
327,"202303501,0",2023-02-13T00:00:00,08:21:00,COM VÍTIMA,FINALIZADA,PINA,AV ENGENHEIRO DOMINGOS FERREIRA,"","",COM  A RUA PEREIRA DA COSTA,PINA,"142,0",SUBURBIO,ATROPELAMENTO DE PESSOA,"0,0","1,0","0,0","0,0","1,0","0,0","0,0","0,0","0,0","2,0","0,0","","","","","","","","","","","","",""
328,"202303504,0",2023-02-13T00:00:00,08:59:00,SEM VÍTIMA,FINALIZADA,BOA VISTA,RUA GERVASIO PIRES,332,AV CONDE DA BOA VISTA,EM FRENTE AO EDIFÍCIO SANTA CRUZ,BOA VISTA,"","",CHOQUE,"0,0","0,0","0,0","0,0","0,0","0,0","0,0","1,0","0,0","0,0","0,0","","","","","","","","","","","","",""
329,"202303507,0",2023-02-13T00:00:00,09:23:00,SEM VÍTIMA,FINALIZADA,IBURA,AV SANTA FE,"",AV RIO VERDE,"",IBURA,"",SUBURBIO,"","1,0","0,0","0,0","0,0","0,0","0,0","0,0","1,0","0,0","0,0","0,0","","","","","","","","","","","","",""
330,"202303528,0",2023-02-14T00:00:00,07:45:00,COM VÍTIMA,FINALIZADA,PRADO,RUA GOMES TABORDA,"",RUA DES ADOLFO CIRIACO,EM FRENTE A SINDI COMBUSTIVEIS,PRADO,"","",COLISÃO LATERAL,"1,0","1,0","0,0","0,0","0,0","0,0","0,0","0,0","0,0","1,0","0,0","","","","","","","","","","","","",""
331,"202303530,0",2023-02-14T00:00:00,07:57:00,COM VÍTIMA,FINALIZADA,DERBY,AV GOVERNADOR AGAMENON MAGALHAES,73,"",PROX A CLINICA PRONTO PELE / EMERGENCIA DA PELE,DERBY,"","",COLISÃO LATERAL,"1,0","1,0","0,0","0,0","0,0","0,0","0,0","0,0","0,0","1,0","0,0","","","","","","","","","","","","",""
332,"202303538,0",2023-02-14T00:00:00,09:15:00,SEM VÍTIMA,FINALIZADA,SANTO ANTÔNIO,RUA DO SOL,"",RUA PRINCESA IZABEL,EM FRENTE AO TEATRO SANTA IZABEL,SANTO ANTÔNIO,"",CIDADE,"","1,0","0,0","0,0","0,0","0,0","1,0","0,0","0,0","0,0","0,0","0,0","","","","","","","","","","","","",""
333,"202303552,0",2023-02-14T00:00:00,09:47:00,COM VÍTIMA,FINALIZADA,ALTO DO MANDU,AV NORTE MIGUEL ARRAES DE ALENCAR,6888,"",EM FRENTE AO BAR NORTE,ALTO DO MANDU,"65,0","",COLISÃO LATERAL,"0,0","2,0","0,0","0,0","0,0","0,0","0,0","0,0","0,0","1,0","0,0","","","","","","","","","","","","",""
334,"202303554,0",2023-02-14T00:00:00,09:52:00,SEM VÍTIMA,FINALIZADA,SANTO AMARO,RUA ARLINDO MELO,S/N,"",EM FRENTE AO SHOPPING TACARUNA,SANTO AMARO,"",CIDADE,"","0,0","1,0","0,0","0,0","0,0","0,0","0,0","1,0","0,0","0,0","0,0","","","","","","","","","","","","",""
335,"202303569,0",2023-02-14T00:00:00,11:43:00,COM VÍTIMA,FINALIZADA,DERBY,PRC DO DERBY,115,"","",DERBY,"","",ATROPELAMENTO DE PESSOA,"0,0","1,0","0,0","0,0","1,0","0,0","0,0","0,0","0,0","1,0","0,0","","","","","","","","","","","","",""
336,"202303588,0",2023-02-14T00:00:00,01:57:00,COM VÍTIMA,FINALIZADA,CASA AMARELA,EST DAS UBAIAS,105,"",BOM DEMAIS SUPERMERCADO,CASA AMARELA,"","",COLISÃO LATERAL,"1,0","1,0","0,0","0,0","0,0","0,0","0,0","0,0","0,0","1,0","0,0","","","","","","","","","","","","",""
337,"202303599,0",2023-02-14T00:00:00,04:14:00,COM VÍTIMA,FINALIZADA,IMBIRIBEIRA,AV MARECHAL MASCARENHAS DE MORAES,"","",SOBRE O VIADUTO TANCREDO NEVES,IMBIRIBEIRA,"","",COLISÃO FRONTAL,"1,0","1,0","0,0","0,0","0,0","0,0","0,0","0,0","0,0","1,0","0,0","","","","","","","","","","","","",""
338,"202303604,0",2023-02-14T00:00:00,05:37:00,COM VÍTIMA,FINALIZADA,PORTO DA MADEIRA,AV CIDADE DE MONTEIRO,505,"",EM FRENTE A GALERIA O TERRAÇO,PORTO DA MADEIRA,"","",COLISÃO LATERAL,"2,0","1,0","0,0","0,0","0,0","0,0","0,0","0,0","0,0","2,0","0,0","","","","","","","","","","","","",""
339,"202303612,0",2023-02-14T00:00:00,07:01:00,COM VÍTIMA,FINALIZADA,IBURA,AV DOIS RIOS,1258,"",EM FRENTE A ACADEMIA MOTIVE,IBURA,"","",COLISÃO TRASEIRA,"1,0","1,0","0,0","0,0","0,0","0,0","0,0","0,0","0,0","1,0","0,0","","","","","","","","","","","","",""
340,"202303652,0",2023-02-15T00:00:00,08:00:00,COM VÍTIMA,FINALIZADA,ÁGUA FRIA,RUA MANOEL SILVA,"","",PRÓX. AO ESPETINHO DO BÊU,ÁGUA FRIA,"285,0",SUBURBIO,COLISÃO LATERAL,"1,0","1,0","0,0","0,0","0,0","0,0","0,0","0,0","0,0","1,0","0,0","","","","","","","","","","","","",""
341,"202303654,0",2023-02-15T00:00:00,08:10:00,SEM VÍTIMA,FINALIZADA,ARRUDA,AV BEBERIBE,"","","",ARRUDA,"492,0",CIDADE,COLISÃO TRASEIRA,"1,0","0,0","0,0","0,0","0,0","0,0","1,0","0,0","0,0","0,0","0,0","","","","","","","","","","","","",""
342,"202303657,0",2023-02-15T00:00:00,08:20:00,COM VÍTIMA,FINALIZADA,ILHA DO LEITE,TUNEL CHICO SCIENCE,S/N,"",DENTRO DO TÚNEL,ILHA DO LEITE,"","",COLISÃO FRONTAL,"2,0","0,0","0,0","0,0","0,0","0,0","0,0","0,0","0,0","1,0","0,0","","","","","","","","","","","","",""
343,"202303687,0",2023-02-15T00:00:00,12:47:00,COM VÍTIMA,FINALIZADA,VÁRZEA,RUA MANUEL DE MEDEIROS,945,"",E/F AO MOTEL PARAISO,VÁRZEA,"","",COLISÃO LATERAL,"1,0","1,0","0,0","0,0","0,0","0,0","0,0","0,0","0,0","1,0","0,0","","","","","","","","","","","","",""
344,"202303700,0",2023-02-15T00:00:00,03:07:00,COM VÍTIMA,FINALIZADA,BEBERIBE,AV HILDEBRANDO DE VASCONCELOS,"",RUA COMPOSITOR VINICIUS DE MORAIS,RUA COMPOSITOR VINICIUS DE MORAIS,BEBERIBE,"","",COLISÃO LATERAL,"1,0","1,0","0,0","0,0","0,0","0,0","0,0","0,0","0,0","1,0","0,0","","","","","","","","","","","","",""
345,"202303714,0",2023-02-15T00:00:00,05:12:00,SEM VÍTIMA,FINALIZADA,ARRUDA,AV PROFESSOR JOSE DOS ANJOS,1190,AV NORTE MIGUEL ARRAES DE ALENCAR,SESC DE CASA AMARELA,ARRUDA,"364,0","","","1,0","0,0","0,0","0,0","0,0","0,0","1,0","0,0","0,0","0,0","0,0","","","","","","","","","","","","",""
346,"202303743,0",2023-02-15T00:00:00,08:54:00,COM VÍTIMA,CANCELADA,BEBERIBE,AV BEBERIBE,2406,"",PRÓX. AO PAGODE DA PRESSÃO,BEBERIBE,"","",COLISÃO TRASEIRA,"0,0","2,0","0,0","0,0","0,0","0,0","0,0","0,0","0,0","2,0","0,0","","","","","","","","","","","","",""
347,"202303745,0",2023-02-15T00:00:00,09:40:00,COM VÍTIMA,FINALIZADA,CAMPO GRANDE,RUA ODORICO MENDES,"","",EMFRENTE AO CLUBE DAS PÁS,CAMPO GRANDE,"","",COLISÃO TRASEIRA,"1,0","1,0","0,0","0,0","0,0","0,0","0,0","0,0","0,0","1,0","0,0","","","","","","","","","","","","",""
348,"202303748,0",2023-02-15T00:00:00,10:19:00,COM VÍTIMA,FINALIZADA,IBURA,RUA RIO BRIGIDA,350,"",EM FRENTE À IGREJA VERBO DA VIDA DO IBURA DE BAIXO,IBURA,"","",COLISÃO TRANSVERSAL,"1,0","1,0","0,0","0,0","0,0","0,0","0,0","0,0","0,0","2,0","0,0","","","","","","","","","","","","",""
349,"202303765,0",2023-02-16T00:00:00,07:27:00,COM VÍTIMA,FINALIZADA,ESPINHEIRO,AV JOAO DE BARROS,"","",EM FRENTE A EXTRAFARMA,ESPINHEIRO,"","",COLISÃO LATERAL,"1,0","1,0","0,0","0,0","0,0","0,0","0,0","0,0","0,0","1,0","0,0","","","","","","","","","","","","",""
350,"202303767,0",2023-02-16T00:00:00,07:23:00,SEM VÍTIMA,FINALIZADA,SAN MARTIN,AV GENERAL SAN MARTIN,2347,"",EM FRENTE AO RESTAURANTE XODÓ NORDESTINO,SAN MARTIN,"",CIDADE,COLISÃO TRASEIRA,"3,0","0,0","0,0","0,0","0,0","0,0","0,0","0,0","0,0","0,0","0,0","","","","","","","","","","","","",""
351,"202303774,0",2023-02-16T00:00:00,08:10:00,COM VÍTIMA,FINALIZADA,IMBIRIBEIRA,RUA ITAJAI,"",RUA ITACARI,PROX. A GOCIL SEGURANÇA,IMBIRIBEIRA,"","",COLISÃO FRONTAL,"1,0","1,0","0,0","0,0","0,0","0,0","0,0","0,0","0,0","1,0","0,0","","","","","","","","","","","","",""
352,"202303775,0",2023-02-16T00:00:00,08:11:00,COM VÍTIMA,FINALIZADA,SAN MARTIN,AV GENERAL SAN MARTIN,"","",PROX AO COLEGIO ADVENTISTA / E AO SEMÁFORO 371,SAN MARTIN,"371,0","",COLISÃO LATERAL,"1,0","1,0","0,0","0,0","0,0","0,0","0,0","0,0","0,0","2,0","0,0","","","","","","","","","","","","",""
353,"202303807,0",2023-02-16T00:00:00,10:28:00,COM VÍTIMA,FINALIZADA,ÁGUA FRIA,RUA DA REGENERACAO,210,"",PRÓX. À LOJA DE FERRAGENS  JOSÉ LUIZ DA FONSECA,ÁGUA FRIA,"","",COLISÃO LATERAL,"1,0","1,0","0,0","0,0","0,0","0,0","0,0","0,0","0,0","1,0","0,0","","","","","","","","","","","","",""
354,"202303811,0",2023-02-16T00:00:00,10:54:00,COM VÍTIMA,FINALIZADA,BOA VISTA,RUA DA GLORIA,211,"",PROX. A DELEGACIA DO IDOSO,BOA VISTA,"","",COLISÃO LATERAL,"1,0","1,0","0,0","0,0","0,0","0,0","0,0","0,0","0,0","1,0","0,0","","","","","","","","","","","","",""
355,"202303817,0",2023-02-16T00:00:00,11:32:00,COM VÍTIMA,FINALIZADA,IPSEP,RUA SAO NICOLAU,427,RUA ABDIAS CABRAL DE MOURA,PROX. A MICRO EQUIPAMENTOS,IPSEP,"",SUBURBIO,COLISÃO LATERAL,"1,0","1,0","0,0","0,0","0,0","0,0","0,0","0,0","0,0","1,0","0,0","","","","","","","","","","","","",""
356,"202303831,0",2023-02-16T00:00:00,12:58:00,SEM VÍTIMA,FINALIZADA,PINA,AV ANTONIO DE GOES,62,"",EM FRENTE AÀ PRF / LADO OPOSTO AO RESTAURANTE BARGAÇO Nº 62,PINA,"",CIDADE,COLISÃO TRASEIRA,"2,0","0,0","0,0","0,0","0,0","0,0","0,0","0,0","0,0","0,0","0,0","","","","","","","","","","","","",""
357,"202303842,0",2023-02-16T00:00:00,03:07:00,COM VÍTIMA,FINALIZADA,PINA,PTE VICE PRESIDENTE JOSE ALENCAR,"","",ENTRADA DO RIOMAR,PINA,"","",COLISÃO LATERAL,"1,0","1,0","0,0","0,0","0,0","0,0","0,0","0,0","0,0","1,0","0,0","","","","","","","","","","","","",""
358,"202303865,0",2023-02-16T00:00:00,06:50:00,COM VÍTIMA,FINALIZADA,CABANGA,PTE GOVERNADOR PAULO GUERRA,"","",SENTIDO CENTRO,CABANGA,"","",COLISÃO FRONTAL,"1,0","1,0","0,0","0,0","0,0","0,0","0,0","0,0","0,0","3,0","0,0","","","","","","","","","","","","",""
359,"202303866,0",2023-02-16T00:00:00,06:53:00,COM VÍTIMA,CANCELADA,IPSEP,RUA BLUMENAU,458,"",PERTO DE 13 DISTRITO,IPSEP,"","",COLISÃO LATERAL,"1,0","1,0","0,0","0,0","0,0","0,0","0,0","0,0","0,0","1,0","0,0","","","","","","","","","","","","",""
360,"202303873,0",2023-02-16T00:00:00,08:16:00,COM VÍTIMA,FINALIZADA,IMBIRIBEIRA,RUA JOAQUIM BANDEIRA,268,"",EMBAIXO DO PONTILHÃO,IMBIRIBEIRA,"","",COLISÃO TRASEIRA,"2,0","1,0","0,0","0,0","0,0","0,0","0,0","0,0","0,0","2,0","0,0","","","","","","","","","","","","",""
361,"202303877,0",2023-02-16T00:00:00,10:46:00,COM VÍTIMA,FINALIZADA,MACAXEIRA,AV NORTE MIGUEL ARRAES DE ALENCAR,"",RUA CORONEL JOAO BATISTA DO REGO BARROS,EM FRENTE A PRAÇA DA MACAXEIRA,MACAXEIRA,"671,0",SUBURBIO,COLISÃO FRONTAL,"1,0","1,0","0,0","0,0","0,0","0,0","0,0","0,0","0,0","1,0","0,0","","","","","","","","","","","","",""
362,"202303910,0",2023-02-17T00:00:00,09:09:00,SEM VÍTIMA,FINALIZADA,SANTO AMARO,RUA GOUVEIA DE BARROS,189,"","",SANTO AMARO,"",SUBURBIO,TOMBAMENTO,"2,0","0,0","0,0","0,0","0,0","0,0","0,0","0,0","0,0","0,0","0,0","","","","","","","","","","","","",""
363,"202303925,0",2023-02-17T00:00:00,10:31:00,COM VÍTIMA,FINALIZADA,ENCRUZILHADA,RUA DR JOSE MARIA,27,RUA CARLOS BORROMEU,IGREJA UNIVERSAL,ENCRUZILHADA,"","",ATROPELAMENTO DE PESSOA,"1,0","0,0","0,0","0,0","1,0","0,0","0,0","0,0","0,0","1,0","0,0","","","","","","","","","","","","",""
364,"202303926,0",2023-02-17T00:00:00,10:32:00,COM VÍTIMA,FINALIZADA,BOA VIAGEM,AV HELIO FALCAO,323,"",PROX AO COLEGIO ANCHIETA,BOA VIAGEM,"","",ATROPELAMENTO DE PESSOA,"2,0","0,0","0,0","0,0","1,0","0,0","0,0","0,0","0,0","1,0","0,0","","","","","","","","","","","","",""
365,"202303928,0",2023-02-17T00:00:00,10:39:00,SEM VÍTIMA,FINALIZADA,BAIRRO DO RECIFE,PTE CONDE MAURICIO DE NASSAU,"","",SOB A PONTE,BAIRRO DO RECIFE,"","",COLISÃO LATERAL,"0,0","0,0","0,0","0,0","0,0","0,0","0,0","0,0","0,0","0,0","0,0","","","","","","","","","","","","",""
366,"202303936,0",2023-02-17T00:00:00,11:15:00,SEM VÍTIMA,FINALIZADA,SANTO AMARO,AV GOVERNADOR AGAMENON MAGALHAES,2091,"",LADO OPOSTO A DELEGACIA REGIONAL DO TRABALHO,SANTO AMARO,"465,0",SUBURBIO,COLISÃO TRASEIRA,"1,0","0,0","0,0","0,0","0,0","0,0","0,0","1,0","0,0","0,0","0,0","","","","","","","","","","","","",""