_id,Protocolo,data,hora,natureza_acidente,situacao,bairro,endereco,numero,detalhe_endereco_acidente,complemento,bairro_cruzamento,num_semaforo,sentido_via,tipo,auto,moto,ciclom,ciclista,pedestre,onibus,caminhao,viatura,outros,vitimas,vitimasfatais,acidente_verificado,tempo_clima,situacao_semaforo,sinalizacao,condicao_via,conservacao_via,ponto_controle,situacao_placa,velocidade_max_via,mao_direcao,divisao_via1,divisao_via2,divisao_via3
367,"202303938,0",2023-02-17T00:00:00,11:20:00,SEM VÍTIMA,FINALIZADA,CORDEIRO,RUA GOMES TABORDA,146,"",AO LADO DO SINDI COMBUSTIVEIS,CORDEIRO,"",CIDADE,CHOQUE,"0,0","0,0","0,0","0,0","0,0","0,0","1,0","0,0","0,0","0,0","0,0","","","","","","","","","","","","",""
368,"202303946,0",2023-02-17T00:00:00,12:25:00,COM VÍTIMA,FINALIZADA,TORRE,RUA CONDE DE IRAJA,894,"",EM FRENTE A CASA JOSUE DE CASTRO,TORRE,"",SUBURBIO,COLISÃO LATERAL,"1,0","1,0","0,0","0,0","0,0","0,0","0,0","0,0","0,0","1,0","0,0","","","","","","","","","","","","",""
369,"202303952,0",2023-02-17T00:00:00,01:44:00,COM VÍTIMA,FINALIZADA,ILHA DO RETIRO,AV ENGENHEIRO ABDIAS DE CARVALHO,2126,"",EM FRENTE A FARMACIA DROGASIL,ILHA DO RETIRO,"","",COLISÃO LATERAL,"1,0","2,0","0,0","0,0","0,0","0,0","0,0","0,0","0,0","4,0","0,0","","","","","","","","","","","","",""
370,"202303964,0",2023-02-17T00:00:00,04:31:00,COM VÍTIMA,CANCELADA,CASA AMARELA,EST DAS UBAIAS,147,"",E/F A PADARIA PARLA DELI,CASA AMARELA,"","",COLISÃO TRASEIRA,"1,0","1,0","0,0","0,0","0,0","0,0","0,0","0,0","0,0","1,0","0,0","","","","","","","","","","","","",""
371,"202303968,0",2023-02-17T00:00:00,06:28:00,COM VÍTIMA,FINALIZADA,JOANA BEZERRA,VIADUTO CAPITAO TEMUDO,"","",SOBRE O VIADUTO / NA ALSA PARA O SHOPPING RIO MAR,JOANA BEZERRA,"","",COLISÃO LATERAL,"1,0","1,0","0,0","0,0","0,0","0,0","0,0","0,0","0,0","2,0","0,0","","","","","","","","","","","","",""
372,"202303991,0",2023-02-18T00:00:00,01:30:00,COM VÍTIMA,CANCELADA,IMBIRIBEIRA,AV MARECHAL MASCARENHAS DE MORAES,1681,"",E/F À LOJA LASER ELETRO - SENTIDO CIDADE,IMBIRIBEIRA,"","",COLISÃO TRASEIRA,"0,0","2,0","0,0","0,0","0,0","0,0","0,0","0,0","0,0","1,0","0,0","","","","","","","","","","","","",""
373,"202304003,0",2023-02-18T00:00:00,12:01:00,COM VÍTIMA,FINALIZADA,BOA VISTA,RUA DO RIACHUELO,475,"",VILA SANTO ANTÔNIO,BOA VISTA,"",CIDADE,COLISÃO LATERAL,"1,0","1,0","0,0","0,0","0,0","0,0","0,0","0,0","0,0","2,0","0,0","","","","","","","","","","","","",""
374,"202304004,0",2023-02-18T00:00:00,12:29:00,COM VÍTIMA,FINALIZADA,ESPINHEIRO,RUA CARNEIRO VILELA,"",RUA CONS PORTELA,GALERIA CONSELHEIRO PORTELA / BANCO ITAU DA JOÃO DE BARROS,ESPINHEIRO,"",CIDADE,COLISÃO LATERAL,"1,0","1,0","0,0","0,0","0,0","0,0","0,0","0,0","0,0","1,0","0,0","","","","","","","","","","","","",""
375,"202304007,0",2023-02-18T00:00:00,04:19:00,SEM VÍTIMA,FINALIZADA,CASA FORTE,PRC RADIO JORNAL DO COMERCIO,"","",AO LADO DO BOM PREÇO,CASA FORTE,"",SUBURBIO,COLISÃO LATERAL,"2,0","0,0","0,0","0,0","0,0","0,0","0,0","0,0","0,0","0,0","0,0","","","","","","","","","","","","",""
376,"202304009,0",2023-02-18T00:00:00,04:39:00,COM VÍTIMA,FINALIZADA,JIQUIÁ,AV DR JOSE RUFINO,535,RUA MORAIS E SILVA,"",JIQUIÁ,"",SUBURBIO,COLISÃO TRASEIRA,"1,0","1,0","0,0","0,0","0,0","0,0","0,0","0,0","0,0","3,0","0,0","","","","","","","","","","","","",""
377,"202304019,0",2023-02-18T00:00:00,06:54:00,SEM VÍTIMA,CANCELADA,BOA VISTA,AV CONDE DA BOA VISTA,"","",EM FRENTE A TVPE / ESQ. DO POSTO SHELL,BOA VISTA,"","",COLISÃO TRASEIRA,"0,0","0,0","0,0","0,0","0,0","0,0","0,0","2,0","0,0","0,0","0,0","","","","","","","","","","","","",""
378,"202304021,0",2023-02-18T00:00:00,07:27:00,COM VÍTIMA,FINALIZADA,SANTO AMARO,AV NORTE MIGUEL ARRAES DE ALENCAR,"","",EM FRENTE AO SENAI,SANTO AMARO,"",CIDADE,QUEDA,"0,0","1,0","0,0","0,0","0,0","0,0","0,0","0,0","0,0","1,0","0,0","","","","","","","","","","","","",""
379,"202304032,0",2023-02-19T00:00:00,01:09:00,COM VÍTIMA,FINALIZADA,IBURA,AV MATO GROSSO,682,"",PRÓXIMO A PADARIA MONZA,IBURA,"","",CHOQUE,"1,0","1,0","0,0","0,0","0,0","0,0","0,0","0,0","0,0","1,0","0,0","","","","","","","","","","","","",""
380,"202304045,0",2023-02-19T00:00:00,10:04:00,COM VÍTIMA,FINALIZADA,CASA AMARELA,RUA PADRE LEMOS,723,"",PRÓX. AO POSTO BR,CASA AMARELA,"",SUBURBIO,COLISÃO TRASEIRA,"1,0","1,0","0,0","0,0","0,0","0,0","0,0","0,0","0,0","2,0","0,0","","","","","","","","","","","","",""
381,"202304050,0",2023-02-19T00:00:00,11:25:00,COM VÍTIMA,FINALIZADA,MADALENA,RUA DEMOCRITO DE SOUZA FILHO,"",RUA BARTOLOMEU DE GUSMAO,"PRÓX. AO GARDEN BELEZA. CAFÉ, MODA. BARBEARIA",MADALENA,"",SUBURBIO,COLISÃO LATERAL,"1,0","1,0","0,0","0,0","0,0","0,0","0,0","0,0","0,0","1,0","0,0","","","","","","","","","","","","",""
382,"202304053,0",2023-02-19T00:00:00,12:29:00,COM VÍTIMA,FINALIZADA,ILHA DO RETIRO,AV ENGENHEIRO ABDIAS DE CARVALHO,104,AV JOSE GONCALVES DE MEDEIROS,EM FRENTE A MCDONALD´S,ILHA DO RETIRO,"355,0",SUBURBIO,COLISÃO LATERAL,"1,0","1,0","0,0","0,0","0,0","0,0","0,0","0,0","0,0","1,0","0,0","","","","","","","","","","","","",""
383,"202304054,0",2023-02-19T00:00:00,12:38:00,COM VÍTIMA,FINALIZADA,AFLITOS,AV CONS ROSA E SILVA,197,"",PRÓX. AO CLUBE PORTUGUÊS,AFLITOS,"","",COLISÃO TRASEIRA,"1,0","0,0","0,0","0,0","0,0","0,0","0,0","1,0","0,0","1,0","0,0","","","","","","","","","","","","",""
384,"202304069,0",2023-02-19T00:00:00,09:39:00,COM VÍTIMA,FINALIZADA,SANTO AMARO,AV CRUZ CABUGA,706,RUA FREI CASSIMIRO,PROX. A CASA DA INDUSTRIA,SANTO AMARO,"","",COLISÃO LATERAL,"1,0","1,0","0,0","0,0","0,0","0,0","0,0","0,0","0,0","1,0","0,0","","","","","","","","","","","","",""
385,"202304073,0",2023-02-20T00:00:00,02:19:00,VÍTIMA FATAL,FINALIZADA,BOA VISTA,AV CONDE DA BOA VISTA,505,RUA DO HOSPICIO,COM A RUA DO HOSPICIO,BOA VISTA,"23,0",SUBURBIO,ATROPELAMENTO DE PESSOA,"0,0","0,0","0,0","0,0","1,0","1,0","0,0","0,0","0,0","0,0","1,0","","","","","","","","","","","","",""
386,"202304074,0",2023-02-20T00:00:00,02:23:00,SEM VÍTIMA,CANCELADA,CORDEIRO,AV PROFESSOR ESTEVAO FRANCISCO DA COSTA,"","",COM RUA ELISEU CAVALCANTI,CORDEIRO,"","",COLISÃO LATERAL,"2,0","0,0","0,0","0,0","0,0","0,0","0,0","0,0","0,0","0,0","0,0","","","","","","","","","","","","",""
387,"202304076,0",2023-02-20T00:00:00,05:27:00,COM VÍTIMA,FINALIZADA,IMBIRIBEIRA,AV MARECHAL MASCARENHAS DE MORAES,2455,"",EM FRENTE AO BANCO BRADESCO,IMBIRIBEIRA,"439,0",CIDADE,COLISÃO LATERAL,"1,0","1,0","0,0","0,0","0,0","0,0","0,0","0,0","0,0","1,0","0,0","","","","","","","","","","","","",""
388,"202304081,0",2023-02-20T00:00:00,09:02:00,COM VÍTIMA,FINALIZADA,BOA VIAGEM,RUA RIBEIRO DE BRITO,1326,"",AO LADO DA UNINASSAU,BOA VIAGEM,"","",COLISÃO FRONTAL,"1,0","1,0","0,0","0,0","0,0","0,0","0,0","0,0","0,0","2,0","0,0","","","","","","","","","","","","",""
389,"202304087,0",2023-02-20T00:00:00,09:37:00,COM VÍTIMA,FINALIZADA,BOA VIAGEM,RUA RIBEIRO DE BRITO,1326,RUA AMALIA BERNARDINO DE SOUZA,AO LADO DA UNINASSAU,BOA VIAGEM,"",CIDADE,COLISÃO FRONTAL,"1,0","1,0","0,0","0,0","0,0","0,0","0,0","0,0","0,0","2,0","0,0","","","","","","","","","","","","",""
390,"202304094,0",2023-02-20T00:00:00,10:27:00,COM VÍTIMA,FINALIZADA,BOA VIAGEM,RUA CAMBOIM,970,RUA JOAO CARDOSO AIRES,DONA GULA,BOA VIAGEM,"",SUBURBIO,COLISÃO LATERAL,"2,0","0,0","0,0","0,0","0,0","0,0","0,0","0,0","0,0","1,0","0,0","","","","","","","","","","","","",""
391,"202304107,0",2023-02-20T00:00:00,12:30:00,COM VÍTIMA,FINALIZADA,CORDEIRO,RUA CLAUDIO BROTHERHOOD,275,RUA GOMES TABORDA,E/F A GRAFICA CAMPELO,CORDEIRO,"",SUBURBIO,COLISÃO FRONTAL,"0,0","2,0","0,0","0,0","0,0","0,0","0,0","0,0","0,0","1,0","0,0","","","","","","","","","","","","",""
392,"202304124,0",2023-02-20T00:00:00,03:17:00,COM VÍTIMA,FINALIZADA,BOA VIAGEM,AV ENGENHEIRO DOMINGOS FERREIRA,1097,RUA TOME GIBSON,PROX AO COLEGIO MUNICIPAL OSWALDO DE LIMA FILHO,BOA VIAGEM,"200,0",SUBURBIO,COLISÃO TRASEIRA,"0,0","2,0","0,0","0,0","0,0","0,0","0,0","0,0","0,0","2,0","0,0","","","","","","","","","","","","",""
393,"202304144,0",2023-02-20T00:00:00,08:14:00,COM VÍTIMA,FINALIZADA,CAXANGÁ,AV CAXANGA,"",RUA RIBEIRO PESSOA,PRÓXIMO A UPA,CAXANGÁ,"",SUBURBIO,COLISÃO FRONTAL,"0,0","0,0","0,0","0,0","0,0","0,0","0,0","0,0","0,0","1,0","0,0","","","","","","","","","","","","",""
394,"202304145,0",2023-02-20T00:00:00,08:31:00,SEM VÍTIMA,FINALIZADA,CORDEIRO,RUA OCIDENTAL,142,"",ANTIGO TERMINAL DO SÍTIO DAS PALMEIRAS,CORDEIRO,"","",CHOQUE,"0,0","0,0","0,0","0,0","0,0","0,0","0,0","0,0","0,0","0,0","0,0","","","","","","","","","","","","",""
395,"202304153,0",2023-02-21T00:00:00,01:24:00,SEM VÍTIMA,FINALIZADA,ESPINHEIRO,RUA BUENOS AYRES,"","",EM FRENTE AO SANTANDER,ESPINHEIRO,"","",COLISÃO FRONTAL,"0,0","0,0","0,0","0,0","0,0","0,0","0,0","0,0","0,0","0,0","0,0","","","","","","","","","","","","",""
396,"202304154,0",2023-02-21T00:00:00,02:44:00,COM VÍTIMA,FINALIZADA,GRAÇAS,AV CONS ROSA E SILVA,"",RUA ANTENOR NAVARRO,"",GRAÇAS,"522,0",SUBURBIO,COLISÃO FRONTAL,"2,0","0,0","0,0","0,0","0,0","0,0","0,0","0,0","0,0","1,0","0,0","","","","","","","","","","","","",""
397,"202304161,0",2023-02-21T00:00:00,07:48:00,COM VÍTIMA,FINALIZADA,IMBIRIBEIRA,AV MARECHAL MASCARENHAS DE MORAES,1780,"",EM FRENTE AO POSTO BR,IMBIRIBEIRA,"","",COLISÃO TRASEIRA,"1,0","1,0","0,0","0,0","0,0","0,0","0,0","0,0","0,0","1,0","0,0","","","","","","","","","","","","",""
398,"202304171,0",2023-02-21T00:00:00,10:33:00,COM VÍTIMA,FINALIZADA,IBURA,AV RECIFE,"",RUA SAO NICOLAU,SEMÁFORO 016,IBURA,"16,0",SUBURBIO,COLISÃO TRASEIRA,"2,0","1,0","0,0","0,0","0,0","0,0","0,0","0,0","0,0","2,0","0,0","","","","","","","","","","","","",""
399,"202304183,0",2023-02-21T00:00:00,03:22:00,COM VÍTIMA,CANCELADA,BOA VIAGEM,RUA VISCONDE DE JEQUITINHONHA,652,RUA ERNESTO DE PAULA SANTOS,DE ESQUINA COM O SOBERANO,BOA VIAGEM,"304,0","",COLISÃO LATERAL,"1,0","0,0","0,0","0,0","0,0","1,0","0,0","0,0","0,0","1,0","0,0","","","","","","","","","","","","",""
400,"202304185,0",2023-02-21T00:00:00,03:33:00,SEM VÍTIMA,FINALIZADA,CAXANGÁ,AV CAXANGA,612,RUA JOSE OSORIO,SOB O SEMÁFORO DE Nº 489,CAXANGÁ,"489,0",SUBURBIO,"","1,0","0,0","0,0","0,0","0,0","0,0","1,0","0,0","0,0","0,0","0,0","","","","","","","","","","","","",""
401,"202304198,0",2023-02-22T00:00:00,02:36:00,COM VÍTIMA,FINALIZADA,ILHA JOANA BEZERRA,VIADUTO CAPITAO TEMUDO,"","",ALÇA DE ACESSO À RUA IMPERIAL,ILHA JOANA BEZERRA,"",SUBURBIO,CHOQUE,"1,0","0,0","0,0","0,0","0,0","0,0","0,0","0,0","1,0","1,0","0,0","","","","","","","","","","","","",""
402,"202304203,0",2023-02-22T00:00:00,05:47:00,COM VÍTIMA,FINALIZADA,AFOGADOS,RUA SAO MIGUEL,"","",PRÓXIMO AO 14° BATALHÃO LOGISTICO,AFOGADOS,"",CIDADE,COLISÃO FRONTAL,"2,0","0,0","0,0","0,0","0,0","0,0","0,0","0,0","0,0","2,0","0,0","","","","","","","","","","","","",""
403,"202304207,0",2023-02-22T00:00:00,07:40:00,COM VÍTIMA,FINALIZADA,AFOGADOS,RUA SAO MIGUEL,685,"","",AFOGADOS,"391,0",CIDADE,COLISÃO TRASEIRA,"0,0","2,0","0,0","0,0","0,0","0,0","0,0","0,0","0,0","2,0","0,0","","","","","","","","","","","","",""
404,"202304214,0",2023-02-22T00:00:00,09:29:00,COM VÍTIMA,FINALIZADA,SÃO JOSÉ,RUA IMPERIAL,1194,RUA BOM SUCESSO,APÓS O COLÉGIO JOAQUIM NABUCO,SÃO JOSÉ,"","",COLISÃO LATERAL,"1,0","1,0","0,0","0,0","0,0","0,0","0,0","0,0","0,0","1,0","0,0","","","","","","","","","","","","",""
405,"202304216,0",2023-02-22T00:00:00,10:27:00,COM VÍTIMA,FINALIZADA,ILHA DO RETIRO,AV ENGENHEIRO ABDIAS DE CARVALHO,2099,EST DOS REMEDIOS,EM FRENTE A FARMACIA INDEPENDENTE,ILHA DO RETIRO,"52,0","",COLISÃO LATERAL,"2,0","0,0","0,0","0,0","0,0","0,0","0,0","0,0","0,0","2,0","0,0","","","","","","","","","","","","",""
406,"202304245,0",2023-02-22T00:00:00,04:15:00,COM VÍTIMA,FINALIZADA,PINA,AVENIDA CELSO FURTADO (VIA MANGUE),"","",NA VIA MANGUE,PINA,"","",COLISÃO FRONTAL,"1,0","1,0","0,0","0,0","0,0","0,0","0,0","0,0","0,0","1,0","0,0","","","","","","","","","","","","",""
407,"202304260,0",2023-02-22T00:00:00,07:01:00,SEM VÍTIMA,FINALIZADA,ARRUDA,AV PROFESSOR JOSE DOS ANJOS,1029,"",PROX AO DNOCS,ARRUDA,"","",COLISÃO LATERAL,"1,0","0,0","0,0","0,0","0,0","0,0","1,0","0,0","0,0","0,0","0,0","","","","","","","","","","","","",""
408,"202304274,0",2023-02-23T00:00:00,07:38:00,COM VÍTIMA,FINALIZADA,BOA VIAGEM,RUA DEZ DE JULHO,"","",PRÓX. À ESTAÇÃO AEROPORTO,BOA VIAGEM,"","",COLISÃO LATERAL,"1,0","1,0","0,0","0,0","0,0","0,0","0,0","0,0","0,0","1,0","0,0","","","","","","","","","","","","",""
409,"202304275,0",2023-02-23T00:00:00,07:47:00,COM VÍTIMA,FINALIZADA,IPSEP,RUA ADERBAL DE MELO,465,"",PRÓX. À PRAÇA DO IPÊ / LÉO BAR,IPSEP,"","",COLISÃO FRONTAL,"1,0","1,0","0,0","0,0","0,0","0,0","0,0","0,0","0,0","1,0","0,0","","","","","","","","","","","","",""
410,"202304279,0",2023-02-23T00:00:00,08:04:00,COM VÍTIMA,FINALIZADA,SAN MARTIN,AV CONSUL VILARES FRAGOSO,"","",CAVALARIA,SAN MARTIN,"","",COLISÃO LATERAL,"1,0","1,0","0,0","0,0","0,0","0,0","0,0","0,0","0,0","1,0","0,0","","","","","","","","","","","","",""
411,"202304306,0",2023-02-23T00:00:00,11:55:00,SEM VÍTIMA,FINALIZADA,IMBIRIBEIRA,AV MARECHAL MASCARENHAS DE MORAES,884,"",EM FRENTE AO POSTO IPIRANGA,IMBIRIBEIRA,"396,0",SUBURBIO,"","0,0","1,0","0,0","0,0","0,0","0,0","0,0","1,0","0,0","0,0","0,0","","","","","","","","","","","","",""
412,"202304315,0",2023-02-23T00:00:00,01:02:00,SEM VÍTIMA,FINALIZADA,BOA VIAGEM,AV ANTONIO TORRES GALVAO,"",AVENIDA CELSO FURTADO (VIA MANGUE),EM CIMA DA PONTE DA VIA MANGUE  S/T CID,BOA VIAGEM,"","",COLISÃO LATERAL,"1,0","0,0","0,0","0,0","0,0","0,0","1,0","0,0","0,0","0,0","0,0","","","","","","","","","","","","",""
413,"202304324,0",2023-02-23T00:00:00,03:10:00,COM VÍTIMA,FINALIZADA,ÁGUA FRIA,AV BEBERIBE,2298,"",EM FRENTE AO MERCADINHO DOIS IRMÃOS,ÁGUA FRIA,"","",COLISÃO LATERAL,"1,0","1,0","0,0","0,0","0,0","0,0","0,0","0,0","0,0","1,0","0,0","","","","","","","","","","","","",""
414,"202304334,0",2023-02-23T00:00:00,04:11:00,COM VÍTIMA,FINALIZADA,SÃO JOSÉ,AV DANTAS BARRETO,"","",E/F AO ANTIGO BANCO SANTANDER,SÃO JOSÉ,"","",ATROPELAMENTO DE PESSOA,"0,0","0,0","0,0","0,0","1,0","1,0","0,0","0,0","0,0","1,0","0,0","","","","","","","","","","","","",""
415,"202304338,0",2023-02-23T00:00:00,05:29:00,COM VÍTIMA,FINALIZADA,SÃO JOSÉ,RUA IMPERIAL,"","",S/T AFOGADOS E/F AO PONTILHAO DO METRO,SÃO JOSÉ,"","",COLISÃO LATERAL,"1,0","1,0","0,0","0,0","0,0","0,0","0,0","0,0","0,0","1,0","0,0","","","","","","","","","","","","",""
416,"202304352,0",2023-02-23T00:00:00,07:19:00,COM VÍTIMA,FINALIZADA,BONGI,AV ENGENHEIRO ABDIAS DE CARVALHO,1767,"",POSTO BR,BONGI,"","",COLISÃO COM CICLISTA,"0,0","0,0","0,0","1,0","0,0","1,0","0,0","0,0","0,0","1,0","0,0","","","","","","","","","","","","",""
417,"202304353,0",2023-02-23T00:00:00,07:56:00,SEM VÍTIMA,FINALIZADA,TORRE,RUA REAL DA TORRE,"",RUA PADRE ANCHIETA,"",TORRE,"192,0",SUBURBIO,"","1,0","0,0","0,0","0,0","0,0","0,0","0,0","1,0","0,0","0,0","0,0","","","","","","","","","","","","",""
418,"202304361,0",2023-02-23T00:00:00,10:53:00,VÍTIMA FATAL,FINALIZADA,CORDEIRO,AV CAXANGA,3035,"",EM FRENTE À ASEMBLÉIA DE DEUS,CORDEIRO,"",CI,ATROPELAMENTO DE PESSOA,"1,0","0,0","0,0","0,0","1,0","0,0","0,0","0,0","0,0","0,0","1,0","","","","","","","","","","","","",""
419,"202304365,0",2023-02-24T00:00:00,07:08:00,COM VÍTIMA,FINALIZADA,BOA VIAGEM,AV CONSELHEIRO AGUIAR,"",RUA RIBEIRO DE BRITO,PRÓX. À FARMÁCIA PAGUE MENOS,BOA VIAGEM,"","",COLISÃO LATERAL,"1,0","1,0","0,0","0,0","0,0","0,0","0,0","0,0","0,0","1,0","0,0","","","","","","","","","","","","",""
420,"202304408,0",2023-02-24T00:00:00,01:09:00,COM VÍTIMA,FINALIZADA,IMBIRIBEIRA,AV MARECHAL MASCARENHAS DE MORAES,"","",LADO OPOSTO AO ARMAZÉM CORAL,IMBIRIBEIRA,"287,0","",COLISÃO TRASEIRA,"1,0","1,0","0,0","0,0","0,0","0,0","0,0","0,0","0,0","1,0","0,0","","","","","","","","","","","","",""
421,"202304410,0",2023-02-24T00:00:00,01:22:00,COM VÍTIMA,FINALIZADA,VÁRZEA,RUA PROFESSOR ANTONIO COELHO,"","",NA ENTRADA DA ENTEGRAÇÃO DE CDU,VÁRZEA,"","",COLISÃO FRONTAL,"0,0","1,0","0,0","0,0","0,0","1,0","0,0","0,0","0,0","1,0","0,0","","","","","","","","","","","","",""
422,"202304411,0",2023-02-24T00:00:00,01:55:00,COM VÍTIMA,FINALIZADA,IBURA,RUA RIO XINGU,313,"",PROX ASSEMBLEIA DE DEUS,IBURA,"","",COLISÃO LATERAL,"1,0","1,0","0,0","0,0","0,0","0,0","0,0","0,0","0,0","1,0","0,0","","","","","","","","","","","","",""
423,"202304434,0",2023-02-24T00:00:00,04:12:00,COM VÍTIMA,FINALIZADA,BOA VIAGEM,AV DES JOSE NEVES,168,"",AO LADO DA LOJA FERREIRA PINTO,BOA VIAGEM,"","",COLISÃO TRASEIRA,"1,0","1,0","0,0","0,0","0,0","0,0","0,0","0,0","0,0","1,0","0,0","","","","","","","","","","","","",""
424,"202304440,0",2023-02-24T00:00:00,04:52:00,SEM VÍTIMA,FINALIZADA,TORRE,RUA CONDE DE IRAJA,"",AV BEIRA RIO,SOB O SEMÁFORO 680,TORRE,"680,0",SUBURBIO,COLISÃO TRANSVERSAL,"0,0","1,0","0,0","0,0","0,0","0,0","0,0","1,0","0,0","0,0","0,0","","","","","","","","","","","","",""
425,"202304442,0",2023-02-24T00:00:00,05:19:00,SEM VÍTIMA,FINALIZADA,SÃO JOSÉ,AV ENGENHEIRO JOSE ESTELITA,"","","",SÃO JOSÉ,"","",COLISÃO TRASEIRA,"2,0","0,0","0,0","0,0","0,0","0,0","0,0","0,0","0,0","0,0","0,0","","","","","","","","","","","","",""
426,"202304478,0",2023-02-25T00:00:00,09:55:00,COM VÍTIMA,FINALIZADA,CAXANGÁ,RUA RIBEIRO PESSOA,125,"","EM FRENTE AO MOTEL TURQUESA, PROX A UPA",CAXANGÁ,"","",COLISÃO LATERAL,"1,0","1,0","0,0","0,0","0,0","0,0","0,0","0,0","0,0","1,0","0,0","","","","","","","","","","","","",""
427,"202304492,0",2023-02-25T00:00:00,11:58:00,COM VÍTIMA,FINALIZADA,CAXANGÁ,AV JOAQUIM RIBEIRO,"","",APÓS. À UNINASSAU / EM FRENTE À ÁGUA MINERAL CAXANGÁ,CAXANGÁ,"","",COLISÃO LATERAL,"1,0","1,0","0,0","0,0","0,0","0,0","0,0","0,0","0,0","1,0","0,0","","","","","","","","","","","","",""
428,"202304495,0",2023-02-25T00:00:00,01:39:00,COM VÍTIMA,FINALIZADA,IMBIRIBEIRA,AV MARECHAL MASCARENHAS DE MORAES,"","",EM FRENTE A FACULDADE UNIVERSO,IMBIRIBEIRA,"","",COLISÃO TRASEIRA,"0,0","2,0","0,0","0,0","0,0","0,0","0,0","0,0","0,0","1,0","0,0","","","","","","","","","","","","",""
429,"202304498,0",2023-02-25T00:00:00,02:33:00,COM VÍTIMA,FINALIZADA,TAMARINEIRA,AV NORTE MIGUEL ARRAES DE ALENCAR,"","",LADO OPOSTO AO SESC,TAMARINEIRA,"",CIDADE,COLISÃO FRONTAL,"0,0","2,0","0,0","0,0","0,0","0,0","0,0","0,0","0,0","1,0","0,0","","","","","","","","","","","","",""
430,"202304518,0",2023-02-25T00:00:00,07:16:00,SEM VÍTIMA,CANCELADA,ARRUDA,AV PROFESSOR JOSE DOS ANJOS,8,"","PRÓX. À ACADEMIA DA CIDADE, PERTO DO BAR DO BIGODE.",ARRUDA,"","",COLISÃO TRANSVERSAL,"2,0","0,0","0,0","0,0","0,0","0,0","0,0","0,0","0,0","0,0","0,0","","","","","","","","","","","","",""
431,"202304522,0",2023-02-25T00:00:00,09:01:00,COM VÍTIMA,FINALIZADA,CAJUEIRO,AV SEBASTIAO SALAZAR,410,"",PRÓX. À IGREJA CATÓLICA DE CAJUEIRO,CAJUEIRO,"","",COLISÃO FRONTAL,"1,0","1,0","0,0","0,0","0,0","0,0","0,0","0,0","0,0","1,0","0,0","","","","","","","","","","","","",""
432,"202304523,0",2023-02-25T00:00:00,10:04:00,COM VÍTIMA,FINALIZADA,CAMPO GRANDE,RUA ODORICO MENDES,"","",EM FRENTE A GALERIA CAZÉ,CAMPO GRANDE,"",SUBURBIO,COLISÃO TRANSVERSAL,"0,0","2,0","0,0","0,0","0,0","0,0","0,0","0,0","0,0","1,0","0,0","","","","","","","","","","","","",""
433,"202304525,0",2023-02-25T00:00:00,11:24:00,SEM VÍTIMA,CANCELADA,NOVA DESCOBERTA,RUA NOVA DESCOBERTA,1309,"",PRÓXIMO A ENTRADA DO CORREGO DO EUCALIPTO,NOVA DESCOBERTA,"","",COLISÃO LATERAL,"2,0","1,0","0,0","0,0","0,0","0,0","0,0","0,0","0,0","0,0","0,0","","","","","","","","","","","","",""
434,"202304560,0",2023-02-26T00:00:00,11:12:00,COM VÍTIMA,FINALIZADA,IPSEP,RUA PINTOR ANTONIO ALBUQUERQUE,81,"",PROX. AO POSTO SHELL DA AV. RECIFE,IPSEP,"","",COLISÃO LATERAL,"1,0","1,0","0,0","0,0","0,0","0,0","0,0","0,0","0,0","1,0","0,0","","","","","","","","","","","","",""
435,"202304571,0",2023-02-26T00:00:00,02:13:00,COM VÍTIMA,FINALIZADA,GRAÇAS,AV BEIRA RIO,"",RUA CONDE DE IRAJA,NA DESCIDA DA PONTE DA TORRE,GRAÇAS,"","",COLISÃO FRONTAL,"2,0","0,0","0,0","0,0","0,0","0,0","0,0","0,0","0,0","4,0","0,0","","","","","","","","","","","","",""
436,"202304592,0",2023-02-27T00:00:00,07:39:00,COM VÍTIMA,FINALIZADA,AREIAS,AV DR JOSE RUFINO,1807,"",EM FRENTE A CRECHE MUNICIPAL TANCREDO NEVES E AO CONDOMINIO MORADA DO BARRO,AREIAS,"","",COLISÃO FRONTAL,"4,0","1,0","0,0","0,0","0,0","0,0","1,0","0,0","0,0","1,0","0,0","","","","","","","","","","","","",""
437,"202304595,0",2023-02-27T00:00:00,08:31:00,COM VÍTIMA,CANCELADA,AFOGADOS,RUA SAO MIGUEL,28,"",PROX. A MATERNIDADE BANDEIRA FILHO,AFOGADOS,"","",COLISÃO LATERAL,"1,0","1,0","0,0","0,0","0,0","0,0","0,0","0,0","0,0","1,0","0,0","","","","","","","","","","","","",""
438,"202304598,0",2023-02-27T00:00:00,08:41:00,SEM VÍTIMA,FINALIZADA,CASA AMARELA,RUA BELA VISTA,58,"",PRÓXIMO AO REI DA PICANHA,CASA AMARELA,"",SUBURBIO,COLISÃO TRANSVERSAL,"1,0","0,0","0,0","0,0","0,0","0,0","1,0","0,0","0,0","0,0","0,0","","","","","","","","","","","","",""
439,"202304600,0",2023-02-27T00:00:00,08:49:00,SEM VÍTIMA,FINALIZADA,SÃO JOSÉ,AV ENGENHEIRO JOSE ESTELITA,"","","",SÃO JOSÉ,"",SUBURBIO,COLISÃO TRASEIRA,"1,0","0,0","0,0","0,0","0,0","0,0","0,0","0,0","0,0","0,0","0,0","","","","","","","","","","","","",""