_id,Protocolo,data,hora,natureza_acidente,situacao,bairro,endereco,numero,detalhe_endereco_acidente,complemento,bairro_cruzamento,num_semaforo,sentido_via,tipo,auto,moto,ciclom,ciclista,pedestre,onibus,caminhao,viatura,outros,vitimas,vitimasfatais,acidente_verificado,tempo_clima,situacao_semaforo,sinalizacao,condicao_via,conservacao_via,ponto_controle,situacao_placa,velocidade_max_via,mao_direcao,divisao_via1,divisao_via2,divisao_via3
513,"202305263,0",2023-03-08T00:00:00,10:13:00,COM VÍTIMA,FINALIZADA,MADALENA,RUA JOSE OSORIO,680,"",EM FRENTE A LOJA DE CARRO TEXEIRA PRIME,MADALENA,"",SUBURBIO,COLISÃO FRONTAL,"1,0","1,0","0,0","0,0","0,0","0,0","0,0","0,0","0,0","1,0","0,0","","","","","","","","","","","","",""
514,"202305280,0",2023-03-08T00:00:00,11:12:00,COM VÍTIMA,FINALIZADA,MADALENA,AV ENGENHEIRO ABDIAS DE CARVALHO,336,RUA SENADOR FABIO DE BARROS,EM FRENTE AO POSTO EXTRA,MADALENA,"",SUBURBIO,COLISÃO LATERAL,"1,0","1,0","0,0","0,0","0,0","0,0","0,0","0,0","0,0","1,0","0,0","","","","","","","","","","","","",""
515,"202305283,0",2023-03-08T00:00:00,11:31:00,COM VÍTIMA,FINALIZADA,BOA VISTA,PRC MACIEL PINHEIRO,360,"","PRAÇA MACIEL PINHEIRO, HOTEL AMERICA",BOA VISTA,"",SUBURBIO,COLISÃO LATERAL,"1,0","1,0","0,0","0,0","0,0","0,0","0,0","0,0","0,0","1,0","0,0","","","","","","","","","","","","",""
516,"202305284,0",2023-03-08T00:00:00,11:31:00,COM VÍTIMA,FINALIZADA,SÃO JOSÉ,AV ENGENHEIRO JOSE ESTELITA,"","",MIRANTE DO CAIS,SÃO JOSÉ,"",CIDADE,COLISÃO TRASEIRA,"2,0","0,0","0,0","0,0","0,0","0,0","0,0","1,0","0,0","1,0","0,0","","","","","","","","","","","","",""
517,"202305285,0",2023-03-08T00:00:00,11:31:00,COM VÍTIMA,FINALIZADA,SÃO JOSÉ,C SANTA RITA,"","",EM FRENTE AO NOVO HOTEL,SÃO JOSÉ,"76,0",CIDADE,QUEDA,"0,0","1,0","0,0","0,0","0,0","0,0","0,0","0,0","0,0","1,0","0,0","","","","","","","","","","","","",""
518,"202305293,0",2023-03-08T00:00:00,12:24:00,SEM VÍTIMA,FINALIZADA,BOA VISTA,AV CONDE DA BOA VISTA,700,"",EM FRENTE AO EDIFÍCIO IOBI,BOA VISTA,"",SUBURBIO,"","2,0","0,0","0,0","0,0","0,0","0,0","0,0","0,0","0,0","0,0","0,0","","","","","","","","","","","","",""
519,"202305294,0",2023-03-08T00:00:00,12:24:00,COM VÍTIMA,FINALIZADA,CAMPO GRANDE,RUA MARQUES DE ABRANTES,171,RUA VOLUNTARIOS DA PATRIA,PROX AO RESTAURANTE SKILLUS,CAMPO GRANDE,"","",COLISÃO LATERAL,"1,0","1,0","0,0","0,0","0,0","0,0","0,0","0,0","0,0","1,0","0,0","","","","","","","","","","","","",""
520,"202305296,0",2023-03-08T00:00:00,12:58:00,COM VÍTIMA,FINALIZADA,IMBIRIBEIRA,AV MARECHAL MASCARENHAS DE MORAES,2967,"",EM FRENTE À FERREIRA COSTA,IMBIRIBEIRA,"386,0",SUBURBIO,COLISÃO LATERAL,"2,0","1,0","0,0","0,0","0,0","0,0","0,0","0,0","0,0","1,0","0,0","","","","","","","","","","","","",""
521,"202305297,0",2023-03-08T00:00:00,01:02:00,COM VÍTIMA,FINALIZADA,SANTO AMARO,AV GOVERNADOR AGAMENON MAGALHAES,"",RUA QUARENTA E OITO,EMBAIXO DO VIADUTO  DA JOAO DE BARROS  S/T RECIFE,SANTO AMARO,"",CIDADE,QUEDA,"0,0","1,0","0,0","0,0","0,0","0,0","0,0","0,0","0,0","1,0","0,0","","","","","","","","","","","","",""
522,"202305300,0",2023-03-08T00:00:00,01:23:00,COM VÍTIMA,FINALIZADA,SANTO AMARO,RUA ARNOBIO MARQUES,310,"",EM FRENTE AO HOSPITAL OSWALDO CRUZ,SANTO AMARO,"","",COLISÃO LATERAL,"1,0","1,0","0,0","0,0","0,0","0,0","0,0","0,0","0,0","1,0","0,0","","","","","","","","","","","","",""
523,"202305301,0",2023-03-08T00:00:00,01:34:00,COM VÍTIMA,FINALIZADA,AFOGADOS,RUA COSME VIANA,"",RUA TRES DE AGOSTO,NO SEMÁFOR 525,AFOGADOS,"525,0",SUBURBIO,ATROPELAMENTO DE PESSOA,"2,0","0,0","0,0","0,0","1,0","0,0","0,0","0,0","0,0","2,0","0,0","","","","","","","","","","","","",""
524,"202305302,0",2023-03-08T00:00:00,01:38:00,SEM VÍTIMA,FINALIZADA,BOA VISTA,AV GOVERNADOR AGAMENON MAGALHAES,4575,RUA GENERAL JOAQUIM INACIO,EM FRENTE AO ITAÚ,BOA VISTA,"69,0",CIDADE,COLISÃO TRASEIRA,"1,0","0,0","0,0","0,0","0,0","0,0","0,0","1,0","0,0","0,0","0,0","","","","","","","","","","","","",""
525,"202305316,0",2023-03-08T00:00:00,03:11:00,COM VÍTIMA,FINALIZADA,PARNAMIRIM,RUA PADRE ROMA,489,"",E/F AO BAR FAACA,PARNAMIRIM,"",SUBURBIO,COLISÃO COM CICLISTA,"1,0","0,0","0,0","1,0","0,0","0,0","0,0","0,0","0,0","1,0","0,0","","","","","","","","","","","","",""
526,"202305332,0",2023-03-08T00:00:00,06:21:00,COM VÍTIMA,FINALIZADA,AFOGADOS,RUA SAO MIGUEL,1694,RUA ALEXANDRE RODRIGUES FERREIRA,ENFRENTE A CASA FÚNERARIA SÃO MIGEUL,AFOGADOS,"",SUBURBIO,COLISÃO TRASEIRA,"1,0","1,0","0,0","0,0","0,0","0,0","0,0","0,0","0,0","2,0","0,0","","","","","","","","","","","","",""
527,"202305338,0",2023-03-08T00:00:00,07:40:00,COM VÍTIMA,FINALIZADA,BOA VISTA,AV VISCONDE DE SUASSUNA,305,RUA BISPO CARDOSO AYRES,LINS ADVOCACIA,BOA VISTA,"172,0",SUBURBIO,ATROPELAMENTO DE PESSOA,"1,0","0,0","0,0","0,0","1,0","0,0","0,0","0,0","0,0","1,0","0,0","","","","","","","","","","","","",""
528,"202305348,0",2023-03-09T00:00:00,05:31:00,COM VÍTIMA,FINALIZADA,ARRUDA,RUA DO MACHADO,859,"",PRÓXIMO AO CLUBE DOS IRRESPONSÁVEIS,ARRUDA,"",CIDADE,COLISÃO LATERAL,"2,0","0,0","0,0","0,0","0,0","0,0","0,0","0,0","0,0","1,0","0,0","","","","","","","","","","","","",""
529,"202305351,0",2023-03-09T00:00:00,06:35:00,COM VÍTIMA,FINALIZADA,IPSEP,AV RECIFE,"",AV SENADOR ROBERT KENNEDY,"NO SEMAFORO 319,",IPSEP,"319,0",CIDADE,COLISÃO TRASEIRA,"3,0","0,0","0,0","0,0","0,0","0,0","0,0","0,0","0,0","1,0","0,0","","","","","","","","","","","","",""
530,"202305366,0",2023-03-09T00:00:00,08:15:00,COM VÍTIMA,FINALIZADA,TAMARINEIRA,AV NORTE MIGUEL ARRAES DE ALENCAR,4058,"",PRÓX. AO NEXOS HOTEL,TAMARINEIRA,"","",ATROPELAMENTO DE PESSOA,"0,0","1,0","0,0","0,0","1,0","0,0","0,0","0,0","0,0","2,0","0,0","","","","","","","","","","","","",""
531,"202305375,0",2023-03-09T00:00:00,09:46:00,COM VÍTIMA,FINALIZADA,IPUTINGA,AV ENGENHEIRO ABDIAS DE CARVALHO,819,"",EM FRENTE AO NUMERO 807,IPUTINGA,"","",COLISÃO TRASEIRA,"1,0","1,0","0,0","0,0","0,0","0,0","0,0","0,0","0,0","1,0","0,0","","","","","","","","","","","","",""
532,"202305381,0",2023-03-09T00:00:00,10:44:00,COM VÍTIMA,FINALIZADA,CABANGA,RUA BITURI,93,RUA BUJARI,PROX. A COMPESA,CABANGA,"",SUBURBIO,COLISÃO LATERAL,"0,0","1,0","0,0","0,0","0,0","0,0","1,0","0,0","0,0","1,0","0,0","","","","","","","","","","","","",""
533,"202305385,0",2023-03-09T00:00:00,11:55:00,COM VÍTIMA,CANCELADA,CORDEIRO,AV GENERAL SAN MARTIN,706,"",EM FRENTE A FARMACIA PAGUE MENOS,CORDEIRO,"","",COLISÃO TRASEIRA,"2,0","0,0","0,0","0,0","0,0","0,0","0,0","0,0","0,0","1,0","0,0","","","","","","","","","","","","",""
534,"202305398,0",2023-03-09T00:00:00,03:17:00,COM VÍTIMA,FINALIZADA,CORDEIRO,AV GENERAL SAN MARTIN,1208,"",COMPAZ ARIANO SUASSUNA,CORDEIRO,"","",COLISÃO LATERAL,"1,0","1,0","0,0","0,0","0,0","0,0","0,0","0,0","0,0","1,0","0,0","","","","","","","","","","","","",""
535,"202305460,0",2023-03-10T00:00:00,09:17:00,COM VÍTIMA,FINALIZADA,SANTO AMARO,AV CRUZ CABUGA,1200,RUA LEAO FALCAO,EM FRENTE AO HOSPITAL NAVAL,SANTO AMARO,"",SUBURBIO,COLISÃO LATERAL,"1,0","1,0","0,0","0,0","0,0","0,0","0,0","0,0","0,0","2,0","0,0","","","","","","","","","","","","",""
536,"202305473,0",2023-03-10T00:00:00,10:26:00,COM VÍTIMA,FINALIZADA,ÁGUA FRIA,AV BEBERIBE,1803,RUA ZEFERINO AGRA,PROX. AO MAGAZINE LUIZA,ÁGUA FRIA,"",CIDADE,COLISÃO LATERAL,"1,0","1,0","0,0","0,0","0,0","0,0","0,0","0,0","0,0","2,0","0,0","","","","","","","","","","","","",""
537,"202305476,0",2023-03-10T00:00:00,11:00:00,COM VÍTIMA,FINALIZADA,IBURA,AV DOIS RIOS,443,"",PRÓX AO SESI,IBURA,"",SUBURBIO,COLISÃO FRONTAL,"1,0","1,0","0,0","0,0","0,0","0,0","0,0","0,0","0,0","2,0","0,0","","","","","","","","","","","","",""
538,"202305515,0",2023-03-10T00:00:00,05:39:00,COM VÍTIMA,FINALIZADA,AFOGADOS,RUA SAO MIGUEL,1630,"",CHURRASCARIA CHARQUE NA BRASA,AFOGADOS,"",CIDADE,COLISÃO LATERAL,"0,0","2,0","0,0","0,0","0,0","0,0","0,0","0,0","0,0","1,0","0,0","","","","","","","","","","","","",""
539,"202305519,0",2023-03-10T00:00:00,06:45:00,SEM VÍTIMA,CANCELADA,CAMPO GRANDE,RUA FRANKLIN TAVORA,321,"",COLÉGIO SABER,CAMPO GRANDE,"","",COLISÃO FRONTAL,"2,0","0,0","0,0","0,0","0,0","0,0","0,0","0,0","0,0","0,0","0,0","","","","","","","","","","","","",""
540,"202305532,0",2023-03-10T00:00:00,10:51:00,SEM VÍTIMA,FINALIZADA,DERBY,AV GOVERNADOR AGAMENON MAGALHAES,4318,"",EM FRENTE AO EMPRESARIAL RENATO DIAS,DERBY,"",SUBURBIO,"","2,0","0,0","0,0","0,0","0,0","0,0","0,0","0,0","0,0","0,0","0,0","","","","","","","","","","","","",""
541,"202305544,0",2023-03-11T00:00:00,07:34:00,SEM VÍTIMA,FINALIZADA,PINA,AV ENGENHEIRO DOMINGOS FERREIRA,112,"",EM FRENTE AO POSTO PETRONAC,PINA,"","",COLISÃO TRASEIRA,"2,0","0,0","0,0","0,0","0,0","0,0","0,0","0,0","0,0","0,0","0,0","","","","","","","","","","","","",""
542,"202305549,0",2023-03-11T00:00:00,08:46:00,COM VÍTIMA,FINALIZADA,ENCRUZILHADA,AV BEBERIBE,487,RUA PROFESSOR JERONIMO GUEIROS,EM FRENTE A COOPERATIVA ALIANÇA,ENCRUZILHADA,"",SUBURBIO,COLISÃO FRONTAL,"2,0","1,0","0,0","0,0","0,0","0,0","0,0","0,0","0,0","1,0","0,0","","","","","","","","","","","","",""
543,"202305561,0",2023-03-11T00:00:00,10:21:00,COM VÍTIMA,FINALIZADA,CASA AMARELA,RUA PADRE LEMOS,391,AV PEDRO ALLAIN,EM FRENTE A CASAPIO,CASA AMARELA,"","",COLISÃO LATERAL,"0,0","1,0","0,0","0,0","0,0","0,0","1,0","0,0","0,0","1,0","0,0","","","","","","","","","","","","",""
544,"202305572,0",2023-03-11T00:00:00,12:06:00,SEM VÍTIMA,FINALIZADA,ÁGUA FRIA,EST VELHA DE AGUA FRIA,824,"",APÓS MILENA MÓVEIS E ELETRO,ÁGUA FRIA,"","",COLISÃO TRASEIRA,"1,0","0,0","0,0","0,0","0,0","0,0","2,0","0,0","0,0","0,0","0,0","","","","","","","","","","","","",""
545,"202305617,0",2023-03-11T00:00:00,07:35:00,SEM VÍTIMA,CANCELADA,CORDEIRO,AV CAXANGA,"","",EM FRENTE AO PARQUE DE EXPOSIÇÕES DE ANIMAIS DO CORDEIRO,CORDEIRO,"",CIDADE,COLISÃO TRASEIRA,"2,0","0,0","0,0","0,0","0,0","0,0","0,0","0,0","0,0","0,0","0,0","","","","","","","","","","","","",""
546,"202305618,0",2023-03-11T00:00:00,08:39:00,COM VÍTIMA,CANCELADA,TORRÕES,AV ENGENHEIRO ABDIAS DE CARVALHO,"","",EM FRENTE A UPA DOS TORRÕES,TORRÕES,"",CIDADE,COLISÃO TRASEIRA,"1,0","1,0","0,0","0,0","0,0","0,0","0,0","0,0","0,0","2,0","0,0","","","","","","","","","","","","",""
547,"202305619,0",2023-03-11T00:00:00,08:46:00,COM VÍTIMA,FINALIZADA,IBURA,AV DOIS RIOS,"","",PROXIMO A POLICLINICA ARNALDO MARQUES,IBURA,"707,0",SUBURBIO,COLISÃO FRONTAL,"1,0","1,0","0,0","0,0","0,0","0,0","0,0","0,0","0,0","1,0","0,0","","","","","","","","","","","","",""
548,"202305624,0",2023-03-12T00:00:00,02:06:00,SEM VÍTIMA,FINALIZADA,AFOGADOS,RUA JOAO IVO DA SILVA,"","",EM FRENTE FIAT FIORI,AFOGADOS,"",SUBURBIO,"","1,0","0,0","0,0","0,0","0,0","0,0","1,0","0,0","0,0","0,0","0,0","","","","","","","","","","","","",""
549,"202305662,0",2023-03-12T00:00:00,01:17:00,SEM VÍTIMA,CANCELADA,SÃO JOSÉ,RUA IMPERIAL,"","",EMBAIXO DO VIADUTO DO METRO DE AFOGADOS,SÃO JOSÉ,"","",COLISÃO TRASEIRA,"1,0","0,0","0,0","0,0","0,0","0,0","0,0","1,0","0,0","0,0","0,0","","","","","","","","","","","","",""
550,"202305717,0",2023-03-13T00:00:00,11:44:00,COM VÍTIMA,FINALIZADA,ESPINHEIRO,AV NORTE MIGUEL ARRAES DE ALENCAR,11,"",FREITOS MOTOPEÇAS,ESPINHEIRO,"",CIDADE,COLISÃO LATERAL,"1,0","1,0","0,0","0,0","0,0","0,0","0,0","0,0","0,0","1,0","0,0","","","","","","","","","","","","",""
551,"202305721,0",2023-03-13T00:00:00,12:44:00,COM VÍTIMA,FINALIZADA,BOA VIAGEM,RUA FELIX DE BRITO E MELO,728,"",APOS O BIG BOMPREÇO,BOA VIAGEM,"",CIDADE,COLISÃO COM CICLISTA,"1,0","0,0","0,0","1,0","0,0","0,0","0,0","0,0","0,0","1,0","0,0","","","","","","","","","","","","",""
552,"202305735,0",2023-03-13T00:00:00,05:31:00,COM VÍTIMA,FINALIZADA,BARRO,AV DR JOSE RUFINO,2887,RUA LUIZ SOARES,E/F AO MIRANTE DO RECIFE,BARRO,"",SUBURBIO,COLISÃO LATERAL,"1,0","1,0","0,0","0,0","0,0","0,0","0,0","0,0","0,0","2,0","0,0","","","","","","","","","","","","",""
553,"202305738,0",2023-03-13T00:00:00,06:09:00,COM VÍTIMA,FINALIZADA,SANTO ANTÔNIO,PRC DA REPUBLICA,"","","",SANTO ANTÔNIO,"","",COLISÃO LATERAL,"1,0","1,0","0,0","0,0","0,0","0,0","0,0","0,0","0,0","1,0","0,0","","","","","","","","","","","","",""
554,"202305750,0",2023-03-13T00:00:00,09:42:00,SEM VÍTIMA,CANCELADA,IPUTINGA,RUA SAO MATEUS,717,"",COM A RUA CESSÁRIO CAMPELO,IPUTINGA,"","",COLISÃO LATERAL,"1,0","1,0","0,0","0,0","0,0","0,0","0,0","0,0","0,0","0,0","0,0","","","","","","","","","","","","",""
555,"202305766,0",2023-03-14T00:00:00,07:32:00,COM VÍTIMA,FINALIZADA,BOA VIAGEM,RUA PADRE CABRAL,86,RUA JOSE DOMINGUES DA SILVA,AO LADO DO EDIFICIO BARCELONA,BOA VIAGEM,"",SUBURBIO,COLISÃO LATERAL,"1,0","1,0","0,0","0,0","0,0","0,0","0,0","0,0","0,0","1,0","0,0","","","","","","","","","","","","",""
556,"202305777,0",2023-03-14T00:00:00,08:33:00,COM VÍTIMA,FINALIZADA,AFOGADOS,RUA NICOLAU PEREIRA,"",RUA DA PAZ,PRÓX. À SUCATA DO AZULEJO,AFOGADOS,"","",COLISÃO LATERAL,"1,0","1,0","0,0","0,0","0,0","0,0","0,0","0,0","0,0","1,0","0,0","","","","","","","","","","","","",""
557,"202305782,0",2023-03-14T00:00:00,09:01:00,COM VÍTIMA,FINALIZADA,IMBIRIBEIRA,RUA ARQUITETO LUIZ NUNES,99,"",NO FINAL DA PONTE GILBERTO FREIRES,IMBIRIBEIRA,"",CIDADE,QUEDA,"0,0","0,0","0,0","1,0","0,0","0,0","0,0","0,0","0,0","1,0","0,0","","","","","","","","","","","","",""
558,"202305794,0",2023-03-14T00:00:00,10:50:00,COM VÍTIMA,FINALIZADA,PINA,AV CONSELHEIRO AGUIAR,914,"",HOTEL MALIBU,PINA,"",CIDADE,COLISÃO LATERAL,"1,0","1,0","0,0","0,0","0,0","0,0","0,0","0,0","0,0","1,0","0,0","","","","","","","","","","","","",""
559,"202305812,0",2023-03-14T00:00:00,12:49:00,COM VÍTIMA,FINALIZADA,FUNDÃO,AV BEBERIBE,2406,RUA SAO JOAQUIM DO MONTE,EM FRENTE AO PRESSÃO MIX BAR,FUNDÃO,"153,0",SUBURBIO,COLISÃO LATERAL,"1,0","1,0","0,0","0,0","0,0","0,0","0,0","0,0","0,0","1,0","0,0","","","","","","","","","","","","",""
560,"202305820,0",2023-03-14T00:00:00,01:59:00,COM VÍTIMA,CANCELADA,CASA AMARELA,RUA DA HARMONIA,584,"",PROX A ESCOLA VILA SÉZAMO,CASA AMARELA,"","",COLISÃO COM CICLISTA,"1,0","0,0","0,0","1,0","0,0","0,0","0,0","0,0","0,0","1,0","0,0","","","","","","","","","","","","",""
561,"202305822,0",2023-03-14T00:00:00,02:19:00,SEM VÍTIMA,FINALIZADA,SANTO AMARO,AV NORTE MIGUEL ARRAES DE ALENCAR,767,AV CRUZ CABUGA,AV.  CRUZ CABUGÁ,SANTO AMARO,"34,0",CIDADE,COLISÃO TRASEIRA,"2,0","0,0","0,0","0,0","0,0","0,0","0,0","0,0","0,0","0,0","0,0","","","","","","","","","","","","",""
562,"202305823,0",2023-03-14T00:00:00,02:28:00,COM VÍTIMA,FINALIZADA,SÃO JOSÉ,RUA SAO JOAO,"",RUA VIDAL DE NEGREIROS,EM FRENTE A PRAÇA DAS CINCO PONTAS,SÃO JOSÉ,"",CIDADE,COLISÃO LATERAL,"1,0","1,0","0,0","0,0","0,0","0,0","0,0","0,0","0,0","1,0","0,0","","","","","","","","","","","","",""
563,"202305834,0",2023-03-14T00:00:00,04:45:00,SEM VÍTIMA,FINALIZADA,IMBIRIBEIRA,RUA DR TAVARES CORREIA,86,RUA JOAQUIM PESSOA,PRÓXIMO À MARCOPOLO,IMBIRIBEIRA,"",SUBURBIO,"","2,0","0,0","0,0","0,0","0,0","0,0","0,0","0,0","0,0","0,0","0,0","","","","","","","","","","","","",""
564,"202305838,0",2023-03-14T00:00:00,05:20:00,COM VÍTIMA,FINALIZADA,SÃO JOSÉ,C SANTA RITA,"","",SOB O SEMÁFORO 076,SÃO JOSÉ,"76,0","",COLISÃO LATERAL,"1,0","1,0","0,0","0,0","0,0","0,0","0,0","0,0","0,0","1,0","0,0","","","","","","","","","","","","",""
565,"202305843,0",2023-03-14T00:00:00,07:23:00,COM VÍTIMA,FINALIZADA,ENCRUZILHADA,AV BEBERIBE,484,RUA PROFESSOR JERONIMO GUEIROS,EM FRENTE AO BANCO DO BRASIL,ENCRUZILHADA,"",SUBURBIO,COLISÃO FRONTAL,"1,0","1,0","0,0","0,0","0,0","0,0","0,0","0,0","0,0","1,0","0,0","","","","","","","","","","","","",""
566,"202305847,0",2023-03-14T00:00:00,09:09:00,SEM VÍTIMA,FINALIZADA,ARRUDA,AV BEBERIBE,"","",EM FRENTE AO 433,ARRUDA,"",SUBURBIO,COLISÃO TRASEIRA,"1,0","1,0","0,0","0,0","0,0","0,0","0,0","0,0","0,0","0,0","0,0","","","","","","","","","","","","",""
567,"202305849,0",2023-03-15T00:00:00,04:21:00,SEM VÍTIMA,FINALIZADA,ENGENHO DO MEIO,RUA LINDOLFO COLOR,293,RUA ANTONIO CURADO,"",ENGENHO DO MEIO,"395,0",SUBURBIO,CHOQUE,"1,0","0,0","0,0","0,0","0,0","0,0","0,0","0,0","0,0","0,0","0,0","","","","","","","","","","","","",""
568,"202305863,0",2023-03-15T00:00:00,07:59:00,COM VÍTIMA,FINALIZADA,IMBIRIBEIRA,AV MARECHAL MASCARENHAS DE MORAES,1801,"",EM FRENTE A HONDA,IMBIRIBEIRA,"",CIDADE,QUEDA,"0,0","1,0","0,0","0,0","0,0","0,0","0,0","0,0","0,0","1,0","0,0","","","","","","","","","","","","",""
569,"202305880,0",2023-03-15T00:00:00,10:16:00,COM VÍTIMA,FINALIZADA,CASA AMARELA,AV NORTE MIGUEL ARRAES DE ALENCAR,"","",AV PROF JOSÉ DOS ANJOS,CASA AMARELA,"364,0","",QUEDA,"0,0","1,0","0,0","0,0","0,0","0,0","0,0","0,0","0,0","1,0","0,0","","","","","","","","","","","","",""
570,"202305883,0",2023-03-09T00:00:00,09:37:00,COM VÍTIMA,FINALIZADA,IPSEP,RUA SAO NICOLAU,"",RUA ABDIAS CABRAL DE MOURA,CRUZAMANTO,IPSEP,"","",COLISÃO COM CICLISTA,"1,0","0,0","0,0","1,0","0,0","0,0","0,0","0,0","0,0","1,0","0,0","","","","","","","","","","","","",""
571,"202305889,0",2023-03-15T00:00:00,11:26:00,COM VÍTIMA,FINALIZADA,ENCRUZILHADA,AV BEBERIBE,"",RUA DA CORAGEM,NO SEMAFORO 186,ENCRUZILHADA,"","",COLISÃO FRONTAL,"1,0","2,0","0,0","0,0","0,0","0,0","0,0","0,0","0,0","1,0","0,0","","","","","","","","","","","","",""
572,"202305899,0",2023-03-15T00:00:00,01:41:00,COM VÍTIMA,FINALIZADA,SAN MARTIN,RUA VINTE E UM DE ABRIL,3010,RUA ARSENIO CALACA,PROX AO BPTRAN,SAN MARTIN,"",CIDADE,COLISÃO TRASEIRA,"1,0","1,0","0,0","0,0","0,0","0,0","0,0","0,0","0,0","1,0","0,0","","","","","","","","","","","","",""
573,"202305905,0",2023-03-15T00:00:00,03:10:00,COM VÍTIMA,FINALIZADA,BOMBA DO HEMETÉRIO,RUA ITABIRA,160,"",UPA EDUARDO CAMPOS,BOMBA DO HEMETÉRIO,"","",COLISÃO LATERAL,"1,0","1,0","0,0","0,0","0,0","0,0","0,0","0,0","0,0","1,0","0,0","","","","","","","","","","","","",""
574,"202305915,0",2023-03-15T00:00:00,05:10:00,COM VÍTIMA,FINALIZADA,LINHA DO TIRO,RUA URIEL DE HOLANDA,938,"",PRÓXIMO AO CAMPO DO CAFÉ,LINHA DO TIRO,"",CIDADE,COLISÃO FRONTAL,"1,0","1,0","0,0","0,0","0,0","0,0","0,0","1,0","0,0","1,0","0,0","","","","","","","","","","","","",""
575,"202305930,0",2023-03-15T00:00:00,07:40:00,SEM VÍTIMA,CANCELADA,CIDADE UNIVERSITÁRIA,RUA EMILIANO BRAGA,"","",COM A RUA CHAVES BATISTA,CIDADE UNIVERSITÁRIA,"","",COLISÃO LATERAL,"1,0","0,0","0,0","0,0","0,0","0,0","1,0","0,0","0,0","0,0","0,0","","","","","","","","","","","","",""
576,"202305955,0",2023-03-16T00:00:00,08:52:00,COM VÍTIMA,FINALIZADA,IPSEP,AV RECIFE,3129,"",AO LADO DO MURO DO AEROPORTO / PROX AO SEMÁFORO 130,IPSEP,"130,0",CIDADE,COLISÃO TRASEIRA,"1,0","1,0","0,0","0,0","0,0","0,0","0,0","0,0","0,0","1,0","0,0","","","","","","","","","","","","",""
577,"202305957,0",2023-03-16T00:00:00,09:02:00,SEM VÍTIMA,CANCELADA,TAMARINEIRA,RUA CONEGO BARATA,275,"",EM FRENTE A FERREIRA COSTA,TAMARINEIRA,"","",COLISÃO TRASEIRA,"2,0","0,0","0,0","0,0","0,0","0,0","0,0","0,0","0,0","0,0","0,0","","","","","","","","","","","","",""
578,"202305967,0",2023-03-16T00:00:00,10:44:00,COM VÍTIMA,FINALIZADA,SÃO JOSÉ,VDO DAS CINCO PONTAS,"","",SENT. CIDADE,SÃO JOSÉ,"","",QUEDA,"0,0","1,0","0,0","0,0","0,0","0,0","0,0","0,0","0,0","1,0","0,0","","","","","","","","","","","","",""
579,"202305969,0",2023-03-16T00:00:00,10:45:00,COM VÍTIMA,FINALIZADA,FUNDÃO,RUA DO MACHADO,987A,"",PROX A MARCENARIA PINOS TUDO,FUNDÃO,"","",COLISÃO LATERAL,"1,0","0,0","0,0","0,0","0,0","0,0","0,0","0,0","0,0","1,0","0,0","","","","","","","","","","","","",""
580,"202305972,0",2023-03-16T00:00:00,10:56:00,COM VÍTIMA,FINALIZADA,MACAXEIRA,AV NORTE MIGUEL ARRAES DE ALENCAR,33,"","VERIFICADO ÓLEO NA VIA NO SENTIDO CIDADE, CAUSANDO  RISCO DE ACIDENTE NO  LOCAL .  NECESSÁRIO PÓ DE SERRA. NA FRENTE DO PARQUE DA MACAXEIRA.",MACAXEIRA,"296,0",CIDADE,TOMBAMENTO,"0,0","1,0","0,0","0,0","0,0","0,0","0,0","0,0","0,0","1,0","0,0","","","","","","","","","","","","",""
581,"202305974,0",2023-03-16T00:00:00,10:58:00,COM VÍTIMA,FINALIZADA,ILHA DO LEITE,AV GOVERNADOR AGAMENON MAGALHAES,"","",EM FRENTE AO HOSPITAL PORTUGUES,ILHA DO LEITE,"","",QUEDA,"0,0","1,0","0,0","0,0","0,0","0,0","0,0","0,0","0,0","1,0","0,0","","","","","","","","","","","","",""
582,"202305976,0",2023-03-16T00:00:00,11:14:00,COM VÍTIMA,FINALIZADA,IPUTINGA,AV MAURICIO DE NASSAU,164,"",PROX AO VIADUTO DA CAXANGA,IPUTINGA,"","",COLISÃO LATERAL,"1,0","1,0","0,0","0,0","0,0","0,0","0,0","0,0","0,0","1,0","0,0","","","","","","","","","","","","",""
583,"202305987,0",2023-03-16T00:00:00,11:54:00,COM VÍTIMA,FINALIZADA,IMBIRIBEIRA,AV MARECHAL MASCARENHAS DE MORAES,"","",NO SEMAFORO 396,IMBIRIBEIRA,"396,0",SUBURBIO,COLISÃO TRASEIRA,"1,0","1,0","0,0","0,0","0,0","0,0","0,0","0,0","0,0","1,0","0,0","","","","","","","","","","","","",""
584,"202305993,0",2023-03-16T00:00:00,01:11:00,COM VÍTIMA,FINALIZADA,VÁRZEA,AV CAXANGA,4973,"","",VÁRZEA,"","",QUEDA,"0,0","1,0","0,0","0,0","0,0","0,0","0,0","0,0","0,0","1,0","0,0","","","","","","","","","","","","",""
585,"202305994,0",2023-03-16T00:00:00,01:11:00,COM VÍTIMA,FINALIZADA,VÁRZEA,AV CAXANGA,4973,"","",VÁRZEA,"","",QUEDA,"0,0","1,0","0,0","0,0","0,0","0,0","0,0","0,0","0,0","1,0","0,0","","","","","","","","","","","","",""