_id,Protocolo,data,hora,natureza_acidente,situacao,bairro,endereco,numero,detalhe_endereco_acidente,complemento,bairro_cruzamento,num_semaforo,sentido_via,tipo,auto,moto,ciclom,ciclista,pedestre,onibus,caminhao,viatura,outros,vitimas,vitimasfatais,acidente_verificado,tempo_clima,situacao_semaforo,sinalizacao,condicao_via,conservacao_via,ponto_controle,situacao_placa,velocidade_max_via,mao_direcao,divisao_via1,divisao_via2,divisao_via3
586,"202305997,0",2023-03-16T00:00:00,01:25:00,COM VÍTIMA,FINALIZADA,ESTÂNCIA,AV RECIFE,"","",LADO OPOSTO AO ANTIGO MAKRO/ SENTIDO BR,ESTÂNCIA,"621,0","",COLISÃO TRASEIRA,"2,0","1,0","0,0","0,0","0,0","0,0","0,0","0,0","0,0","1,0","0,0","","","","","","","","","","","","",""
587,"202306002,0",2023-03-16T00:00:00,03:41:00,SEM VÍTIMA,CANCELADA,TORREÃO,RUA DJALMA FARIAS,265,"",ACADEMIA DA CIDADE,TORREÃO,"","",COLISÃO LATERAL,"1,0","0,0","0,0","0,0","0,0","0,0","0,0","1,0","0,0","0,0","0,0","","","","","","","","","","","","",""
588,"202306006,0",2023-03-16T00:00:00,04:39:00,SEM VÍTIMA,FINALIZADA,SANTO AMARO,RUA DR CARLOS CHAGAS,112,RUA ALUISIO DE AZEVEDO,EM FRENTE AO COLÉGIO ÚNICO,SANTO AMARO,"","","","2,0","0,0","0,0","0,0","0,0","0,0","0,0","0,0","0,0","0,0","0,0","","","","","","","","","","","","",""
589,"202306034,0",2023-03-17T00:00:00,08:30:00,COM VÍTIMA,FINALIZADA,CAMPO GRANDE,RUA DJALMA FARIAS,170,RUA PADRE MIGUELINHO,PROX. A IGREJA ASSEMBLEIA DE DEUS,CAMPO GRANDE,"","",COLISÃO LATERAL,"1,0","1,0","0,0","0,0","0,0","0,0","0,0","0,0","0,0","1,0","0,0","","","","","","","","","","","","",""
590,"202306041,0",2023-03-17T00:00:00,09:26:00,COM VÍTIMA,FINALIZADA,IMBIRIBEIRA,AV MARECHAL MASCARENHAS DE MORAES,570,"",EM FRENTE AO ARMAZÉM CORAL,IMBIRIBEIRA,"286,0",SUBURBIO,COLISÃO LATERAL,"1,0","1,0","0,0","0,0","0,0","0,0","0,0","0,0","0,0","1,0","0,0","","","","","","","","","","","","",""
591,"202306075,0",2023-03-17T00:00:00,02:28:00,COM VÍTIMA,FINALIZADA,AFLITOS,AV CONS ROSA E SILVA,"","",AO LADO DA HABIB`S,AFLITOS,"",SUBURBIO,COLISÃO TRASEIRA,"1,0","1,0","0,0","0,0","0,0","0,0","0,0","0,0","0,0","1,0","0,0","","","","","","","","","","","","",""
592,"202306137,0",2023-03-18T00:00:00,11:41:00,COM VÍTIMA,FINALIZADA,PINA,RUA VERA CRUZ,1,RUA JEMIL ASFORA,EM FRENTE AO MERCADINHO BEIRA RIO,PINA,"","",COLISÃO LATERAL,"0,0","1,0","0,0","0,0","0,0","0,0","1,0","0,0","0,0","1,0","0,0","","","","","","","","","","","","",""
593,"202306141,0",2023-03-18T00:00:00,12:46:00,COM VÍTIMA,FINALIZADA,SÃO JOSÉ,PRC DAS CINCO PONTAS,"",RUA SAO JOAO,AO LADO DO FORTE DAS CINCO PONTAS S/T  IMPERIAL  NO SEMAFORO 199,SÃO JOSÉ,"199,0",SUBURBIO,COLISÃO FRONTAL,"1,0","1,0","0,0","0,0","0,0","0,0","0,0","0,0","0,0","1,0","0,0","","","","","","","","","","","","",""
594,"202306158,0",2023-03-18T00:00:00,04:11:00,SEM VÍTIMA,FINALIZADA,IMBIRIBEIRA,AV MARECHAL MASCARENHAS DE MORAES,2000,"",E/F ALUMI AÇO  S/T CID,IMBIRIBEIRA,"","",COLISÃO TRASEIRA,"2,0","0,0","0,0","0,0","0,0","0,0","0,0","0,0","0,0","0,0","0,0","","","","","","","","","","","","",""
595,"202306162,0",2023-03-18T00:00:00,05:22:00,COM VÍTIMA,FINALIZADA,IPUTINGA,EST DO BARBALHO,1069,"",AO LADO DO DETRAN,IPUTINGA,"","",COLISÃO TRASEIRA,"1,0","1,0","0,0","0,0","0,0","0,0","0,0","0,0","0,0","1,0","0,0","","","","","","","","","","","","",""
596,"202306174,0",2023-03-18T00:00:00,11:31:00,COM VÍTIMA,FINALIZADA,AREIAS,AV DR JOSE RUFINO,1228,"",AO LADO DO SENAI,AREIAS,"",CIDADE,COLISÃO TRASEIRA,"1,0","1,0","0,0","0,0","0,0","0,0","0,0","0,0","0,0","1,0","0,0","","","","","","","","","","","","",""
597,"202306178,0",2023-03-19T00:00:00,03:26:00,COM VÍTIMA,FINALIZADA,JIQUIÁ,RUA SAO MIGUEL,2035,"",POSTO PETROISA E POSTO IPIRANGA,JIQUIÁ,"","",CHOQUE,"1,0","0,0","0,0","0,0","0,0","1,0","0,0","0,0","0,0","1,0","0,0","","","","","","","","","","","","",""
598,"202306189,0",2023-03-19T00:00:00,07:34:00,COM VÍTIMA,FINALIZADA,PRADO,AV ENGENHEIRO ABDIAS DE CARVALHO,1111,RUA SANTA EDWIRGES,EM FRENTE AO ENGEFRIO,PRADO,"354,0",SUBURBIO,COLISÃO FRONTAL,"1,0","1,0","0,0","0,0","0,0","0,0","0,0","0,0","0,0","1,0","0,0","","","","","","","","","","","","",""
599,"202306212,0",2023-03-19T00:00:00,02:22:00,COM VÍTIMA,FINALIZADA,AREIAS,AV RECIFE,924,"",EM FRENTE À CHURRASCARIA PAJUÇARA,AREIAS,"","",COLISÃO LATERAL,"1,0","1,0","0,0","0,0","0,0","0,0","0,0","0,0","0,0","1,0","0,0","","","","","","","","","","","","",""
600,"202306231,0",2023-03-20T00:00:00,07:15:00,COM VÍTIMA,FINALIZADA,CAXANGÁ,AV CAXANGA,985,"",PROXIMIDADES DA FACULDADE SANTA HELENA,CAXANGÁ,"",CIDADE,COLISÃO TRASEIRA,"1,0","1,0","0,0","0,0","0,0","0,0","0,0","0,0","0,0","1,0","0,0","","","","","","","","","","","","",""
601,"202306241,0",2023-03-20T00:00:00,08:18:00,COM VÍTIMA,FINALIZADA,PRADO,AV ENGENHEIRO ABDIAS DE CARVALHO,"","",EM FRENTE AO COMPAZ,PRADO,"688,0",CIDADE,COLISÃO TRASEIRA,"1,0","1,0","0,0","0,0","0,0","0,0","0,0","0,0","0,0","1,0","0,0","","","","","","","","","","","","",""
602,"202306243,0",2023-03-20T00:00:00,08:47:00,COM VÍTIMA,CANCELADA,BOA VIAGEM,AV BOA VIAGEM,"","",REF: PARQUE DONA LLINDÚ,BOA VIAGEM,"","",COLISÃO TRASEIRA,"3,0","1,0","0,0","0,0","0,0","0,0","0,0","0,0","0,0","1,0","0,0","","","","","","","","","","","","",""
603,"202306256,0",2023-03-20T00:00:00,05:27:00,COM VÍTIMA,FINALIZADA,CAXANGÁ,AV CAXANGA,"","",AO LADO DO CAXANGÁ GOLF CLUB,CAXANGÁ,"","",QUEDA,"0,0","1,0","0,0","0,0","0,0","0,0","0,0","0,0","0,0","1,0","0,0","","","","","","","","","","","","",""
604,"202306257,0",2023-03-20T00:00:00,05:35:00,COM VÍTIMA,FINALIZADA,PINA,RUA MANOEL DE BRITO,28,"",NA RUA DO HOTEL CORPOS,PINA,"","",COLISÃO LATERAL,"1,0","1,0","0,0","0,0","0,0","0,0","0,0","0,0","0,0","2,0","0,0","","","","","","","","","","","","",""
605,"202306262,0",2023-03-20T00:00:00,07:52:00,COM VÍTIMA,FINALIZADA,IBURA,AV DOIS RIOS,106,"",PRÓXIMO A CLINICA LP SAÚDE,IBURA,"351,0",SUBURBIO,COLISÃO LATERAL,"1,0","1,0","0,0","0,0","0,0","0,0","0,0","0,0","0,0","1,0","0,0","","","","","","","","","","","","",""
606,"202306263,0",2023-03-20T00:00:00,08:08:00,COM VÍTIMA,FINALIZADA,PINA,AV HERCULANO BANDEIRA,"","",FINAL DA PONTE E INICIO DA HERCULANO BANDEIRA,PINA,"",SUBURBIO,COLISÃO TRASEIRA,"1,0","1,0","0,0","0,0","0,0","0,0","0,0","0,0","0,0","1,0","0,0","","","","","","","","","","","","",""
607,"202306265,0",2023-03-20T00:00:00,10:32:00,SEM VÍTIMA,FINALIZADA,GRAÇAS,RUA JOAQUIM NABUCO,"","",AO LADO DO HOSPITAL DA RESTAURAÇÃO,GRAÇAS,"","","","1,0","0,0","0,0","0,0","0,0","0,0","1,0","0,0","0,0","0,0","0,0","","","","","","","","","","","","",""
608,"202306266,0",2023-03-20T00:00:00,10:51:00,COM VÍTIMA,FINALIZADA,CABANGA,AV ENGENHEIRO JOSE ESTELITA,"","",PRÓXIMO AOS PREDIOS DA MOURA DOUBEX,CABANGA,"",SUBURBIO,CHOQUE,"0,0","1,0","0,0","0,0","0,0","0,0","0,0","0,0","0,0","1,0","0,0","","","","","","","","","","","","",""
609,"202306278,0",2023-03-21T00:00:00,07:08:00,COM VÍTIMA,CANCELADA,DERBY,PRC DO DERBY,177,"",EM FRENTE AO JOSE ROCHA DE SA DIAGNOSTICO,DERBY,"","",QUEDA,"0,0","1,0","0,0","0,0","0,0","0,0","0,0","0,0","0,0","1,0","0,0","","","","","","","","","","","","",""
610,"202306282,0",2023-03-21T00:00:00,07:59:00,COM VÍTIMA,FINALIZADA,SANTO AMARO,AV NORTE MIGUEL ARRAES DE ALENCAR,"","",PONTE DO LIMOEIRO,SANTO AMARO,"243,0","",QUEDA,"0,0","1,0","0,0","0,0","0,0","0,0","0,0","0,0","0,0","1,0","0,0","","","","","","","","","","","","",""
611,"202306284,0",2023-03-21T00:00:00,08:42:00,COM VÍTIMA,FINALIZADA,IPUTINGA,AV CAXANGA,5808,AV AFONSO OLINDENSE,PRÓX A UPA,IPUTINGA,"568,0","",COLISÃO FRONTAL,"0,0","2,0","0,0","0,0","0,0","0,0","0,0","0,0","0,0","1,0","0,0","","","","","","","","","","","","",""
612,"202306321,0",2023-03-21T00:00:00,01:00:00,COM VÍTIMA,CANCELADA,BEBERIBE,PRC DA CONVENCAO,53,"",EM FRENTE A DROGASIL,BEBERIBE,"","",COLISÃO TRASEIRA,"0,0","1,0","0,0","0,0","0,0","0,0","0,0","0,0","0,0","1,0","0,0","","","","","","","","","","","","",""
613,"202306323,0",2023-03-21T00:00:00,01:19:00,COM VÍTIMA,FINALIZADA,IMBIRIBEIRA,PRC MINISTRO SALGADO FILHO,"","",EM FRENTE A O AEROPORTO,IMBIRIBEIRA,"",SUBURBIO,COLISÃO TRASEIRA,"1,0","1,0","0,0","0,0","0,0","0,0","0,0","0,0","0,0","1,0","0,0","","","","","","","","","","","","",""
614,"202306352,0",2023-03-21T00:00:00,07:36:00,COM VÍTIMA,FINALIZADA,VASCO DA GAMA,AV NORTE MIGUEL ARRAES DE ALENCAR,"","",EM  FRENTE AO POSTO BR,VASCO DA GAMA,"66,0",CIDADE,ATROPELAMENTO DE PESSOA,"1,0","0,0","0,0","0,0","1,0","0,0","0,0","0,0","0,0","1,0","0,0","","","","","","","","","","","","",""
615,"202306374,0",2023-03-22T00:00:00,09:42:00,SEM VÍTIMA,FINALIZADA,PARNAMIRIM,AV DEZESSETE DE AGOSTO,335,"",ENFRENTE AO EMPRESERIAL CENTRU,PARNAMIRIM,"",SUBURBIO,COLISÃO TRANSVERSAL,"2,0","0,0","0,0","0,0","0,0","0,0","0,0","0,0","0,0","0,0","0,0","","","","","","","","","","","","",""
616,"202306375,0",2023-03-22T00:00:00,09:43:00,COM VÍTIMA,FINALIZADA,IPSEP,AV RECIFE,3460,"",PRÓX. À JJK AUTOS,IPSEP,"247,0","",COLISÃO TRASEIRA,"1,0","1,0","0,0","0,0","0,0","0,0","0,0","0,0","0,0","1,0","0,0","","","","","","","","","","","","",""
617,"202306399,0",2023-03-22T00:00:00,02:59:00,COM VÍTIMA,FINALIZADA,IMBIRIBEIRA,AV MARECHAL MASCARENHAS DE MORAES,"",RUA OLIVIA MENELAU,LADO OPOSTO À LOJA GRILLO,IMBIRIBEIRA,"396,0","",COLISÃO TRASEIRA,"0,0","1,0","0,0","0,0","0,0","0,0","1,0","0,0","0,0","1,0","0,0","","","","","","","","","","","","",""
618,"202306413,0",2023-03-22T00:00:00,09:38:00,COM VÍTIMA,FINALIZADA,TORRE,RUA CONDE DE IRAJA,"",AV BEIRA RIO,SOBRE A PONTE DA TORRE,TORRE,"630,0",SUBURBIO,COLISÃO LATERAL,"1,0","1,0","0,0","0,0","0,0","0,0","0,0","0,0","0,0","2,0","0,0","","","","","","","","","","","","",""
619,"202306414,0",2023-03-22T00:00:00,09:44:00,SEM VÍTIMA,FINALIZADA,ENGENHO DO MEIO,RUA ANTONIO CURADO,427,"","",ENGENHO DO MEIO,"",SUBURBIO,COLISÃO TRASEIRA,"2,0","0,0","0,0","0,0","0,0","0,0","0,0","0,0","0,0","0,0","0,0","","","","","","","","","","","","",""
620,"202306449,0",2023-03-23T00:00:00,10:13:00,COM VÍTIMA,FINALIZADA,IMBIRIBEIRA,AV MARECHAL MASCARENHAS DE MORAES,"","",EM FRENTE A FIAT ITALIANA,IMBIRIBEIRA,"","",ATROPELAMENTO DE ANIMAL,"0,0","0,0","0,0","0,0","0,0","0,0","0,0","0,0","0,0","1,0","0,0","","","","","","","","","","","","",""
621,"202306460,0",2023-03-23T00:00:00,11:08:00,COM VÍTIMA,FINALIZADA,SAN MARTIN,AV GENERAL SAN MARTIN,801,RUA PEREIRA DE MORAES,"",SAN MARTIN,"",SUBURBIO,COLISÃO TRANSVERSAL,"1,0","1,0","0,0","0,0","0,0","0,0","0,0","0,0","0,0","1,0","0,0","","","","","","","","","","","","",""
622,"202306465,0",2023-03-23T00:00:00,11:29:00,COM VÍTIMA,FINALIZADA,BOA VIAGEM,RUA RIBEIRO DE BRITO,1097,"",EM FRENTE AO POSTO BR,BOA VIAGEM,"496,0",SUBURBIO,COLISÃO TRASEIRA,"0,0","1,0","0,0","0,0","0,0","0,0","1,0","0,0","0,0","1,0","0,0","","","","","","","","","","","","",""
623,"202306472,0",2023-03-23T00:00:00,12:09:00,COM VÍTIMA,FINALIZADA,IPSEP,RUA BLUMENAU,"",RUA SANTOS COSME E DAMIAO,AO LADO DO ARMAZÉM DO COELHINHO,IPSEP,"","",COLISÃO FRONTAL,"1,0","1,0","0,0","0,0","0,0","0,0","0,0","0,0","0,0","2,0","0,0","","","","","","","","","","","","",""
624,"202306476,0",2023-03-23T00:00:00,12:31:00,COM VÍTIMA,FINALIZADA,MADALENA,AV VISCONDE DE ALBUQUERQUE,401,"","",MADALENA,"","",COLISÃO LATERAL,"1,0","1,0","0,0","0,0","0,0","0,0","0,0","0,0","0,0","1,0","0,0","","","","","","","","","","","","",""
625,"202306491,0",2023-03-23T00:00:00,02:49:00,SEM VÍTIMA,FINALIZADA,DERBY,AV GOVERNADOR AGAMENON MAGALHAES,3158,"",EM FRENTE A MEDICAL,DERBY,"",SUBURBIO,"","0,0","1,0","0,0","0,0","0,0","0,0","0,0","1,0","0,0","0,0","0,0","","","","","","","","","","","","",""
626,"202306501,0",2023-03-23T00:00:00,04:22:00,COM VÍTIMA,FINALIZADA,CAMPO GRANDE,RUA DR MACHADO,"",RUA JERONIMO VILELA,DEPOIS DO CLUBE DAS PAS,CAMPO GRANDE,"",SUBURBIO,COLISÃO LATERAL,"1,0","1,0","0,0","0,0","0,0","0,0","0,0","1,0","0,0","2,0","0,0","","","","","","","","","","","","",""
627,"202306505,0",2023-03-23T00:00:00,05:18:00,COM VÍTIMA,FINALIZADA,VÁRZEA,RUA CAPITAO JOSE NOGUEIRA COSTA,1311,"",FARMÁCIA PAGUE MENOS,VÁRZEA,"",SUBURBIO,COLISÃO LATERAL,"1,0","1,0","0,0","0,0","0,0","0,0","0,0","0,0","0,0","1,0","0,0","","","","","","","","","","","","",""
628,"202306506,0",2023-03-23T00:00:00,05:32:00,COM VÍTIMA,CANCELADA,TAMARINEIRA,EST VELHA DE AGUA FRIA,703,"",PROXIMO A FERREIRA COSTA,TAMARINEIRA,"","",COLISÃO LATERAL,"1,0","1,0","0,0","0,0","0,0","0,0","0,0","0,0","0,0","2,0","0,0","","","","","","","","","","","","",""
629,"202306509,0",2023-03-23T00:00:00,06:00:00,COM VÍTIMA,FINALIZADA,SANTO AMARO,AV GOVERNADOR AGAMENON MAGALHAES,"","",SOB O VIADUTO DA JOÃO DE BARROS,SANTO AMARO,"","",QUEDA,"0,0","1,0","0,0","0,0","0,0","0,0","0,0","0,0","0,0","1,0","0,0","","","","","","","","","","","","",""
630,"202306534,0",2023-03-24T00:00:00,12:06:00,COM VÍTIMA,FINALIZADA,BOA VIAGEM,AV ENGENHEIRO DOMINGOS FERREIRA,1970,"",FARMÁCIA PAGUE MENOS,BOA VIAGEM,"","",COLISÃO TRANSVERSAL,"4,0","0,0","0,0","0,0","0,0","0,0","0,0","0,0","0,0","1,0","0,0","","","","","","","","","","","","",""
631,"202306547,0",2023-03-24T00:00:00,08:17:00,COM VÍTIMA,FINALIZADA,BOA VIAGEM,RUA CONEGO ROMEU,"",RUA SA E SOUZA,PRÓX. AO COLÉGIO AMERICANO,BOA VIAGEM,"","",COLISÃO LATERAL,"1,0","1,0","0,0","0,0","0,0","0,0","0,0","0,0","0,0","1,0","0,0","","","","","","","","","","","","",""
632,"202306552,0",2023-03-24T00:00:00,08:58:00,COM VÍTIMA,FINALIZADA,CAXANGÁ,AV CAXANGA,3424,RUA SAO MATEUS,EQUIPE DA VT-16 RAIMUNDO E JOSÉ CRUZ FORAM AO LOCAL PARA  DAR APOIO AO SINISTRO,CAXANGÁ,"229,0",SUBURBIO,COLISÃO TRASEIRA,"1,0","1,0","0,0","0,0","0,0","0,0","0,0","0,0","0,0","1,0","0,0","","","","","","","","","","","","",""
633,"202306565,0",2023-03-24T00:00:00,10:43:00,COM VÍTIMA,FINALIZADA,CAXANGÁ,RUA RIBEIRO PESSOA,"",RUA GASTAO VIDIGAL,"SINISTRO  COM UMA MOTO , E DERRAMAMENTO DE ÓLEO NA PISTA  EQUIPE  FROTA NO LOCAL NO APOIO COM PÓ DE SERRA",CAXANGÁ,"","",QUEDA,"0,0","1,0","0,0","0,0","0,0","0,0","0,0","0,0","0,0","1,0","0,0","","","","","","","","","","","","",""
634,"202306575,0",2023-03-24T00:00:00,12:08:00,COM VÍTIMA,FINALIZADA,IMBIRIBEIRA,RUA ARQUITETO LUIZ NUNES,"",AV PINHEIROS,"",IMBIRIBEIRA,"537,0","",COLISÃO TRANSVERSAL,"1,0","1,0","0,0","0,0","0,0","0,0","0,0","0,0","0,0","1,0","0,0","","","","","","","","","","","","",""
635,"202306581,0",2023-03-24T00:00:00,12:35:00,COM VÍTIMA,FINALIZADA,BOA VIAGEM,RUA VISCONDE DE JEQUITINHONHA,"","",APOS O CANAL DA CONSTRUÇÃO,BOA VIAGEM,"","",FISCALIZAÇÃO,"1,0","0,0","0,0","0,0","2,0","0,0","0,0","0,0","0,0","2,0","0,0","","","","","","","","","","","","",""
636,"202306588,0",2023-03-24T00:00:00,02:17:00,COM VÍTIMA,FINALIZADA,CORDEIRO,RUA PROFESSOR JOAQUIM XAVIER DE BRITO,163,"",EM FRENTE AO EDIFICIO PAULA E A GERBSON CONSETOR E INSTALAÇÕES,CORDEIRO,"","",COLISÃO FRONTAL,"1,0","1,0","0,0","0,0","0,0","0,0","0,0","0,0","0,0","1,0","0,0","","","","","","","","","","","","",""
637,"202306594,0",2023-03-24T00:00:00,03:23:00,COM VÍTIMA,FINALIZADA,MADALENA,AV VISCONDE DE ALBUQUERQUE,460,RUA BARTOLOMEU DE GUSMAO,EM FRENTE A PADARIA REQUINTE MADALENA/ AO LADO PET SHOP 24HRS,MADALENA,"",SUBURBIO,ATROPELAMENTO DE PESSOA,"1,0","0,0","0,0","0,0","1,0","0,0","0,0","0,0","0,0","1,0","0,0","","","","","","","","","","","","",""
638,"202306597,0",2023-03-24T00:00:00,04:42:00,COM VÍTIMA,FINALIZADA,CAXANGÁ,AV CAXANGA,"",RUA GREGORIO JUNIOR,E/F A CAIXA ECONOMICA S/T SUB,CAXANGÁ,"","",ATROPELAMENTO DE PESSOA,"0,0","1,0","0,0","0,0","1,0","0,0","0,0","0,0","0,0","1,0","0,0","","","","","","","","","","","","",""
639,"202306635,0",2023-03-25T00:00:00,06:00:00,COM VÍTIMA,FINALIZADA,DOIS IRMÃOS,RUA MANUEL DE MEDEIROS,SN,"",PRÓXIMO A ENTRADA DO SITIO DOS PINTOS,DOIS IRMÃOS,"558,0","",COLISÃO FRONTAL,"1,0","1,0","0,0","0,0","0,0","0,0","0,0","0,0","0,0","1,0","0,0","","","","","","","","","","","","",""
640,"202306651,0",2023-03-25T00:00:00,10:46:00,COM VÍTIMA,FINALIZADA,BOA VISTA,AV GOVERNADOR AGAMENON MAGALHAES,"",RUA DOM BOSCO,COLÉGIO AMERICANO BATISTA,BOA VISTA,"",SUBURBIO,COLISÃO TRASEIRA,"1,0","1,0","0,0","0,0","0,0","0,0","0,0","0,0","0,0","1,0","0,0","","","","","","","","","","","","",""
641,"202306665,0",2023-03-25T00:00:00,12:39:00,COM VÍTIMA,FINALIZADA,ILHA DO RETIRO,RUA SPORT CLUBE DO RECIFE,"","",EM FRENTE AO CLUBE,ILHA DO RETIRO,"","",COLISÃO COM CICLISTA,"0,0","1,0","0,0","1,0","0,0","0,0","0,0","0,0","0,0","1,0","0,0","","","","","","","","","","","","",""
642,"202306666,0",2023-03-25T00:00:00,12:46:00,COM VÍTIMA,FINALIZADA,ESPINHEIRO,AV JOAO DE BARROS,1347,"",EM FRENTE AO EDIFICIO SANTA CLARA,ESPINHEIRO,"","",COLISÃO TRASEIRA,"1,0","1,0","0,0","0,0","0,0","0,0","0,0","0,0","0,0","1,0","0,0","","","","","","","","","","","","",""
643,"202306672,0",2023-03-25T00:00:00,03:29:00,SEM VÍTIMA,CANCELADA,DERBY,AV GOVERNADOR AGAMENON MAGALHAES,"","",MCDONALDS / HOSPITAL DA RESTAURAÇÃO,DERBY,"","",CHOQUE,"0,0","0,0","0,0","0,0","0,0","0,0","0,0","1,0","0,0","0,0","0,0","","","","","","","","","","","","",""
644,"202306673,0",2023-03-25T00:00:00,03:30:00,COM VÍTIMA,FINALIZADA,CASA AMARELA,AV NORTE MIGUEL ARRAES DE ALENCAR,"","",EM FRENTE A MATERNIDADE BARROS LIMA,CASA AMARELA,"",CIDADE,COLISÃO TRASEIRA,"1,0","1,0","0,0","0,0","0,0","0,0","0,0","0,0","0,0","1,0","0,0","","","","","","","","","","","","",""
645,"202306696,0",2023-03-25T00:00:00,08:37:00,COM VÍTIMA,CANCELADA,IBURA,RUA EXP FRANCISCO VITORIANO,"","",MERCADINHO DOIS IRMÃOS,IBURA,"","",COLISÃO FRONTAL,"1,0","1,0","0,0","0,0","0,0","0,0","0,0","0,0","0,0","2,0","0,0","","","","","","","","","","","","",""
646,"202306698,0",2023-03-25T00:00:00,09:19:00,COM VÍTIMA,FINALIZADA,JARDIM SÃO PAULO,RUA LORENA,"",RUA LEANDRO BARRETO,"",JARDIM SÃO PAULO,"","",COLISÃO LATERAL,"3,0","0,0","0,0","0,0","0,0","0,0","0,0","0,0","0,0","1,0","0,0","","","","","","","","","","","","",""
647,"202306700,0",2023-03-26T00:00:00,02:15:00,COM VÍTIMA,FINALIZADA,CORDEIRO,RUA HONORIO CORREIA,157,"",E/F AO SUPERMERCADO LEÃO,CORDEIRO,"","",COLISÃO TRASEIRA,"1,0","1,0","0,0","0,0","0,0","0,0","0,0","0,0","0,0","2,0","0,0","","","","","","","","","","","","",""
648,"202306707,0",2023-03-26T00:00:00,06:36:00,COM VÍTIMA,FINALIZADA,BOA VIAGEM,AV BOA VIAGEM,5740,"",EM FRENTE AO EDF. MANOEL DE BRITO,BOA VIAGEM,"445,0","",COLISÃO TRASEIRA,"1,0","1,0","0,0","0,0","0,0","0,0","0,0","0,0","0,0","1,0","0,0","","","","","","","","","","","","",""
649,"202306731,0",2023-03-26T00:00:00,12:28:00,COM VÍTIMA,FINALIZADA,TAMARINEIRA,AV CONS ROSA E SILVA,334,"",E/F AO HOSPITAL ULISSES PERNAMBUCANO,TAMARINEIRA,"","",COLISÃO TRASEIRA,"1,0","1,0","0,0","0,0","0,0","0,0","0,0","0,0","0,0","1,0","0,0","","","","","","","","","","","","",""
650,"202306732,0",2023-03-26T00:00:00,12:42:00,COM VÍTIMA,FINALIZADA,PINA,AV HERCULANO BANDEIRA,637,"",E/F PADARIA FRUTA PÃO,PINA,"","",COLISÃO FRONTAL,"1,0","1,0","0,0","0,0","0,0","0,0","0,0","0,0","0,0","2,0","0,0","","","","","","","","","","","","",""
651,"202306744,0",2023-03-26T00:00:00,04:17:00,SEM VÍTIMA,CANCELADA,CAMPO GRANDE,RUA FRANCISCO BERENGUER,549,"",NA RUA DO RESTAURANTE JADINS,CAMPO GRANDE,"","",COLISÃO FRONTAL,"2,0","0,0","0,0","0,0","0,0","0,0","0,0","0,0","0,0","0,0","0,0","","","","","","","","","","","","",""
652,"202306762,0",2023-03-27T00:00:00,04:49:00,SEM VÍTIMA,FINALIZADA,IMBIRIBEIRA,RUA ITACARE,"","",EM FRENTE AO ESPAÇO ABERTO,IMBIRIBEIRA,"","",COLISÃO LATERAL,"2,0","0,0","0,0","0,0","0,0","0,0","0,0","0,0","0,0","0,0","0,0","","","","","","","","","","","","",""
653,"202306775,0",2023-03-27T00:00:00,08:23:00,SEM VÍTIMA,FINALIZADA,ENCRUZILHADA,AV BEBERIBE,"",RUA DA CORAGEM,EM FRENTE A FARMACIA DE MANIPULAÇÃO,ENCRUZILHADA,"186,0","",COLISÃO TRASEIRA,"1,0","0,0","0,0","0,0","0,0","0,0","0,0","1,0","0,0","0,0","0,0","","","","","","","","","","","","",""
654,"202306777,0",2023-03-27T00:00:00,08:43:00,COM VÍTIMA,FINALIZADA,TORRÕES,AV BICENTENARIO DA REVOLUCAO FRANCESA,"",RUA ZUMBI DOS PALMARES,AO LADO DA LOJINHA FRANCYS,TORRÕES,"","",COLISÃO LATERAL,"1,0","1,0","0,0","0,0","0,0","0,0","0,0","0,0","0,0","1,0","0,0","","","","","","","","","","","","",""
655,"202306780,0",2023-03-27T00:00:00,09:07:00,COM VÍTIMA,FINALIZADA,VÁRZEA,AV JOAQUIM RIBEIRO,"","",PROX. A UPA,VÁRZEA,"281,0","",QUEDA,"0,0","1,0","0,0","0,0","0,0","0,0","0,0","0,0","0,0","1,0","0,0","","","","","","","","","","","","",""
656,"202306796,0",2023-03-27T00:00:00,11:00:00,SEM VÍTIMA,FINALIZADA,AFOGADOS,RUA SAO MIGUEL,898,"",EM FRENTE 14° BATALHÃO LOGISTICO,AFOGADOS,"","",COLISÃO FRONTAL,"1,0","1,0","0,0","0,0","0,0","0,0","0,0","1,0","0,0","0,0","0,0","","","","","","","","","","","","",""
657,"202306820,0",2023-03-27T00:00:00,05:53:00,COM VÍTIMA,FINALIZADA,IMBIRIBEIRA,AV RECIFE,2965,"",PROX MULTE INSPEÇÃO VEICULAR,IMBIRIBEIRA,"","",COLISÃO TRASEIRA,"1,0","1,0","0,0","0,0","0,0","0,0","0,0","0,0","0,0","1,0","0,0","","","","","","","","","","","","",""
658,"202306821,0",2023-03-27T00:00:00,06:02:00,COM VÍTIMA,FINALIZADA,BOA VISTA,AV CONDE DA BOA VISTA,"",RUA DA AURORA,"",BOA VISTA,"","",ATROPELAMENTO DE PESSOA,"0,0","0,0","0,0","0,0","1,0","1,0","0,0","0,0","0,0","1,0","0,0","","","","","","","","","","","","",""
659,"202306822,0",2023-03-27T00:00:00,06:24:00,VÍTIMA FATAL,FINALIZADA,VÁRZEA,RUA EMILIANO BRAGA,510,"",COLÉGIO CONHECER,VÁRZEA,"","",ATROPELAMENTO DE PESSOA,"1,0","0,0","0,0","0,0","1,0","0,0","0,0","0,0","0,0","0,0","1,0","","","","","","","","","","","","",""