_id,Protocolo,data,hora,natureza_acidente,situacao,bairro,endereco,numero,detalhe_endereco_acidente,complemento,bairro_cruzamento,num_semaforo,sentido_via,tipo,auto,moto,ciclom,ciclista,pedestre,onibus,caminhao,viatura,outros,vitimas,vitimasfatais,acidente_verificado,tempo_clima,situacao_semaforo,sinalizacao,condicao_via,conservacao_via,ponto_controle,situacao_placa,velocidade_max_via,mao_direcao,divisao_via1,divisao_via2,divisao_via3
660,"202306835,0",2023-03-27T00:00:00,07:42:00,COM VÍTIMA,FINALIZADA,IBURA,RUA DR BENIGNO JORDAO DE VASCONCELOS,75,"",COMPESA,IBURA,"","",COLISÃO FRONTAL,"0,0","2,0","0,0","0,0","0,0","0,0","0,0","0,0","0,0","3,0","0,0","","","","","","","","","","","","",""
661,"202306836,0",2023-03-27T00:00:00,09:09:00,COM VÍTIMA,FINALIZADA,VASCO DA GAMA,RUA VASCO DA GAMA,50,"",AO LADO DA FARMACIA DA SAUDE,VASCO DA GAMA,"50,0",SUBURBIO,COLISÃO LATERAL,"1,0","1,0","0,0","0,0","0,0","0,0","0,0","0,0","0,0","2,0","0,0","","","","","","","","","","","","",""
662,"202306846,0",2023-03-28T00:00:00,07:17:00,COM VÍTIMA,FINALIZADA,SÃO JOSÉ,AV SUL,514,"",IDRAÚ PEÇAS,SÃO JOSÉ,"","",QUEDA,"0,0","1,0","0,0","0,0","0,0","0,0","0,0","0,0","0,0","1,0","0,0","","","","","","","","","","","","",""
663,"202306850,0",2023-03-28T00:00:00,08:05:00,COM VÍTIMA,FINALIZADA,CASA AMARELA,EST DO ARRAIAL,3585,"",APÓS O SITIO DA TRINDADE - PROX.  AO EMÓRIO AVIAMENTOS,CASA AMARELA,"","",COLISÃO TRASEIRA,"1,0","0,0","0,0","0,0","0,0","0,0","0,0","0,0","0,0","1,0","0,0","","","","","","","","","","","","",""
664,"202306855,0",2023-03-28T00:00:00,08:05:00,COM VÍTIMA,FINALIZADA,CASA AMARELA,EST DO ARRAIAL,"","","APÓS A IGREJA DA HARMONIA, PRÓX AO CONJUNTO  ARRAIAL",CASA AMARELA,"","",COLISÃO COM CICLISTA,"1,0","0,0","0,0","1,0","0,0","0,0","0,0","0,0","0,0","1,0","0,0","","","","","","","","","","","","",""
665,"202306862,0",2023-03-28T00:00:00,09:07:00,SEM VÍTIMA,FINALIZADA,CASA AMARELA,AV NORTE MIGUEL ARRAES DE ALENCAR,5071,"",EM FRENTE A BIKE NORTE,CASA AMARELA,"",CIDADE,COLISÃO TRASEIRA,"1,0","1,0","0,0","0,0","0,0","0,0","0,0","0,0","0,0","0,0","0,0","","","","","","","","","","","","",""
666,"202306871,0",2023-03-28T00:00:00,11:43:00,COM VÍTIMA,FINALIZADA,IPSEP,AV RECIFE,2960,"",PNEU DRIVE,IPSEP,"","",COLISÃO FRONTAL,"1,0","1,0","0,0","0,0","0,0","0,0","0,0","0,0","0,0","1,0","0,0","","","","","","","","","","","","",""
667,"202306878,0",2023-03-28T00:00:00,12:27:00,COM VÍTIMA,FINALIZADA,AREIAS,RUA DONA ANA AURORA,575,"",NA LINHA FERREA PROX AO BOI QUEMTE,AREIAS,"","",ATROPELAMENTO DE PESSOA,"0,0","1,0","0,0","0,0","1,0","0,0","0,0","0,0","0,0","1,0","0,0","","","","","","","","","","","","",""
668,"202306884,0",2023-03-28T00:00:00,01:16:00,COM VÍTIMA,FINALIZADA,LINHA DO TIRO,RUA URIEL DE HOLANDA,576,"",APÓS A UPINHA,LINHA DO TIRO,"","",COLISÃO LATERAL,"1,0","1,0","0,0","0,0","0,0","0,0","0,0","0,0","0,0","1,0","0,0","","","","","","","","","","","","",""
669,"202306885,0",2023-03-28T00:00:00,01:18:00,COM VÍTIMA,FINALIZADA,CASA AMARELA,AV NORTE MIGUEL ARRAES DE ALENCAR,"","",PRAÇA DO TRABALHO / UPINHA,CASA AMARELA,"","",COLISÃO LATERAL,"0,0","1,0","0,0","0,0","0,0","1,0","0,0","0,0","0,0","1,0","0,0","","","","","","","","","","","","",""
670,"202306886,0",2023-03-28T00:00:00,01:32:00,COM VÍTIMA,FINALIZADA,ROSARINHO,AV NORTE MIGUEL ARRAES DE ALENCAR,"",RUA DELMIRO GOUVEIA,NA ESQUINA DO POSTO SHELL,ROSARINHO,"","",COLISÃO COM CICLISTA,"0,0","0,0","0,0","1,0","0,0","0,0","1,0","0,0","0,0","1,0","0,0","","","","","","","","","","","","",""
671,"202306887,0",2023-03-28T00:00:00,02:14:00,COM VÍTIMA,FINALIZADA,BOA VIAGEM,RUA JOAO CARDOSO AIRES,"",RUA COSMORAMA,COLÉGIO MADRE DE DEUS,BOA VIAGEM,"","",COLISÃO LATERAL,"1,0","1,0","0,0","0,0","0,0","0,0","0,0","0,0","0,0","1,0","0,0","","","","","","","","","","","","",""
672,"202306894,0",2023-03-28T00:00:00,02:55:00,COM VÍTIMA,FINALIZADA,CAMPO GRANDE,RUA ODORICO MENDES,100,"",APOS O CLUBE DAS PÁS,CAMPO GRANDE,"","",COLISÃO LATERAL,"1,0","1,0","0,0","0,0","0,0","0,0","0,0","0,0","0,0","1,0","0,0","","","","","","","","","","","","",""
673,"202306904,0",2023-03-28T00:00:00,04:40:00,COM VÍTIMA,FINALIZADA,VASCO DA GAMA,AV NORTE MIGUEL ARRAES DE ALENCAR,6590,"",E/F A MATERNIDADE BARROS LIMA,VASCO DA GAMA,"","",COLISÃO TRASEIRA,"1,0","1,0","0,0","0,0","0,0","0,0","0,0","0,0","0,0","1,0","0,0","","","","","","","","","","","","",""
674,"202306905,0",2023-03-28T00:00:00,05:09:00,COM VÍTIMA,FINALIZADA,CASA FORTE,RUA OLIVEIRA GOES,123,"",EM FRENTE A FORTMED COMERCIAL,CASA FORTE,"","",ATROPELAMENTO DE PESSOA,"1,0","0,0","0,0","0,0","1,0","0,0","0,0","0,0","0,0","1,0","0,0","","","","","","","","","","","","",""
675,"202306910,0",2023-03-28T00:00:00,07:28:00,COM VÍTIMA,FINALIZADA,IMBIRIBEIRA,AV MARECHAL MASCARENHAS DE MORAES,4524,"",EM FRENTE A DDK PEÇAS (APÓS O VIADUTO TANCREDO NEVES) SENTIDO AEROPORTO.,IMBIRIBEIRA,"",SUBURBIO,ATROPELAMENTO DE PESSOA,"1,0","0,0","0,0","0,0","1,0","0,0","0,0","0,0","0,0","1,0","0,0","","","","","","","","","","","","",""
676,"202306911,0",2023-03-28T00:00:00,07:34:00,COM VÍTIMA,FINALIZADA,BOA VIAGEM,AV ENGENHEIRO DOMINGOS FERREIRA,"",RUA JOSE MARIA DE MIRANDA,"",BOA VIAGEM,"484,0","",COLISÃO LATERAL,"1,0","2,0","0,0","0,0","0,0","0,0","0,0","0,0","0,0","1,0","0,0","","","","","","","","","","","","",""
677,"202306932,0",2023-03-29T00:00:00,07:23:00,COM VÍTIMA,FINALIZADA,CAMPO GRANDE,EST DE BELEM,1303,"",EM FRENTE À BEMORAR IMOBILIÁRIA,CAMPO GRANDE,"","",COLISÃO LATERAL,"1,0","1,0","0,0","0,0","0,0","0,0","0,0","0,0","0,0","1,0","0,0","","","","","","","","","","","","",""
678,"202306942,0",2023-03-29T00:00:00,07:57:00,COM VÍTIMA,FINALIZADA,MADALENA,AV ENGENHEIRO ABDIAS DE CARVALHO,"","",PRÓX. À ESTÁCIO,MADALENA,"",CIDADE,COLISÃO TRASEIRA,"1,0","2,0","0,0","0,0","0,0","0,0","0,0","0,0","0,0","1,0","0,0","","","","","","","","","","","","",""
679,"202306945,0",2023-03-29T00:00:00,08:16:00,COM VÍTIMA,FINALIZADA,PINA,AV REPUBLICA ARABE UNIDA,388,"",EM FRENTE AO SALÃO DO REINO DAS TESTMUNHAS DE JEOVÁ,PINA,"",SUBURBIO,COLISÃO FRONTAL,"0,0","2,0","0,0","0,0","0,0","0,0","0,0","0,0","0,0","1,0","0,0","","","","","","","","","","","","",""
680,"202306946,0",2023-03-29T00:00:00,08:21:00,COM VÍTIMA,CANCELADA,ENCRUZILHADA,AV BEBERIBE,"",RUA PROFESSOR MIRANDA CURIO,PRÓX A AUTOESCOLA BELÉM,ENCRUZILHADA,"","",COLISÃO LATERAL,"1,0","1,0","0,0","0,0","0,0","0,0","0,0","0,0","0,0","1,0","0,0","","","","","","","","","","","","",""
681,"202306951,0",2023-03-29T00:00:00,09:13:00,COM VÍTIMA,FINALIZADA,ESTÂNCIA,AV RECIFE,272,"","E/F A HÉLIO SOM, E PRÓX  AO ANTIGO CIROL ROIAL",ESTÂNCIA,"","",COLISÃO LATERAL,"1,0","1,0","0,0","0,0","0,0","0,0","0,0","0,0","0,0","1,0","0,0","","","","","","","","","","","","",""
682,"202306954,0",2023-03-29T00:00:00,09:43:00,COM VÍTIMA,FINALIZADA,CAMPO GRANDE,RUA PROFESSOR FRANCISCO DA TRINDADE,198,"","EM FRENTE A IGREJA PENTECOSTAL, E PRÓX AO CLUBE DAS PAZ",CAMPO GRANDE,"","",COLISÃO LATERAL,"1,0","1,0","0,0","0,0","0,0","0,0","0,0","0,0","0,0","1,0","0,0","","","","","","","","","","","","",""
683,"202306969,0",2023-03-29T00:00:00,12:09:00,COM VÍTIMA,FINALIZADA,PINA,AV ANTONIO DE GOES,"",AV CONSELHEIRO AGUIAR,EM FRENTE A LOJA CASA DE BATERIA/ PROX A HONDA,PINA,"","",COLISÃO COM CICLISTA,"0,0","1,0","0,0","1,0","0,0","0,0","0,0","0,0","0,0","1,0","0,0","","","","","","","","","","","","",""
684,"202306982,0",2023-03-29T00:00:00,01:22:00,SEM VÍTIMA,FINALIZADA,IMBIRIBEIRA,RUA ARQUITETO LUIZ NUNES,1511,"","",IMBIRIBEIRA,"",SUBURBIO,COLISÃO TRASEIRA,"1,0","1,0","0,0","0,0","0,0","0,0","0,0","0,0","0,0","0,0","0,0","","","","","","","","","","","","",""
685,"202306983,0",2023-03-29T00:00:00,01:40:00,COM VÍTIMA,FINALIZADA,IMBIRIBEIRA,RUA PINTOR LULA CARDOSO AYRES,4755,"",PROX. A ENTRADA DE CARGA E DESCARGAS DO AEROPORTO,IMBIRIBEIRA,"","",COLISÃO LATERAL,"1,0","1,0","0,0","0,0","0,0","0,0","0,0","0,0","0,0","1,0","0,0","","","","","","","","","","","","",""
686,"202306986,0",2023-03-29T00:00:00,02:46:00,COM VÍTIMA,FINALIZADA,CÓRREGO DO JENIPAPO,RUA CORREGO JOSE APRIGIO,40B,"",NA ENTRADA DO CORREGO DO  JENIPAPO  PROX A BR,CÓRREGO DO JENIPAPO,"","",COLISÃO LATERAL,"1,0","1,0","0,0","0,0","0,0","0,0","0,0","0,0","0,0","1,0","0,0","","","","","","","","","","","","",""
687,"202306990,0",2023-03-29T00:00:00,03:18:00,COM VÍTIMA,FINALIZADA,PINA,AV HERCULANO BANDEIRA,"",RUA ARQUITETO AUGUSTO REINALDO,AO LADO DO ATACADO DOS PRESENTES,PINA,"660,0","",COLISÃO LATERAL,"2,0","0,0","0,0","0,0","0,0","0,0","0,0","0,0","0,0","1,0","0,0","","","","","","","","","","","","",""
688,"202307001,0",2023-03-29T00:00:00,06:39:00,COM VÍTIMA,FINALIZADA,BOA VISTA,AV GOVERNADOR AGAMENON MAGALHAES,"",AV GOVERNADOR CARLOS DE LIMA CAVALCANTI,EM FRENTE AO MEC DONALDS,BOA VISTA,"75,0","",COLISÃO LATERAL,"1,0","1,0","0,0","0,0","0,0","0,0","0,0","0,0","0,0","1,0","0,0","","","","","","","","","","","","",""
689,"202307009,0",2023-03-29T00:00:00,07:16:00,SEM VÍTIMA,FINALIZADA,CABANGA,AV SUL,1562,"",CIA MOTO,CABANGA,"",CIDADE,CHOQUE,"1,0","0,0","0,0","0,0","0,0","0,0","0,0","0,0","0,0","0,0","0,0","","","","","","","","","","","","",""
690,"202307017,0",2023-03-29T00:00:00,10:05:00,COM VÍTIMA,FINALIZADA,BOA VIAGEM,AVENIDA CELSO FURTADO (VIA MANGUE),"","",POR TRÁS DO ASSAI ATACADISTA,BOA VIAGEM,"","",COLISÃO TRASEIRA,"1,0","1,0","0,0","0,0","0,0","0,0","0,0","0,0","0,0","1,0","0,0","","","","","","","","","","","","",""
691,"202307025,0",2023-03-30T00:00:00,06:49:00,COM VÍTIMA,FINALIZADA,ENGENHO DO MEIO,RUA DR FLAVIO FERREIRA DA SILVA MAROJO,6,"",FERRO VELHO IMPÉRIO DO PARACHOQUE,ENGENHO DO MEIO,"","",COLISÃO LATERAL,"0,0","2,0","0,0","0,0","0,0","0,0","0,0","0,0","0,0","1,0","0,0","","","","","","","","","","","","",""
692,"202307046,0",2023-03-30T00:00:00,10:06:00,COM VÍTIMA,FINALIZADA,BOA VISTA,RUA DO HOSPICIO,687,"",EM FRENTE AO COLEGIO JOAO BARBALHO,BOA VISTA,"","",COLISÃO LATERAL,"0,0","2,0","0,0","0,0","0,0","0,0","0,0","0,0","0,0","1,0","0,0","","","","","","","","","","","","",""
693,"202307060,0",2023-03-30T00:00:00,12:33:00,SEM VÍTIMA,FINALIZADA,BOA VIAGEM,AV BOA VIAGEM,7058,"",EM FRENTE AO EDFICIO BRIGADEIRO EDUARDO GOMES,BOA VIAGEM,"",CIDADE,COLISÃO TRASEIRA,"1,0","0,0","0,0","0,0","0,0","0,0","0,0","1,0","0,0","0,0","0,0","","","","","","","","","","","","",""
694,"202307062,0",2023-03-30T00:00:00,12:58:00,COM VÍTIMA,FINALIZADA,IMBIRIBEIRA,AV MARECHAL MASCARENHAS DE MORAES,"","",EM FRENTE A FIAT ITALIANA,IMBIRIBEIRA,"","",COLISÃO COM CICLISTA,"0,0","0,0","0,0","1,0","0,0","1,0","0,0","0,0","0,0","1,0","0,0","","","","","","","","","","","","",""
695,"202307075,0",2023-03-30T00:00:00,04:02:00,COM VÍTIMA,FINALIZADA,BOA VIAGEM,RUA VISCONDE DE JEQUITINHONHA,"","",DEPOIS DO ESPETINHO DO SEU DANIEL / PROX. AO PARQUE DONA LINDU / PRÉDIO SHALON,BOA VIAGEM,"","",COLISÃO LATERAL,"1,0","1,0","0,0","0,0","0,0","0,0","0,0","0,0","0,0","1,0","0,0","","","","","","","","","","","","",""
696,"202307082,0",2023-03-30T00:00:00,05:20:00,COM VÍTIMA,FINALIZADA,IMBIRIBEIRA,AV RECIFE,"","","PROX. AO SAL E E BRASA, SOB",IMBIRIBEIRA,"393,0","",ATROPELAMENTO DE PESSOA,"0,0","1,0","0,0","0,0","1,0","0,0","0,0","0,0","0,0","1,0","0,0","","","","","","","","","","","","",""
697,"202307099,0",2023-03-30T00:00:00,08:52:00,COM VÍTIMA,FINALIZADA,ENCRUZILHADA,AV BEBERIBE,433,"",PRÓXIMO AO BANCO DO BRASIL,ENCRUZILHADA,"","",COLISÃO TRANSVERSAL,"1,0","0,0","0,0","0,0","0,0","0,0","1,0","0,0","0,0","1,0","0,0","","","","","","","","","","","","",""
698,"202307114,0",2023-03-31T00:00:00,07:08:00,COM VÍTIMA,FINALIZADA,CAXANGÁ,AV CAXANGA,4210,"",EM FRENTE A NISSAN E CAXANGÁ VEÍCULOS,CAXANGÁ,"","",COLISÃO FRONTAL,"1,0","1,0","0,0","0,0","0,0","0,0","0,0","0,0","0,0","1,0","0,0","","","","","","","","","","","","",""
699,"202307145,0",2023-03-31T00:00:00,10:23:00,COM VÍTIMA,FINALIZADA,TEJIPIÓ,AV DR JOSE RUFINO,"","",ESCOLA HUMBERTO CASTELO BRANCO,TEJIPIÓ,"","",COLISÃO LATERAL,"1,0","1,0","0,0","0,0","0,0","0,0","0,0","0,0","0,0","3,0","0,0","","","","","","","","","","","","",""
700,"202307162,0",2023-03-31T00:00:00,11:58:00,COM VÍTIMA,FINALIZADA,DERBY,AV GOVERNADOR AGAMENON MAGALHAES,"","",EM FRENTE A PETZ NO SENTIDO OLINDA,DERBY,"",SUBURBIO,COLISÃO TRASEIRA,"1,0","1,0","0,0","0,0","0,0","0,0","0,0","0,0","0,0","1,0","0,0","","","","","","","","","","","","",""
701,"202307169,0",2023-03-31T00:00:00,01:31:00,COM VÍTIMA,FINALIZADA,ÁGUA FRIA,AV BEBERIBE,2229,"",NA FRENTE AZEVEDO PESCADO,ÁGUA FRIA,"","",COLISÃO LATERAL,"1,0","1,0","0,0","0,0","0,0","0,0","0,0","0,0","0,0","2,0","0,0","","","","","","","","","","","","",""
702,"202307181,0",2023-03-31T00:00:00,03:54:00,SEM VÍTIMA,FINALIZADA,DERBY,RUA HENRIQUE DIAS,"","",EM FRENTE A FUNDAÇÃO JOAQUIM NABUCO,DERBY,"","",COLISÃO LATERAL,"1,0","0,0","0,0","0,0","0,0","0,0","0,0","1,0","0,0","0,0","0,0","","","","","","","","","","","","",""
703,"202307192,0",2023-03-31T00:00:00,06:15:00,COM VÍTIMA,FINALIZADA,BOA VIAGEM,RUA MINISTRO NELSON HUNGRIA,643,"",NO EDIFICIO VALE DO TAKUANE,BOA VIAGEM,"","",CHOQUE,"1,0","0,0","0,0","0,0","0,0","0,0","0,0","0,0","1,0","1,0","0,0","","","","","","","","","","","","",""
704,"202307212,0",2023-04-01T00:00:00,12:09:00,COM VÍTIMA,FINALIZADA,ESPINHEIRO,RUA DA HORA,76,"",PRÓX. À PIZZARIA PALERMO,ESPINHEIRO,"","",COLISÃO TRASEIRA,"1,0","1,0","0,0","0,0","0,0","0,0","0,0","0,0","0,0","1,0","0,0","","","","","","","","","","","","",""
705,"202307214,0",2023-04-01T00:00:00,02:50:00,COM VÍTIMA,FINALIZADA,ESPINHEIRO,AV JOAO DE BARROS,1420,RUA DA HORA,PROX.  AO RESTAURANTE HIPORIO,ESPINHEIRO,"","",COLISÃO TRANSVERSAL,"1,0","1,0","0,0","0,0","0,0","0,0","0,0","0,0","0,0","2,0","0,0","","","","","","","","","","","","",""
706,"202307263,0",2023-04-01T00:00:00,12:06:00,COM VÍTIMA,FINALIZADA,ÁGUA FRIA,AV BEBERIBE,"",RUA ZEFERINO AGRA,PROX AO LOJÃO DO PETROLEO,ÁGUA FRIA,"","",COLISÃO LATERAL,"1,0","1,0","0,0","0,0","0,0","0,0","0,0","0,0","0,0","1,0","0,0","","","","","","","","","","","","",""
707,"202307265,0",2023-04-01T00:00:00,12:41:00,COM VÍTIMA,FINALIZADA,JIQUIÁ,RUA SAO MIGUEL,"","",E/F AO CONSUTORIO CERPE PROX AO CHARQUE NA BRASA,JIQUIÁ,"","",COLISÃO FRONTAL,"1,0","1,0","0,0","0,0","0,0","0,0","0,0","0,0","0,0","2,0","0,0","","","","","","","","","","","","",""
708,"202307271,0",2023-04-01T00:00:00,01:14:00,COM VÍTIMA,FINALIZADA,NOVA DESCOBERTA,RUA CORREGO DA AREIA,253,"",E/F A CASAA DAS EMBALAGENS,NOVA DESCOBERTA,"","",COLISÃO FRONTAL,"0,0","2,0","0,0","0,0","0,0","0,0","0,0","0,0","0,0","2,0","0,0","","","","","","","","","","","","",""
709,"202307293,0",2023-04-01T00:00:00,06:43:00,COM VÍTIMA,FINALIZADA,SANTO AMARO,AV CRUZ CABUGA,"","",EM FRENTE AO HOSPITAL DA MARINHA,SANTO AMARO,"","",COLISÃO TRASEIRA,"2,0","0,0","0,0","0,0","0,0","0,0","0,0","0,0","0,0","1,0","0,0","","","","","","","","","","","","",""
710,"202307301,0",2023-04-01T00:00:00,10:32:00,COM VÍTIMA,CANCELADA,IBURA,RUA VALE DO ITAJAI,"","",EM FRENTE A UPA,IBURA,"","",COLISÃO FRONTAL,"0,0","1,0","0,0","1,0","0,0","0,0","0,0","0,0","0,0","2,0","0,0","","","","","","","","","","","","",""
711,"202307303,0",2023-04-01T00:00:00,11:11:00,SEM VÍTIMA,FINALIZADA,BOA VIAGEM,RUA DEZ DE JULHO,461,"","",BOA VIAGEM,"","",COLISÃO LATERAL,"1,0","1,0","0,0","0,0","0,0","0,0","0,0","0,0","0,0","0,0","0,0","","","","","","","","","","","","",""
712,"202307322,0",2023-04-02T00:00:00,07:13:00,VÍTIMA FATAL,FINALIZADA,PINA,AVENIDA CELSO FURTADO (VIA MANGUE),"","","SENTIDO BOA VIAGEM, PROX, AO AERO CLUBE",PINA,"","",CHOQUE,"0,0","1,0","0,0","0,0","0,0","0,0","0,0","0,0","0,0","1,0","1,0","","","","","","","","","","","","",""
713,"202307347,0",2023-04-02T00:00:00,02:16:00,SEM VÍTIMA,FINALIZADA,IBURA,RUA DR OTAVIO DE MORAES VASCONCELOS,31A,"",EM FRENTE AO SUPERMERCADO TREVO,IBURA,"","",COLISÃO LATERAL,"1,0","0,0","0,0","0,0","0,0","0,0","1,0","0,0","0,0","0,0","0,0","","","","","","","","","","","","",""
714,"202307359,0",2023-04-02T00:00:00,05:36:00,SEM VÍTIMA,FINALIZADA,VASCO DA GAMA,RUA FREDERICO OZANAN,164,"",PROXIMO AO LAR DE ITA,VASCO DA GAMA,"","",COLISÃO LATERAL,"0,0","0,0","0,0","0,0","0,0","0,0","0,0","2,0","0,0","0,0","0,0","","","","","","","","","","","","",""
715,"202307366,0",2023-04-02T00:00:00,07:03:00,COM VÍTIMA,FINALIZADA,JARDIM SÃO PAULO,RUA LEANDRO BARRETO,231,"",ASSEMBLEIA DE DEUS,JARDIM SÃO PAULO,"","",COLISÃO TRANSVERSAL,"1,0","1,0","0,0","0,0","0,0","0,0","0,0","0,0","0,0","1,0","0,0","","","","","","","","","","","","",""
716,"202307374,0",2023-04-03T00:00:00,12:47:00,COM VÍTIMA,CANCELADA,JOANA BEZERRA,PTE JOSE DE BARROS LIMA,"","",SENTIDO  BOA VIAGEM,JOANA BEZERRA,"","",ATROPELAMENTO DE PESSOA,"1,0","0,0","0,0","0,0","1,0","0,0","0,0","0,0","0,0","1,0","0,0","","","","","","","","","","","","",""
717,"202307375,0",2023-04-03T00:00:00,01:24:00,COM VÍTIMA,FINALIZADA,PORTO DA MADEIRA,AV BEBERIBE,"","",EM FRENTE  ARENA SHOW BAR,PORTO DA MADEIRA,"","",COLISÃO TRANSVERSAL,"1,0","1,0","0,0","0,0","0,0","0,0","0,0","0,0","0,0","1,0","0,0","","","","","","","","","","","","",""
718,"202307377,0",2023-04-03T00:00:00,03:56:00,COM VÍTIMA,FINALIZADA,TORRÕES,AV ENGENHEIRO ABDIAS DE CARVALHO,"","","EM FRENTE AO COMPAZ "" ARIANO SUASSUNA""",TORRÕES,"","",CHOQUE,"1,0","0,0","0,0","0,0","0,0","0,0","0,0","0,0","0,0","1,0","0,0","","","","","","","","","","","","",""
719,"202307383,0",2023-04-03T00:00:00,08:00:00,COM VÍTIMA,FINALIZADA,BAIRRO DO RECIFE,RUA AURORA,"",AV NORTE MIGUEL ARRAES DE ALENCAR,INICIO DA PONTE DO LIMOEIRO,BAIRRO DO RECIFE,"","",COLISÃO TRASEIRA,"1,0","0,0","0,0","1,0","0,0","0,0","0,0","0,0","0,0","1,0","0,0","","","","","","","","","","","","",""
720,"202307384,0",2023-04-03T00:00:00,08:04:00,COM VÍTIMA,FINALIZADA,SÃO JOSÉ,AV DANTAS BARRETO,"",RUA SAO JOAO,PRÓX. AO TERMINAL DA LINHA 1002 / PRÓX. À CAIXA,SÃO JOSÉ,"54,0","",COLISÃO LATERAL,"0,0","1,0","0,0","0,0","0,0","1,0","0,0","0,0","0,0","2,0","0,0","","","","","","","","","","","","",""
721,"202307389,0",2023-04-03T00:00:00,08:28:00,COM VÍTIMA,DUPLICIDADE,SANTO AMARO,RUA DA AURORA,"","","EM CIMA DA PONTE, PRÓX AO ANTIGO HOSPITAL DA COVID",SANTO AMARO,"","",COLISÃO COM CICLISTA,"1,0","0,0","0,0","1,0","0,0","0,0","0,0","0,0","0,0","1,0","0,0","","","","","","","","","","","","",""
722,"202307396,0",2023-04-03T00:00:00,09:07:00,COM VÍTIMA,FINALIZADA,IBURA,AV RECIFE,3050,"",EM FRENTE AO  MAIS VISTORIAS,IBURA,"","",COLISÃO LATERAL,"1,0","1,0","0,0","0,0","0,0","0,0","0,0","0,0","0,0","1,0","0,0","","","","","","","","","","","","",""
723,"202307406,0",2023-04-03T00:00:00,10:08:00,COM VÍTIMA,FINALIZADA,IBURA,AV RECIFE,"",RUA ROSA MAGALHAES,LADO OPOSTO AO ARMAZÉM CORAL,IBURA,"","",ATROPELAMENTO DE PESSOA,"1,0","0,0","0,0","0,0","1,0","0,0","0,0","0,0","0,0","1,0","0,0","","","","","","","","","","","","",""
724,"202307414,0",2023-04-03T00:00:00,11:02:00,COM VÍTIMA,FINALIZADA,IMBIRIBEIRA,RUA BARAO DE AGUA BRANCA,376,"",PRÓX. AO COLÉGIO COGNITIVO,IMBIRIBEIRA,"","",COLISÃO FRONTAL,"3,0","0,0","0,0","0,0","0,0","0,0","0,0","0,0","0,0","2,0","0,0","","","","","","","","","","","","",""
725,"202307424,0",2023-03-30T00:00:00,03:10:00,COM VÍTIMA,FINALIZADA,IBURA,RUA EMILIO MONTEIRO FONSECA,"",RUA VIRGINOPOLIS,"",IBURA,"",SUBURBIO,COLISÃO TRASEIRA,"1,0","1,0","0,0","0,0","0,0","0,0","0,0","0,0","0,0","1,0","0,0","","","","","","","","","","","","",""
726,"202307430,0",2023-04-03T00:00:00,02:40:00,SEM VÍTIMA,FINALIZADA,SÃO JOSÉ,RUA DA CONCORDIA,"",RUA DO PEIXOTO,"",SÃO JOSÉ,"182,0",CIDADE,"","2,0","0,0","0,0","0,0","0,0","0,0","0,0","0,0","0,0","0,0","0,0","","","","","","","","","","","","",""
727,"202307436,0",2023-04-03T00:00:00,04:26:00,COM VÍTIMA,FINALIZADA,BOA VISTA,RUA DOM BOSCO,908,RUA HENRIQUE DIAS,EM FRENTE DA CNBB,BOA VISTA,"294,0","",COLISÃO LATERAL,"1,0","1,0","0,0","0,0","0,0","0,0","0,0","0,0","0,0","1,0","0,0","","","","","","","","","","","","",""
728,"202307445,0",2023-04-03T00:00:00,05:49:00,COM VÍTIMA,CANCELADA,JARDIM SÃO PAULO,RUA GERSON MONTEIRO DE LIMA,764,"",PROX AO ANTIGO COLEGIO BETEL,JARDIM SÃO PAULO,"","",CHOQUE,"1,0","0,0","0,0","0,0","0,0","0,0","0,0","0,0","1,0","1,0","0,0","","","","","","","","","","","","",""
729,"202307456,0",2023-04-03T00:00:00,08:47:00,COM VÍTIMA,FINALIZADA,AREIAS,RUA CAPITAO GREGORIO DE ALBUQUERQUE,687,"",PRÓXIMO A RUA DO INSPETOR BOSCO,AREIAS,"","",ATROPELAMENTO DE PESSOA,"1,0","0,0","0,0","0,0","1,0","0,0","0,0","0,0","0,0","1,0","0,0","","","","","","","","","","","","",""
730,"202307458,0",2023-04-03T00:00:00,09:02:00,COM VÍTIMA,FINALIZADA,CORDEIRO,AV CAXANGA,3347,"",PRÓXIMO AO COLEGIO PIO XII,CORDEIRO,"","",COLISÃO TRASEIRA,"1,0","1,0","0,0","0,0","0,0","0,0","0,0","0,0","0,0","1,0","0,0","","","","","","","","","","","","",""
731,"202307474,0",2023-04-04T00:00:00,07:16:00,SEM VÍTIMA,FINALIZADA,CAXANGÁ,AV JOAQUIM RIBEIRO,"",RUA GASTAO VIDIGAL,LADO OPOSTO AO POSTO SHELL,CAXANGÁ,"281,0",CIDADE,"","1,0","0,0","0,0","0,0","0,0","1,0","0,0","0,0","0,0","0,0","0,0","","","","","","","","","","","","",""