_id,Protocolo,data,hora,natureza_acidente,situacao,bairro,endereco,numero,detalhe_endereco_acidente,complemento,bairro_cruzamento,num_semaforo,sentido_via,tipo,auto,moto,ciclom,ciclista,pedestre,onibus,caminhao,viatura,outros,vitimas,vitimasfatais,acidente_verificado,tempo_clima,situacao_semaforo,sinalizacao,condicao_via,conservacao_via,ponto_controle,situacao_placa,velocidade_max_via,mao_direcao,divisao_via1,divisao_via2,divisao_via3
732,"202307481,0",2023-04-04T00:00:00,07:53:00,COM VÍTIMA,DUPLICIDADE,IMBIRIBEIRA,AV MARECHAL MASCARENHAS DE MORAES,"","",EM FRENTE À CAOA,IMBIRIBEIRA,"",CIDADE,COLISÃO LATERAL,"0,0","0,0","0,0","0,0","0,0","0,0","0,0","0,0","0,0","1,0","0,0","","","","","","","","","","","","",""
733,"202307485,0",2023-04-04T00:00:00,08:03:00,COM VÍTIMA,FINALIZADA,IMBIRIBEIRA,AV MARECHAL MASCARENHAS DE MORAES,701,"",Concessionária CAOA Chery,IMBIRIBEIRA,"","",COLISÃO LATERAL,"1,0","1,0","0,0","0,0","0,0","0,0","0,0","0,0","0,0","1,0","0,0","","","","","","","","","","","","",""
734,"202307490,0",2023-04-04T00:00:00,08:29:00,COM VÍTIMA,FINALIZADA,ENCRUZILHADA,AV BEBERIBE,"","",AUTO ESCOLA BELEM,ENCRUZILHADA,"","",COLISÃO LATERAL,"1,0","1,0","0,0","0,0","0,0","0,0","0,0","0,0","0,0","1,0","0,0","","","","","","","","","","","","",""
735,"202307492,0",2023-04-04T00:00:00,09:01:00,COM VÍTIMA,FINALIZADA,PAISSANDU,AV GOVERNADOR AGAMENON MAGALHAES,"","",EM FRENTE AO HOSPITAL PORTUGUÊS,PAISSANDU,"69,0","",COLISÃO FRONTAL,"1,0","1,0","0,0","0,0","0,0","0,0","0,0","0,0","0,0","2,0","0,0","","","","","","","","","","","","",""
736,"202307497,0",2023-04-04T00:00:00,09:23:00,COM VÍTIMA,FINALIZADA,IPUTINGA,AV MAURICIO DE NASSAU,"",AV CAXANGA,PROXIMO A FUNDAÇÃO ALTINO VENTURA,IPUTINGA,"","",COLISÃO LATERAL,"0,0","0,0","0,0","0,0","0,0","0,0","0,0","0,0","0,0","1,0","0,0","","","","","","","","","","","","",""
737,"202307527,0",2023-04-04T00:00:00,01:02:00,COM VÍTIMA,FINALIZADA,MADALENA,RUA BENFICA,1092,"",EM FRENTE AO MARTELINHO DE OURO,MADALENA,"","",COLISÃO COM CICLISTA,"0,0","0,0","0,0","1,0","0,0","1,0","0,0","0,0","0,0","1,0","0,0","","","","","","","","","","","","",""
738,"202307528,0",2023-04-04T00:00:00,01:02:00,COM VÍTIMA,FINALIZADA,ÁGUA FRIA,RUA DR EUDES COSTA,21,"",E/F AO MERCADINHO MAIS VOCE TEM,ÁGUA FRIA,"","",COLISÃO LATERAL,"1,0","1,0","0,0","0,0","0,0","0,0","0,0","0,0","0,0","1,0","0,0","","","","","","","","","","","","",""
739,"202307531,0",2023-04-04T00:00:00,01:11:00,SEM VÍTIMA,FINALIZADA,SÃO JOSÉ,C SANTA RITA,"",VDO DAS CINCO PONTAS,OPOSTO AO 16º BATALHÃO DA POLÍCIA MILITAR,SÃO JOSÉ,"",CIDADE,"","1,0","0,0","0,0","0,0","0,0","0,0","0,0","1,0","0,0","0,0","0,0","","","","","","","","","","","","",""
740,"202307534,0",2023-04-04T00:00:00,01:33:00,COM VÍTIMA,CANCELADA,JORDÃO,RUA DR ALVARO FERRAZ,44,"",PROX AO TERMINAL DE JORDÃO BAIXO,JORDÃO,"","",COLISÃO LATERAL,"1,0","1,0","0,0","0,0","0,0","0,0","0,0","0,0","0,0","1,0","0,0","","","","","","","","","","","","",""
741,"202307536,0",2023-04-04T00:00:00,02:59:00,COM VÍTIMA,FINALIZADA,BOA VIAGEM,RUA SA E SOUZA,154,"",PROXIMO A PADARIA SANTA ROSA,BOA VIAGEM,"","",COLISÃO LATERAL,"0,0","1,0","0,0","0,0","0,0","0,0","0,0","0,0","0,0","1,0","0,0","","","","","","","","","","","","",""
742,"202307568,0",2023-04-05T00:00:00,01:48:00,COM VÍTIMA,FINALIZADA,BOA VIAGEM,AV BOA VIAGEM,4772,"",PRÓX. À PRACINHA DE BOA VIAGEM,BOA VIAGEM,"","",COLISÃO TRASEIRA,"1,0","1,0","0,0","0,0","0,0","0,0","0,0","0,0","0,0","1,0","0,0","","","","","","","","","","","","",""
743,"202307584,0",2023-04-05T00:00:00,08:00:00,COM VÍTIMA,FINALIZADA,DERBY,RUA FELICIANO GOMES,342,"",CERPE,DERBY,"","",COLISÃO FRONTAL,"1,0","1,0","0,0","0,0","0,0","0,0","0,0","0,0","0,0","2,0","0,0","","","","","","","","","","","","",""
744,"202307623,0",2023-04-05T00:00:00,01:47:00,COM VÍTIMA,FINALIZADA,ARRUDA,AV BEBERIBE,"","",EM FRENTE AO BOMPREÇO DO ARRUDA,ARRUDA,"","",COLISÃO LATERAL,"1,0","1,0","0,0","0,0","0,0","0,0","0,0","0,0","0,0","1,0","0,0","","","","","","","","","","","","",""
745,"202307625,0",2023-04-05T00:00:00,02:27:00,SEM VÍTIMA,FINALIZADA,ESPINHEIRO,AV GOVERNADOR AGAMENON MAGALHAES,2978,"",CREA - PE,ESPINHEIRO,"",CIDADE,COLISÃO TRANSVERSAL,"2,0","0,0","0,0","0,0","0,0","0,0","0,0","0,0","0,0","0,0","0,0","","","","","","","","","","","","",""
746,"202307628,0",2023-04-05T00:00:00,03:00:00,COM VÍTIMA,FINALIZADA,DERBY,AV GOVERNADOR AGAMENON MAGALHAES,"","","E/F AO BRADESCO S, /T OLINDA",DERBY,"","",COLISÃO TRASEIRA,"0,0","2,0","0,0","0,0","0,0","0,0","0,0","0,0","0,0","2,0","0,0","","","","","","","","","","","","",""
747,"202307631,0",2023-04-05T00:00:00,03:05:00,COM VÍTIMA,FINALIZADA,ESTÂNCIA,AV RECIFE,"","",LADO OPOSTO AO ATACADÃO/ SENTIDO CAXANGA,ESTÂNCIA,"","",COLISÃO LATERAL,"0,0","2,0","0,0","0,0","0,0","0,0","0,0","0,0","0,0","1,0","0,0","","","","","","","","","","","","",""
748,"202307634,0",2023-04-05T00:00:00,03:24:00,SEM VÍTIMA,FINALIZADA,AREIAS,RUA JOSE NATARIO,"","",PROX A ESTAÇÃO DO WERNECK,AREIAS,"","",COLISÃO LATERAL,"0,0","1,0","0,0","0,0","0,0","1,0","0,0","0,0","0,0","0,0","0,0","","","","","","","","","","","","",""
749,"202307653,0",2023-04-05T00:00:00,05:51:00,COM VÍTIMA,FINALIZADA,AFOGADOS,AV SUL,"","",POLICLÍNICA AGAMENON MAGALHÃES,AFOGADOS,"","",COLISÃO LATERAL,"0,0","2,0","0,0","0,0","0,0","0,0","0,0","0,0","0,0","2,0","0,0","","","","","","","","","","","","",""
750,"202307654,0",2023-04-05T00:00:00,05:53:00,COM VÍTIMA,FINALIZADA,IMBIRIBEIRA,AV ANTONIO TORRES GALVAO,442,RUA ALFREDO MARCONDES,"",IMBIRIBEIRA,"","",COLISÃO TRANSVERSAL,"0,0","1,0","0,0","0,0","0,0","0,0","1,0","0,0","0,0","1,0","0,0","","","","","","","","","","","","",""
751,"202307660,0",2023-04-05T00:00:00,07:27:00,COM VÍTIMA,FINALIZADA,BOA VIAGEM,AVENIDA CELSO FURTADO (VIA MANGUE),"","","ANTES DO HIBER BOMPREÇO, NO VIADUTO",BOA VIAGEM,"",SUBURBIO,COLISÃO TRASEIRA,"1,0","1,0","0,0","0,0","0,0","0,0","0,0","0,0","0,0","1,0","0,0","","","","","","","","","","","","",""
752,"202307665,0",2023-04-05T00:00:00,09:19:00,COM VÍTIMA,CANCELADA,CÓRREGO DO JENIPAPO,RUA DAS FLORES,90,"",PRÓXIMO A UPINHA DO CORREGO DO JENIPAPO,CÓRREGO DO JENIPAPO,"","",COLISÃO FRONTAL,"1,0","1,0","0,0","0,0","0,0","0,0","0,0","0,0","0,0","2,0","0,0","","","","","","","","","","","","",""
753,"202307667,0",2023-04-05T00:00:00,09:28:00,COM VÍTIMA,CANCELADA,BOA VIAGEM,AV ARMINDO MOURA,"",RUA VISCONDE DE JEQUITINHONHA,"",BOA VIAGEM,"",CIDADE,COLISÃO LATERAL,"1,0","1,0","0,0","0,0","0,0","0,0","0,0","0,0","0,0","1,0","0,0","","","","","","","","","","","","",""
754,"202307670,0",2023-04-06T00:00:00,01:21:00,SEM VÍTIMA,FINALIZADA,SANTO AMARO,AV GOVERNADOR AGAMENON MAGALHAES,"","",SOB O VIADUTO  ENGº ROBERTO PEREIRA DE CARVALHO,SANTO AMARO,"","",CHOQUE,"0,0","0,0","0,0","0,0","0,0","0,0","0,0","1,0","0,0","0,0","0,0","","","","","","","","","","","","",""
755,"202307676,0",2023-04-06T00:00:00,06:46:00,COM VÍTIMA,FINALIZADA,BAIRRO DO RECIFE,AV RIO BRANCO,"",CAIS DO APOLO,AO LADO DO BANCO DO BRASIL - SENT. SUBÚRBIO,BAIRRO DO RECIFE,"19,0","",COLISÃO TRASEIRA,"1,0","1,0","0,0","0,0","0,0","0,0","0,0","0,0","0,0","1,0","0,0","","","","","","","","","","","","",""
756,"202307693,0",2023-04-06T00:00:00,10:05:00,COM VÍTIMA,FINALIZADA,AREIAS,AV RECIFE,5008,"",EM FRENTE AO ATACADÃO SENT. BR-101,AREIAS,"","",COLISÃO FRONTAL,"1,0","1,0","0,0","0,0","0,0","0,0","0,0","0,0","0,0","1,0","0,0","","","","","","","","","","","","",""
757,"202307695,0",2023-04-06T00:00:00,10:14:00,COM VÍTIMA,FINALIZADA,BOA VIAGEM,AVENIDA CELSO FURTADO (VIA MANGUE),"","",POR TRÁS DO ANTIGO EXTRA,BOA VIAGEM,"",CIDADE,COLISÃO LATERAL,"0,0","0,0","0,0","0,0","0,0","0,0","0,0","0,0","0,0","1,0","0,0","","","","","","","","","","","","",""
758,"202307698,0",2023-04-06T00:00:00,10:55:00,COM VÍTIMA,CANCELADA,CORDEIRO,RUA XAVIER DE BRITO,"","","",CORDEIRO,"","",COLISÃO LATERAL,"0,0","0,0","0,0","0,0","0,0","0,0","0,0","0,0","0,0","1,0","0,0","","","","","","","","","","","","",""
759,"202307701,0",2023-04-06T00:00:00,11:22:00,COM VÍTIMA,FINALIZADA,AFOGADOS,RUA VINTE E UM DE ABRIL,2090,"","",AFOGADOS,"","",ATROPELAMENTO DE PESSOA,"1,0","0,0","0,0","0,0","1,0","0,0","0,0","0,0","0,0","1,0","0,0","","","","","","","","","","","","",""
760,"202307702,0",2023-04-06T00:00:00,11:48:00,COM VÍTIMA,FINALIZADA,CORDEIRO,RUA DR MIGUEL VIEIRA FERREIRA,721,RUA PROFESSOR JOAQUIM XAVIER DE BRITO,"",CORDEIRO,"","",COLISÃO COM CICLISTA,"0,0","1,0","0,0","1,0","0,0","0,0","0,0","0,0","0,0","2,0","0,0","","","","","","","","","","","","",""
761,"202307703,0",2023-04-06T00:00:00,01:18:00,COM VÍTIMA,FINALIZADA,LINHA DO TIRO,RUA ALTO DOS COQUEIROS,105,"","",LINHA DO TIRO,"","",TOMBAMENTO,"1,0","0,0","0,0","0,0","0,0","0,0","1,0","0,0","0,0","1,0","0,0","","","","","","","","","","","","",""
762,"202307738,0",2023-04-07T00:00:00,08:29:00,SEM VÍTIMA,FINALIZADA,AFOGADOS,EST DOS REMEDIOS,1322,"",EM FRENTE À OFICINA CORSEL,AFOGADOS,"","",COLISÃO FRONTAL,"0,0","1,0","0,0","0,0","0,0","0,0","0,0","0,0","0,0","0,0","0,0","","","","","","","","","","","","",""
763,"202307743,0",2023-04-08T00:00:00,03:54:00,SEM VÍTIMA,FINALIZADA,ILHA DO RETIRO,AV ENGENHEIRO ABDIAS DE CARVALHO,"","",EM FRENTE AO SPORT,ILHA DO RETIRO,"","",COLISÃO LATERAL,"0,0","0,0","0,0","0,0","0,0","0,0","0,0","0,0","0,0","0,0","0,0","","","","","","","","","","","","",""
764,"202307750,0",2023-04-08T00:00:00,07:02:00,SEM VÍTIMA,FINALIZADA,VÁRZEA,RUA TORRES HOMEM,"","","",VÁRZEA,"","",APOIO CELPE,"0,0","0,0","0,0","0,0","0,0","0,0","0,0","0,0","0,0","0,0","0,0","","","","","","","","","","","","",""
765,"202307751,0",2023-04-08T00:00:00,09:04:00,SEM VÍTIMA,FINALIZADA,VÁRZEA,RUA TORRES HOMEM,"","","",VÁRZEA,"","",APOIO CELPE,"0,0","0,0","0,0","0,0","0,0","0,0","0,0","0,0","0,0","0,0","0,0","","","","","","","","","","","","",""
766,"202307759,0",2023-04-08T00:00:00,10:59:00,COM VÍTIMA,FINALIZADA,SANTO ANTÔNIO,PTE BUARQUE DE MACEDO,"",AV MARTINS DE BARROS,"",SANTO ANTÔNIO,"","",COLISÃO TRASEIRA,"1,0","1,0","0,0","0,0","0,0","0,0","0,0","0,0","0,0","2,0","0,0","","","","","","","","","","","","",""
767,"202307761,0",2023-04-08T00:00:00,12:42:00,COM VÍTIMA,FINALIZADA,BEBERIBE,AV BEBERIBE,1923,"","",BEBERIBE,"","",COLISÃO LATERAL,"1,0","1,0","0,0","0,0","0,0","0,0","0,0","0,0","0,0","1,0","0,0","","","","","","","","","","","","",""
768,"202307777,0",2023-04-08T00:00:00,09:45:00,COM VÍTIMA,FINALIZADA,AREIAS,AV DR JOSE RUFINO,1637,"",PRÓXIMO À IGREJA PRESBITERIANA,AREIAS,"","",COLISÃO LATERAL,"1,0","1,0","0,0","0,0","0,0","0,0","0,0","0,0","0,0","1,0","0,0","","","","","","","","","","","","",""
769,"202307794,0",2023-04-09T00:00:00,09:43:00,SEM VÍTIMA,FINALIZADA,SANTO ANTÔNIO,RUA NOSSA SRA DO CARMO,"",RUA DO RANGEL,SEMÁFORO Nº 017,SANTO ANTÔNIO,"17,0",CIDADE,"","1,0","0,0","0,0","0,0","0,0","0,0","0,0","0,0","0,0","0,0","0,0","","","","","","","","","","","","",""
770,"202307805,0",2023-04-09T00:00:00,04:40:00,COM VÍTIMA,FINALIZADA,TAMARINEIRA,RUA SEBASTIAO MALTA ARCOVERDE,60,"",EM FRENTE AO FAACA BURGUER,TAMARINEIRA,"","",COLISÃO LATERAL,"1,0","1,0","0,0","0,0","0,0","0,0","0,0","0,0","0,0","1,0","0,0","","","","","","","","","","","","",""
771,"202307810,0",2023-04-09T00:00:00,07:30:00,COM VÍTIMA,FINALIZADA,BOA VIAGEM,AV ENGENHEIRO DOMINGOS FERREIRA,"","",EM FRENTE AO SPETTUS,BOA VIAGEM,"","",COLISÃO LATERAL,"1,0","1,0","0,0","0,0","0,0","0,0","0,0","0,0","0,0","1,0","0,0","","","","","","","","","","","","",""
772,"202307811,0",2023-04-09T00:00:00,09:46:00,COM VÍTIMA,FINALIZADA,IBURA,AV DOIS RIOS,"","",PRÓXIMO A LADEIRA DA COHAB,IBURA,"","",COLISÃO LATERAL,"1,0","1,0","0,0","0,0","0,0","0,0","0,0","0,0","0,0","2,0","0,0","","","","","","","","","","","","",""
773,"202307812,0",2023-04-10T00:00:00,12:07:00,COM VÍTIMA,FINALIZADA,"",AV BEBERIBE,"","",EM FRENTE AO SEST SENAT,"","","",COLISÃO TRANSVERSAL,"0,0","0,0","0,0","0,0","0,0","0,0","0,0","0,0","0,0","1,0","0,0","","","","","","","","","","","","",""
774,"202307813,0",2023-04-10T00:00:00,04:55:00,VÍTIMA FATAL,FINALIZADA,BOA VIAGEM,AV BOA VIAGEM,4558,"",EM FRENTE AO EDF. MARIA LEOPOLDINA,BOA VIAGEM,"152,0","",TOMBAMENTO,"1,0","0,0","0,0","0,0","0,0","0,0","0,0","0,0","0,0","1,0","1,0","","","","","","","","","","","","",""
775,"202307833,0",2023-04-10T00:00:00,10:02:00,COM VÍTIMA,FINALIZADA,PINA,RUA MANOEL DE BRITO,"","",INÍCIO DO TÚNEL JOSUÉ DE CASTRO,PINA,"","",COLISÃO LATERAL,"3,0","1,0","0,0","0,0","0,0","0,0","0,0","0,0","0,0","1,0","0,0","","","","","","","","","","","","",""
776,"202307837,0",2023-04-10T00:00:00,10:14:00,COM VÍTIMA,FINALIZADA,MADALENA,AV BEIRA RIO,825,"",EM FRENTE AO EDF. RIVER TOWER RESIDENCE,MADALENA,"","",COLISÃO LATERAL,"1,0","1,0","0,0","0,0","0,0","0,0","0,0","0,0","0,0","1,0","0,0","","","","","","","","","","","","",""
777,"202307861,0",2023-04-10T00:00:00,02:41:00,COM VÍTIMA,FINALIZADA,TORRE,RUA REAL DA TORRE,1642,"",EM FRENTE A ESCOLA DESPERTAR,TORRE,"","",COLISÃO LATERAL,"1,0","1,0","0,0","0,0","0,0","0,0","0,0","0,0","0,0","2,0","0,0","","","","","","","","","","","","",""
778,"202307865,0",2023-04-10T00:00:00,02:56:00,COM VÍTIMA,FINALIZADA,BOA VISTA,AV MANOEL BORBA,251,"",EM FRENTE AO VAREJÃO,BOA VISTA,"","",COLISÃO LATERAL,"1,0","1,0","0,0","0,0","0,0","0,0","0,0","0,0","0,0","1,0","0,0","","","","","","","","","","","","",""
779,"202307869,0",2023-04-10T00:00:00,03:47:00,COM VÍTIMA,FINALIZADA,GRAÇAS,AV RUI BARBOSA,"","",EM FRENTE AO RESTAURANTE PAPA CAPIM E COLEGIO DAMAS,GRAÇAS,"","",COLISÃO COM CICLISTA,"1,0","0,0","0,0","1,0","0,0","0,0","0,0","0,0","0,0","1,0","0,0","","","","","","","","","","","","",""
780,"202307874,0",2023-04-10T00:00:00,05:50:00,COM VÍTIMA,FINALIZADA,SANTO AMARO,RUA FRANCISCO JACINTO,195,"",PROX A DELEGACIA DA MULHER,SANTO AMARO,"","",COLISÃO LATERAL,"1,0","1,0","0,0","0,0","0,0","0,0","0,0","0,0","0,0","1,0","0,0","","","","","","","","","","","","",""
781,"202307876,0",2023-04-10T00:00:00,06:24:00,SEM VÍTIMA,CANCELADA,SANTO ANTÔNIO,RUA SIQUEIRA CAMPOS,"",AV DANTAS BARRETO,PROX A SICREDE,SANTO ANTÔNIO,"","",COLISÃO LATERAL,"2,0","0,0","0,0","0,0","0,0","0,0","0,0","0,0","0,0","0,0","0,0","","","","","","","","","","","","",""
782,"202307877,0",2023-04-10T00:00:00,06:36:00,COM VÍTIMA,FINALIZADA,CAXANGÁ,AV CAXANGA,"","",EM FRENTE A PRAÇA ESTEVÃO DE SÁ,CAXANGÁ,"","",COLISÃO TRASEIRA,"1,0","1,0","0,0","0,0","0,0","0,0","0,0","0,0","0,0","2,0","0,0","","","","","","","","","","","","",""
783,"202307885,0",2023-04-10T00:00:00,07:22:00,COM VÍTIMA,FINALIZADA,GUABIRABA,AV DA RECUPERACAO,"","",PROXIMO  UPA DE GUABIRABA,GUABIRABA,"","",COLISÃO FRONTAL,"0,0","2,0","0,0","0,0","0,0","0,0","0,0","0,0","0,0","2,0","0,0","","","","","","","","","","","","",""
784,"202307886,0",2023-04-10T00:00:00,07:31:00,COM VÍTIMA,FINALIZADA,DERBY,AV GOVERNADOR AGAMENON MAGALHAES,"","",EM FRENTE AO HOSPITAL MEMORIAL SÃO JOSÉ,DERBY,"","",COLISÃO LATERAL,"0,0","1,0","0,0","1,0","0,0","0,0","0,0","0,0","0,0","1,0","0,0","","","","","","","","","","","","",""
785,"202307889,0",2023-04-10T00:00:00,09:19:00,SEM VÍTIMA,FINALIZADA,IPSEP,AV RECIFE,34,"",RODK AUTO,IPSEP,"","","","1,0","0,0","0,0","0,0","0,0","0,0","1,0","0,0","0,0","0,0","0,0","","","","","","","","","","","","",""
786,"202307919,0",2023-04-11T00:00:00,10:25:00,COM VÍTIMA,FINALIZADA,IMBIRIBEIRA,RUA ARQUITETO LUIZ NUNES,1373,"",PRÓX. AO ATACAREJO NOVO TEMPO,IMBIRIBEIRA,"","",COLISÃO TRASEIRA,"1,0","1,0","0,0","0,0","0,0","0,0","0,0","0,0","0,0","1,0","0,0","","","","","","","","","","","","",""
787,"202307936,0",2023-04-11T00:00:00,12:11:00,SEM VÍTIMA,FINALIZADA,IMBIRIBEIRA,AV MARECHAL MASCARENHAS DE MORAES,2252,"",EM FRENTE À FERREIRA COSTA,IMBIRIBEIRA,"386,0",CIDADE,"","0,0","1,0","0,0","0,0","0,0","0,0","1,0","0,0","0,0","0,0","0,0","","","","","","","","","","","","",""
788,"202307945,0",2023-04-11T00:00:00,02:05:00,COM VÍTIMA,FINALIZADA,APIPUCOS,RUA DE APIPUCOS,685,"",CONDOMINIO RESERVA DE APIPUCOS,APIPUCOS,"","",COLISÃO FRONTAL,"1,0","1,0","0,0","0,0","0,0","0,0","0,0","0,0","0,0","2,0","0,0","","","","","","","","","","","","",""
789,"202307953,0",2023-04-11T00:00:00,02:52:00,SEM VÍTIMA,CANCELADA,TORRE,RUA CANTORA CLARA NUNES,1,"",AO LADO DA IGREJA CAPELINHA,TORRE,"","",COLISÃO TRASEIRA,"2,0","0,0","0,0","0,0","0,0","0,0","0,0","0,0","0,0","0,0","0,0","","","","","","","","","","","","",""
790,"202307962,0",2023-04-11T00:00:00,06:06:00,COM VÍTIMA,FINALIZADA,MACAXEIRA,AV NORTE MIGUEL ARRAES DE ALENCAR,150,"",EM FRENTE AO HOTEL NEXOS,MACAXEIRA,"","",COLISÃO LATERAL,"0,0","2,0","0,0","0,0","0,0","0,0","0,0","0,0","0,0","2,0","0,0","","","","","","","","","","","","",""
791,"202307968,0",2023-04-11T00:00:00,07:19:00,COM VÍTIMA,FINALIZADA,SÃO JOSÉ,RUA DO FORTE,"","",AO LADO DO FORTE DAS CINCO PONTAS,SÃO JOSÉ,"","",ATROPELAMENTO DE PESSOA,"1,0","0,0","0,0","0,0","0,0","0,0","0,0","0,0","0,0","1,0","0,0","","","","","","","","","","","","",""
792,"202307971,0",2023-04-11T00:00:00,08:18:00,COM VÍTIMA,FINALIZADA,ARRUDA,RUA SETE PECADOS,252,"",ARMAZEM CORAL,ARRUDA,"","",COLISÃO LATERAL,"1,0","1,0","0,0","0,0","0,0","0,0","0,0","0,0","0,0","1,0","0,0","","","","","","","","","","","","",""
793,"202307974,0",2023-04-11T00:00:00,11:08:00,COM VÍTIMA,FINALIZADA,GRAÇAS,RUA JOAO RAMOS,"","",PIZZARIA ATLÂNTICO,GRAÇAS,"","",COLISÃO TRASEIRA,"1,0","1,0","0,0","0,0","0,0","0,0","0,0","0,0","0,0","1,0","0,0","","","","","","","","","","","","",""
794,"202307978,0",2023-04-12T00:00:00,05:59:00,SEM VÍTIMA,FINALIZADA,BOA VIAGEM,RUA JOSE ADERVAL CHAVES,"","","",BOA VIAGEM,"","",APOIO CELPE,"0,0","0,0","0,0","0,0","0,0","0,0","0,0","0,0","0,0","0,0","0,0","","","","","","","","","","","","",""
795,"202307987,0",2023-04-12T00:00:00,07:35:00,SEM VÍTIMA,FINALIZADA,TORRÕES,RUA DES CAPISTRANO DE MORAES E SILVA,280,"",AO LADO DA PRAÇA JARDIM DO FORTE DO BOM JESUS,TORRÕES,"",CIDADE,COLISÃO TRANSVERSAL,"2,0","0,0","0,0","0,0","0,0","0,0","0,0","0,0","0,0","0,0","0,0","","","","","","","","","","","","",""
796,"202307990,0",2023-04-12T00:00:00,08:31:00,COM VÍTIMA,FINALIZADA,SANTO AMARO,AV GOVERNADOR AGAMENON MAGALHAES,1302,"","EM FRENTE AO POSTO BR, SENT. BOA VIAGEM",SANTO AMARO,"","",COLISÃO LATERAL,"1,0","1,0","0,0","0,0","0,0","0,0","0,0","0,0","0,0","1,0","0,0","","","","","","","","","","","","",""
797,"202307995,0",2023-04-12T00:00:00,08:51:00,COM VÍTIMA,FINALIZADA,SAN MARTIN,AV JOAO CABRAL DE MELO NETO,"","",PRÓX. AO LAVA A JATO DO BRUNO,SAN MARTIN,"","",ATROPELAMENTO DE PESSOA,"0,0","1,0","0,0","0,0","1,0","0,0","0,0","0,0","0,0","1,0","0,0","","","","","","","","","","","","",""
798,"202308000,0",2023-04-11T00:00:00,12:06:00,COM VÍTIMA,FINALIZADA,CASA AMARELA,AV NORTE MIGUEL ARRAES DE ALENCAR,6591,"","",CASA AMARELA,"",CIDADE,TOMBAMENTO,"0,0","1,0","0,0","0,0","0,0","0,0","0,0","0,0","0,0","1,0","0,0","","","","","","","","","","","","",""
799,"202308022,0",2023-04-12T00:00:00,12:11:00,COM VÍTIMA,FINALIZADA,ESPINHEIRO,AV GOVERNADOR AGAMENON MAGALHAES,"","",EM FRENTE À MEDICAL,ESPINHEIRO,"","",COLISÃO LATERAL,"1,0","1,0","0,0","0,0","0,0","0,0","0,0","0,0","0,0","1,0","0,0","","","","","","","","","","","","",""
800,"202308032,0",2023-04-12T00:00:00,01:36:00,COM VÍTIMA,FINALIZADA,IMBIRIBEIRA,AV MARECHAL MASCARENHAS DE MORAES,2716,"",ESQUINA DO GERALDAO S/T AEROPORTO,IMBIRIBEIRA,"","",ENGAVETAMENTO,"3,0","0,0","0,0","0,0","0,0","0,0","0,0","0,0","0,0","1,0","0,0","","","","","","","","","","","","",""
801,"202308042,0",2023-04-12T00:00:00,03:37:00,COM VÍTIMA,FINALIZADA,CAMPINA DO BARRETO,RUA CORONEL URBANO RIBEIRO DE SENA,838,"",PROX ACADEMIA DA CIDADE,CAMPINA DO BARRETO,"","",COLISÃO COM CICLISTA,"1,0","0,0","0,0","1,0","0,0","0,0","0,0","0,0","0,0","1,0","0,0","","","","","","","","","","","","",""
802,"202308047,0",2023-04-12T00:00:00,05:38:00,COM VÍTIMA,FINALIZADA,SANTO AMARO,AV NORTE MIGUEL ARRAES DE ALENCAR,"","",PROX AO SENAI,SANTO AMARO,"","",ATROPELAMENTO DE PESSOA,"0,0","1,0","0,0","0,0","1,0","0,0","0,0","0,0","0,0","1,0","0,0","","","","","","","","","","","","",""
803,"202308048,0",2023-04-12T00:00:00,06:11:00,SEM VÍTIMA,FINALIZADA,ILHA JOANA BEZERRA,AV MARTIN LUTHER KING,"","",ACADEMIA DA CIDADE DE JOANA BEZERRA,ILHA JOANA BEZERRA,"","",ATROPELAMENTO DE ANIMAL,"0,0","0,0","0,0","0,0","0,0","0,0","0,0","1,0","0,0","0,0","0,0","","","","","","","","","","","","",""
804,"202308082,0",2023-04-13T00:00:00,07:53:00,COM VÍTIMA,FINALIZADA,PRADO,AV ENGENHEIRO ABDIAS DE CARVALHO,"","","",PRADO,"","",COLISÃO TRASEIRA,"1,0","1,0","0,0","0,0","0,0","0,0","0,0","0,0","0,0","1,0","0,0","","","","","","","","","","","","",""
805,"202308095,0",2023-04-13T00:00:00,10:43:00,COM VÍTIMA,FINALIZADA,AFOGADOS,RUA AUGUSTO CALHEIROS,18,"",EM FRENTE A IMPORT PNEUS,AFOGADOS,"","",COLISÃO LATERAL,"1,0","1,0","0,0","0,0","0,0","0,0","0,0","0,0","0,0","1,0","0,0","","","","","","","","","","","","",""
806,"202308099,0",2023-04-13T00:00:00,11:43:00,COM VÍTIMA,FINALIZADA,PINA,RUA NOGUEIRA DE SOUZA,"","",PRÓX. AO CALDINHO DO NENÊ E DO SHOPPING RIO MAR,PINA,"","",COLISÃO LATERAL,"1,0","1,0","0,0","0,0","0,0","0,0","0,0","0,0","0,0","1,0","0,0","","","","","","","","","","","","",""
807,"202308114,0",2023-04-13T00:00:00,02:39:00,SEM VÍTIMA,CANCELADA,GRAÇAS,RUA CARDEAL ARCOVERDE,276,"",LANCHONETE PARADA OBRIGATORIA,GRAÇAS,"","",COLISÃO LATERAL,"1,0","1,0","0,0","0,0","0,0","0,0","0,0","0,0","0,0","0,0","0,0","","","","","","","","","","","","",""