_id,Protocolo,data,hora,natureza_acidente,situacao,bairro,endereco,numero,detalhe_endereco_acidente,complemento,bairro_cruzamento,num_semaforo,sentido_via,tipo,auto,moto,ciclom,ciclista,pedestre,onibus,caminhao,viatura,outros,vitimas,vitimasfatais,acidente_verificado,tempo_clima,situacao_semaforo,sinalizacao,condicao_via,conservacao_via,ponto_controle,situacao_placa,velocidade_max_via,mao_direcao,divisao_via1,divisao_via2,divisao_via3
808,"202308121,0",2023-04-13T00:00:00,03:28:00,SEM VÍTIMA,CANCELADA,ILHA JOANA BEZERRA,PTE JOSE DE BARROS LIMA,"","","",ILHA JOANA BEZERRA,"","",COLISÃO LATERAL,"2,0","0,0","0,0","0,0","0,0","0,0","0,0","0,0","0,0","0,0","0,0","","","","","","","","","","","","",""
809,"202308123,0",2023-04-13T00:00:00,03:47:00,SEM VÍTIMA,FINALIZADA,BOA VISTA,RUA DO PRINCIPE,"","",RUA AFONSO PENA,BOA VISTA,"",CIDADE,"","1,0","0,0","0,0","0,0","0,0","1,0","0,0","0,0","0,0","0,0","0,0","","","","","","","","","","","","",""
810,"202308126,0",2023-04-13T00:00:00,04:59:00,COM VÍTIMA,FINALIZADA,ILHA JOANA BEZERRA,PTE JOSE DE BARROS LIMA,"","",SENTIDO DERBY,ILHA JOANA BEZERRA,"","",ATROPELAMENTO DE PESSOA,"0,0","0,0","0,0","0,0","1,0","0,0","0,0","0,0","0,0","1,0","0,0","","","","","","","","","","","","",""
811,"202308143,0",2023-04-13T00:00:00,10:22:00,COM VÍTIMA,FINALIZADA,IMBIRIBEIRA,RUA SARGENTO SILVINO DE MACEDO,"",RUA JOSE DA SILVA LUCENA,PRÓXIMO AO CAMPO,IMBIRIBEIRA,"","",COLISÃO TRANSVERSAL,"1,0","1,0","0,0","0,0","0,0","0,0","0,0","0,0","0,0","1,0","0,0","","","","","","","","","","","","",""
812,"202308182,0",2023-04-14T00:00:00,11:21:00,COM VÍTIMA,FINALIZADA,BOA VIAGEM,AVENIDA CELSO FURTADO (VIA MANGUE),"","",ACESSO A ANTONIO FALCÃO,BOA VIAGEM,"","",CHOQUE,"1,0","0,0","0,0","0,0","0,0","0,0","0,0","0,0","0,0","1,0","0,0","","","","","","","","","","","","",""
813,"202308186,0",2023-04-14T00:00:00,11:38:00,COM VÍTIMA,FINALIZADA,VÁRZEA,RUA PROFESSOR ANTONIO COELHO,"",RUA EMILIANO BRAGA,PRÓX. AO COLÉGIO E CURSO DESAFIO,VÁRZEA,"","",COLISÃO LATERAL,"1,0","1,0","0,0","0,0","0,0","0,0","0,0","0,0","0,0","1,0","0,0","","","","","","","","","","","","",""
814,"202308187,0",2023-04-14T00:00:00,11:38:00,SEM VÍTIMA,FINALIZADA,ESTÂNCIA,AV DR JOSE RUFINO,241,"","",ESTÂNCIA,"",CIDADE,COLISÃO LATERAL,"1,0","0,0","0,0","0,0","0,0","0,0","1,0","0,0","0,0","0,0","0,0","","","","","","","","","","","","",""
815,"202308188,0",2023-04-14T00:00:00,11:42:00,SEM VÍTIMA,FINALIZADA,PASSARINHO,AV CONCRIS,S/N,"",E/F ESCOLA MUNICIPAL MARLUCE SANTIAGO DA SILVA,PASSARINHO,"",SUBURBIO,COLISÃO TRANSVERSAL,"1,0","0,0","0,0","0,0","0,0","0,0","0,0","1,0","0,0","0,0","0,0","","","","","","","","","","","","",""
816,"202308195,0",2023-04-14T00:00:00,01:19:00,COM VÍTIMA,FINALIZADA,APIPUCOS,RUA DE APIPUCOS,"","",EM FRENTE AO PARQUE APIPUCOS,APIPUCOS,"","",COLISÃO TRASEIRA,"1,0","1,0","0,0","0,0","0,0","0,0","0,0","0,0","0,0","1,0","0,0","","","","","","","","","","","","",""
817,"202308248,0",2023-04-14T00:00:00,08:23:00,COM VÍTIMA,FINALIZADA,DOIS IRMÃOS,RUA MANUEL DE MEDEIROS,"","",EM FRENTE AO BAR DA CURVA,DOIS IRMÃOS,"",SUBURBIO,COLISÃO LATERAL,"0,0","1,0","0,0","0,0","0,0","0,0","1,0","0,0","0,0","1,0","0,0","","","","","","","","","","","","",""
818,"202308305,0",2023-04-15T00:00:00,11:24:00,COM VÍTIMA,FINALIZADA,ROSARINHO,AV SANTOS DUMONT,"",RUA CAIO PEREIRA,PROX. AO EDF. ARTEMIS,ROSARINHO,"","",COLISÃO LATERAL,"1,0","1,0","0,0","0,0","0,0","0,0","0,0","0,0","0,0","1,0","0,0","","","","","","","","","","","","",""
819,"202308307,0",2023-04-15T00:00:00,11:46:00,COM VÍTIMA,FINALIZADA,AFOGADOS,RUA SAO MIGUEL,1428,"",PROX AO POSTO DE GASOLINA JOÃO DIAS,AFOGADOS,"","",COLISÃO LATERAL,"1,0","1,0","0,0","0,0","0,0","0,0","0,0","0,0","0,0","1,0","0,0","","","","","","","","","","","","",""
820,"202308316,0",2023-04-15T00:00:00,01:52:00,COM VÍTIMA,FINALIZADA,JOANA BEZERRA,AV SUL,"","",ENFRENTE AO POSTO BR,JOANA BEZERRA,"","",COLISÃO LATERAL,"0,0","1,0","0,0","0,0","0,0","1,0","0,0","0,0","0,0","1,0","0,0","","","","","","","","","","","","",""
821,"202308340,0",2023-04-15T00:00:00,07:51:00,COM VÍTIMA,FINALIZADA,PINA,AVENIDA CELSO FURTADO (VIA MANGUE),"","",POR TRÁS DO AÇAÍ ATACADISTA,PINA,"","",COLISÃO TRASEIRA,"1,0","1,0","0,0","0,0","0,0","0,0","0,0","0,0","0,0","1,0","0,0","","","","","","","","","","","","",""
822,"202308345,0",2023-04-15T00:00:00,10:01:00,COM VÍTIMA,FINALIZADA,BOA VIAGEM,RUA DEZ DE JULHO,481,RUA CAMBOIM,PRÓXIMO A ESTAÇÃO DO AEROPORTO,BOA VIAGEM,"","",COLISÃO TRANSVERSAL,"1,0","1,0","0,0","0,0","0,0","0,0","0,0","0,0","0,0","2,0","0,0","","","","","","","","","","","","",""
823,"202308348,0",2023-04-16T00:00:00,01:02:00,SEM VÍTIMA,FINALIZADA,IMBIRIBEIRA,AV MARECHAL MASCARENHAS DE MORAES,945,AV PINHEIROS,GRILLO HOME CENTER,IMBIRIBEIRA,"396,0",CIDADE,COLISÃO TRANSVERSAL,"1,0","0,0","0,0","0,0","0,0","1,0","0,0","0,0","0,0","0,0","0,0","","","","","","","","","","","","",""
824,"202308362,0",2023-04-16T00:00:00,08:31:00,COM VÍTIMA,FINALIZADA,IPUTINGA,AV CAXANGA,3841,"",EM FRENTE A FACULDADE IMACULADA CONCEIÇÃO DO RECIFE,IPUTINGA,"","",COLISÃO TRASEIRA,"1,0","1,0","0,0","0,0","0,0","0,0","0,0","0,0","0,0","2,0","0,0","","","","","","","","","","","","",""
825,"202308372,0",2023-04-16T00:00:00,01:36:00,COM VÍTIMA,FINALIZADA,IMBIRIBEIRA,AV MARECHAL MASCARENHAS DE MORAES,440,"",FLOR ARTE,IMBIRIBEIRA,"","",COLISÃO TRASEIRA,"1,0","1,0","0,0","0,0","0,0","0,0","0,0","0,0","0,0","1,0","0,0","","","","","","","","","","","","",""
826,"202308375,0",2023-04-16T00:00:00,03:07:00,COM VÍTIMA,FINALIZADA,IBURA,AV JORNALISTA COSTA PORTO,969,"",EM FRENTE A ASSEMBLEIA DE DEUS CAMPOS JORDÃO,IBURA,"","",COLISÃO FRONTAL,"0,0","1,0","0,0","0,0","0,0","1,0","0,0","0,0","0,0","1,0","0,0","","","","","","","","","","","","",""
827,"202308377,0",2023-04-16T00:00:00,03:20:00,SEM VÍTIMA,FINALIZADA,DERBY,AV GOVERNADOR AGAMENON MAGALHAES,"","",ORTODENTE / PRAÇA DO DERBY,DERBY,"",SUBURBIO,COLISÃO TRASEIRA,"2,0","0,0","0,0","0,0","0,0","0,0","0,0","0,0","0,0","0,0","0,0","","","","","","","","","","","","",""
828,"202308386,0",2023-04-16T00:00:00,05:30:00,SEM VÍTIMA,FINALIZADA,BOA VIAGEM,AV CONSELHEIRO AGUIAR,2878,"",PANIFICADORA DELICATESSEN CARMEM,BOA VIAGEM,"","",COLISÃO LATERAL,"1,0","0,0","0,0","0,0","0,0","1,0","0,0","0,0","0,0","0,0","0,0","","","","","","","","","","","","",""
829,"202308388,0",2023-04-16T00:00:00,05:56:00,COM VÍTIMA,FINALIZADA,VÁRZEA,RUA MARIO CAMPELO,338,"",RUA RESIDENCIAL,VÁRZEA,"","",COLISÃO FRONTAL,"1,0","1,0","0,0","0,0","0,0","0,0","0,0","0,0","0,0","2,0","0,0","","","","","","","","","","","","",""
830,"202308407,0",2023-04-16T00:00:00,10:55:00,SEM VÍTIMA,CANCELADA,IPUTINGA,RUA LEAL DE BARROS,235,"",PRÓX. À PIZZARIA PAULIYNE,IPUTINGA,"","",COLISÃO TRASEIRA,"2,0","1,0","0,0","0,0","0,0","0,0","0,0","0,0","0,0","0,0","0,0","","","","","","","","","","","","",""
831,"202308408,0",2023-04-16T00:00:00,11:38:00,SEM VÍTIMA,CANCELADA,BOA VIAGEM,AV ANTONIO DE GOES,"","",EM CIMA DA PONTE,BOA VIAGEM,"","",COLISÃO LATERAL,"2,0","0,0","0,0","0,0","0,0","0,0","0,0","0,0","0,0","0,0","0,0","","","","","","","","","","","","",""
832,"202308413,0",2023-04-17T00:00:00,06:55:00,COM VÍTIMA,FINALIZADA,IPSEP,RUA JEAN EMILE FAVRE,"","",EM FRENTE A UNIFBV,IPSEP,"","",COLISÃO LATERAL,"1,0","1,0","0,0","0,0","0,0","0,0","0,0","0,0","0,0","1,0","0,0","","","","","","","","","","","","",""
833,"202308418,0",2023-04-17T00:00:00,07:32:00,COM VÍTIMA,FINALIZADA,IPSEP,AV RECIFE,"","","EM CIMA DO VIADUTO, APOS O ARMAZEM CORAL, SENT. AEROPORTO",IPSEP,"","",COLISÃO TRASEIRA,"1,0","1,0","0,0","0,0","0,0","0,0","0,0","0,0","0,0","1,0","0,0","","","","","","","","","","","","",""
834,"202308425,0",2023-04-17T00:00:00,08:02:00,COM VÍTIMA,FINALIZADA,ESTÂNCIA,AV DR JOSE RUFINO,"",VIADUTO ULYSSES GUIMARAES,LOCAL DO SINISTRO VIADUTO ULYSSES GUIMARAES - REF. AO LADO DO ARMAZEM CORAL,ESTÂNCIA,"","",COLISÃO TRASEIRA,"1,0","1,0","0,0","0,0","0,0","0,0","0,0","0,0","0,0","1,0","0,0","","","","","","","","","","","","",""
835,"202308433,0",2023-04-17T00:00:00,08:26:00,SEM VÍTIMA,CANCELADA,BOA VIAGEM,AV CONSELHEIRO AGUIAR,2878,"",EM FRENTE  A PADARIA,BOA VIAGEM,"","",COLISÃO LATERAL,"2,0","0,0","0,0","0,0","0,0","0,0","0,0","0,0","0,0","0,0","0,0","","","","","","","","","","","","",""
836,"202308451,0",2023-04-17T00:00:00,11:11:00,COM VÍTIMA,FINALIZADA,ENCRUZILHADA,EST DE BELEM,"","",EM FRENTE À QUITANDARIA,ENCRUZILHADA,"","",COLISÃO LATERAL,"1,0","1,0","0,0","0,0","0,0","0,0","0,0","0,0","0,0","1,0","0,0","","","","","","","","","","","","",""
837,"202308459,0",2023-04-17T00:00:00,12:14:00,COM VÍTIMA,FINALIZADA,SANTO AMARO,AV GOVERNADOR AGAMENON MAGALHAES,"",VDO INDEPENDENCIA,VIADUTO SOBRE À AV. JOÃO DE BARROS,SANTO AMARO,"","",COLISÃO TRASEIRA,"1,0","1,0","0,0","0,0","0,0","0,0","0,0","0,0","0,0","2,0","0,0","","","","","","","","","","","","",""
838,"202308468,0",2023-04-17T00:00:00,01:18:00,COM VÍTIMA,FINALIZADA,IMBIRIBEIRA,VIADUTO TANCREDO NEVES,"","",SOBRE O VIADUTO: SENTIDO BOA VIAGEM,IMBIRIBEIRA,"","",QUEDA,"1,0","1,0","0,0","0,0","0,0","0,0","0,0","0,0","0,0","1,0","0,0","","","","","","","","","","","","",""
839,"202308483,0",2023-04-17T00:00:00,04:35:00,SEM VÍTIMA,FINALIZADA,SÃO JOSÉ,RUA CORACAO DE MARIA,"","",16º BPM,SÃO JOSÉ,"",SUBURBIO,"","1,0","0,0","0,0","0,0","0,0","0,0","0,0","1,0","0,0","0,0","0,0","","","","","","","","","","","","",""
840,"202308496,0",2023-04-17T00:00:00,06:43:00,COM VÍTIMA,FINALIZADA,BOA VISTA,AV MANOEL BORBA,410,"",POSTO BR MANIA,BOA VISTA,"","",COLISÃO TRASEIRA,"1,0","1,0","0,0","0,0","0,0","0,0","0,0","0,0","0,0","1,0","0,0","","","","","","","","","","","","",""
841,"202308500,0",2023-04-17T00:00:00,07:31:00,COM VÍTIMA,FINALIZADA,IPSEP,RUA HELIO BRANDAO,"",RUA ARISTIDES LOBO,COLÉGIO JOSÉ VICENTE,IPSEP,"","",COLISÃO LATERAL,"1,0","1,0","0,0","0,0","0,0","0,0","0,0","0,0","0,0","1,0","0,0","","","","","","","","","","","","",""
842,"202308515,0",2023-04-18T00:00:00,07:12:00,COM VÍTIMA,FINALIZADA,ENCRUZILHADA,AV BEBERIBE,433,"",PROX AO BANCO DO BRAZIL,ENCRUZILHADA,"","",QUEDA,"0,0","1,0","0,0","0,0","0,0","0,0","0,0","0,0","0,0","1,0","0,0","","","","","","","","","","","","",""
843,"202308526,0",2023-04-18T00:00:00,09:16:00,COM VÍTIMA,FINALIZADA,CORDEIRO,EST DO FORTE DO ARRAIAL N. DO B. JESUS,620,"",PROX. AO COLEGIO ANGLO,CORDEIRO,"","",COLISÃO LATERAL,"1,0","1,0","0,0","0,0","0,0","0,0","0,0","0,0","0,0","1,0","0,0","","","","","","","","","","","","",""
844,"202308559,0",2023-04-18T00:00:00,04:30:00,COM VÍTIMA,FINALIZADA,BOA VISTA,AV CONDE DA BOA VISTA,"",RUA DA SOLEDADE,NO SEMAFORO 025,BOA VISTA,"","",COLISÃO FRONTAL,"1,0","1,0","0,0","0,0","0,0","0,0","0,0","0,0","0,0","1,0","0,0","","","","","","","","","","","","",""
845,"202308588,0",2023-04-19T00:00:00,07:05:00,COM VÍTIMA,FINALIZADA,BOA VIAGEM,RUA DES JOAO PAES,"",RUA CORONEL ANIZIO RODRIGUES COELHO,POR TRAS DO RESTAURANTE ESCRITORIO ZONA SUL,BOA VIAGEM,"","",COLISÃO FRONTAL,"1,0","1,0","0,0","0,0","0,0","0,0","0,0","0,0","0,0","2,0","0,0","","","","","","","","","","","","",""
846,"202308621,0",2023-04-19T00:00:00,10:57:00,COM VÍTIMA,FINALIZADA,IMBIRIBEIRA,AV PRESIDENTE DUTRA,"","",SOBRE O VD TANCREDO NEVES,IMBIRIBEIRA,"","",QUEDA,"0,0","1,0","0,0","0,0","0,0","0,0","0,0","0,0","0,0","1,0","0,0","","","","","","","","","","","","",""
847,"202308625,0",2023-04-19T00:00:00,11:10:00,COM VÍTIMA,FINALIZADA,IPSEP,AV RECIFE,1407,"",EM FRENTE A CALOS EQUIPADORA,IPSEP,"319,0","",COLISÃO TRASEIRA,"1,0","1,0","0,0","0,0","0,0","0,0","0,0","0,0","0,0","1,0","0,0","","","","","","","","","","","","",""
848,"202308635,0",2023-04-19T00:00:00,12:37:00,COM VÍTIMA,FINALIZADA,MONTEIRO,AV DEZESSETE DE AGOSTO,"","",EM FRENTE AO HOSPITAL HERMINIO DE MORAES Q,MONTEIRO,"","",COLISÃO LATERAL,"1,0","1,0","0,0","0,0","0,0","0,0","0,0","0,0","0,0","1,0","0,0","","","","","","","","","","","","",""
849,"202308648,0",2023-04-19T00:00:00,02:36:00,COM VÍTIMA,FINALIZADA,DERBY,AV GOVERNADOR AGAMENON MAGALHAES,"","",E/F AO INSTITUTO JOSE ROCHA DE SÁ  S/T  BOA VIAGEM,DERBY,"","",COLISÃO LATERAL,"2,0","1,0","0,0","0,0","0,0","0,0","0,0","0,0","0,0","1,0","0,0","","","","","","","","","","","","",""
850,"202308649,0",2023-04-19T00:00:00,02:36:00,COM VÍTIMA,FINALIZADA,IMBIRIBEIRA,AV MARECHAL MASCARENHAS DE MORAES,"","",LADO OPOSTO A FERREIRA COSTA E PROXIMO AO BANCO DO BRASIL/ SENTIDO AEROPORTO,IMBIRIBEIRA,"","",COLISÃO TRASEIRA,"1,0","0,0","0,0","0,0","0,0","0,0","0,0","1,0","0,0","1,0","0,0","","","","","","","","","","","","",""
851,"202308660,0",2023-04-19T00:00:00,05:05:00,COM VÍTIMA,FINALIZADA,DERBY,AV GOVERNADOR AGAMENON MAGALHAES,"",RUA HENRIQUE DIAS,O VEÍCULO SE EVADIU DO LOCAL,DERBY,"","",COLISÃO TRASEIRA,"1,0","1,0","0,0","0,0","0,0","0,0","0,0","0,0","0,0","1,0","0,0","","","","","","","","","","","","",""
852,"202308661,0",2023-04-19T00:00:00,05:28:00,COM VÍTIMA,FINALIZADA,IMBIRIBEIRA,AV MARECHAL MASCARENHAS DE MORAES,"","",LADO OPOSTO AO GERALDÃO,IMBIRIBEIRA,"","",QUEDA,"0,0","0,0","0,0","0,0","0,0","0,0","0,0","0,0","0,0","1,0","0,0","","","","","","","","","","","","",""
853,"202308664,0",2023-04-19T00:00:00,05:43:00,SEM VÍTIMA,FINALIZADA,ILHA JOANA BEZERRA,AV BEIRA RIO,"","",ACADEMIA DA CIDADE,ILHA JOANA BEZERRA,"",SUBURBIO,"","1,0","1,0","0,0","0,0","0,0","0,0","0,0","0,0","0,0","0,0","0,0","","","","","","","","","","","","",""
854,"202308665,0",2023-04-19T00:00:00,05:48:00,COM VÍTIMA,FINALIZADA,PINA,AV ENGENHEIRO DOMINGOS FERREIRA,170,"",EM FRENTE A GLOBAL ASSINTENCIA TECNICA,PINA,"","",COLISÃO LATERAL,"1,0","1,0","0,0","0,0","0,0","0,0","0,0","0,0","0,0","1,0","0,0","","","","","","","","","","","","",""
855,"202308677,0",2023-04-19T00:00:00,08:06:00,COM VÍTIMA,CANCELADA,VASCO DA GAMA,RUA ALTO DO EUCALIPTO,375,"","",VASCO DA GAMA,"","",COLISÃO LATERAL,"1,0","1,0","0,0","0,0","0,0","0,0","0,0","0,0","0,0","2,0","0,0","","","","","","","","","","","","",""
856,"202308693,0",2023-04-20T00:00:00,06:45:00,COM VÍTIMA,FINALIZADA,SANTO AMARO,AV GOVERNADOR AGAMENON MAGALHAES,"","",AO LADO DO TACARUNA APOS A CURVA,SANTO AMARO,"","",COLISÃO LATERAL,"0,0","1,0","0,0","0,0","0,0","1,0","0,0","0,0","0,0","2,0","0,0","","","","","","","","","","","","",""
857,"202308695,0",2023-04-20T00:00:00,07:19:00,COM VÍTIMA,FINALIZADA,BONGI,AV ENGENHEIRO ABDIAS DE CARVALHO,1420,"",EM FRENTE A AUTO PEÇAS FR,BONGI,"",CIDADE,CHOQUE,"1,0","0,0","0,0","0,0","0,0","1,0","0,0","0,0","0,0","1,0","0,0","","","","","","","","","","","","",""
858,"202308700,0",2023-04-20T00:00:00,07:57:00,COM VÍTIMA,FINALIZADA,TAMARINEIRA,AV CONS ROSA E SILVA,2000,"",EM FRENTE AO POSTO DE GASOLINA SHELL,TAMARINEIRA,"","",COLISÃO FRONTAL,"1,0","1,0","0,0","0,0","0,0","0,0","0,0","0,0","0,0","1,0","0,0","","","","","","","","","","","","",""
859,"202308712,0",2023-04-20T00:00:00,09:32:00,SEM VÍTIMA,FINALIZADA,TOTÓ,RUA APRIGIO GUIMARAES,474,"",HOSPITAL OTÁVIO DE FREITAS,TOTÓ,"","",COLISÃO FRONTAL,"0,0","1,0","0,0","0,0","0,0","0,0","0,0","1,0","0,0","0,0","0,0","","","","","","","","","","","","",""
860,"202308726,0",2023-04-20T00:00:00,11:59:00,COM VÍTIMA,FINALIZADA,SAN MARTIN,AV ENGENHEIRO ABDIAS DE CARVALHO,"",AV GENERAL SAN MARTIN,AO LADO DO COMPAZ,SAN MARTIN,"","",COLISÃO LATERAL,"1,0","1,0","0,0","0,0","0,0","0,0","0,0","0,0","0,0","1,0","0,0","","","","","","","","","","","","",""
861,"202308739,0",2023-04-20T00:00:00,02:30:00,SEM VÍTIMA,FINALIZADA,TAMARINEIRA,RUA CONEGO BARATA,"","","EM FRENTE PARA A ANTIGA PADARIA MANAR, SENTIDO ÁGUA FRIA",TAMARINEIRA,"","",COLISÃO TRASEIRA,"1,0","0,0","0,0","0,0","0,0","0,0","0,0","1,0","0,0","0,0","0,0","","","","","","","","","","","","",""
862,"202308746,0",2023-04-20T00:00:00,04:33:00,COM VÍTIMA,FINALIZADA,JARDIM SÃO PAULO,AV RECIFE,"","",DE FRENTE AO AÇAI ATACADISTA,JARDIM SÃO PAULO,"","",COLISÃO LATERAL,"1,0","1,0","0,0","0,0","0,0","0,0","0,0","0,0","0,0","1,0","0,0","","","","","","","","","","","","",""
863,"202308747,0",2023-04-20T00:00:00,04:45:00,COM VÍTIMA,FINALIZADA,CORDEIRO,AV CAXANGA,1934,"","EM FRENTE A  PAJEÚ VEICULOS, SEMAFORO 267.",CORDEIRO,"",SUBURBIO,COLISÃO TRASEIRA,"0,0","2,0","0,0","0,0","0,0","0,0","0,0","0,0","0,0","2,0","0,0","","","","","","","","","","","","",""
864,"202308752,0",2023-04-20T00:00:00,05:29:00,COM VÍTIMA,FINALIZADA,BOA VIAGEM,AV DES JOSE NEVES,"",RUA DES JOAO PAES,PROXIMO AO SEMÁFORO 567 E A FERREIRA PINTO,BOA VIAGEM,"567,0","",ATROPELAMENTO DE PESSOA,"1,0","0,0","0,0","0,0","1,0","0,0","0,0","0,0","0,0","1,0","0,0","","","","","","","","","","","","",""
865,"202308753,0",2023-04-20T00:00:00,06:16:00,SEM VÍTIMA,CANCELADA,DERBY,PRC DO DERBY,"","",AO LADO DO QUARTEL DA POLICIA MILITAR,DERBY,"","",COLISÃO LATERAL,"0,0","0,0","0,0","0,0","0,0","0,0","0,0","0,0","0,0","0,0","0,0","","","","","","","","","","","","",""
866,"202308754,0",2023-04-20T00:00:00,06:18:00,COM VÍTIMA,CANCELADA,AREIAS,AV DR JOSE RUFINO,879,"",ESCOLA JOSÉ MARIANO,AREIAS,"","",COLISÃO LATERAL,"0,0","2,0","0,0","0,0","0,0","0,0","0,0","0,0","0,0","2,0","0,0","","","","","","","","","","","","",""
867,"202308767,0",2023-04-21T00:00:00,01:47:00,COM VÍTIMA,FINALIZADA,CAMPO GRANDE,RUA JERONIMO VILELA,409,RUA FRANKLIN TAVORA,COM A RUA FRANKLIN TÁVORA,CAMPO GRANDE,"","",COLISÃO FRONTAL,"0,0","1,0","0,0","0,0","0,0","1,0","0,0","0,0","0,0","1,0","0,0","","","","","","","","","","","","",""
868,"202308790,0",2023-04-21T00:00:00,12:54:00,COM VÍTIMA,FINALIZADA,MADALENA,RUA ARLINDO GOUVEIA,39,"",EDF SANTA MARIA,MADALENA,"","",COLISÃO FRONTAL,"1,0","1,0","0,0","0,0","0,0","0,0","0,0","0,0","0,0","1,0","0,0","","","","","","","","","","","","",""
869,"202308792,0",2023-04-21T00:00:00,02:06:00,COM VÍTIMA,FINALIZADA,CAXANGÁ,AV CAXANGA,1752,"",EM FRENTE AO CITRO CAR,CAXANGÁ,"","",COLISÃO LATERAL,"1,0","1,0","0,0","0,0","0,0","0,0","0,0","0,0","0,0","1,0","0,0","","","","","","","","","","","","",""
870,"202308794,0",2023-04-21T00:00:00,02:49:00,COM VÍTIMA,FINALIZADA,CAXANGÁ,AV CAXANGA,"","",EM FRENTE AO BANCO ITAU,CAXANGÁ,"","",COLISÃO LATERAL,"0,0","2,0","0,0","0,0","0,0","0,0","0,0","0,0","0,0","1,0","0,0","","","","","","","","","","","","",""
871,"202308808,0",2023-04-21T00:00:00,08:23:00,COM VÍTIMA,FINALIZADA,CORDEIRO,AV GENERAL SAN MARTIN,458,"",PRÓXIMO AO HOSPITAL GETÚLIO VARGAS,CORDEIRO,"","",COLISÃO LATERAL,"1,0","2,0","0,0","0,0","0,0","0,0","0,0","0,0","0,0","3,0","0,0","","","","","","","","","","","","",""
872,"202308822,0",2023-04-22T00:00:00,09:39:00,COM VÍTIMA,FINALIZADA,SANTO ANTÔNIO,AV GUARARAPES,"",AV DANTAS BARRETO,PROX A PRAÇA DO DIARIO,SANTO ANTÔNIO,"","",COLISÃO FRONTAL,"1,0","1,0","0,0","0,0","0,0","0,0","0,0","0,0","0,0","1,0","0,0","","","","","","","","","","","","",""
873,"202308825,0",2023-04-22T00:00:00,10:43:00,COM VÍTIMA,FINALIZADA,ILHA DO LEITE,RUA GENERAL JOAQUIM INACIO,"","",ENTRE O BANCO SAFRA E ITAU,ILHA DO LEITE,"","",COLISÃO LATERAL,"1,0","1,0","0,0","0,0","0,0","0,0","0,0","0,0","0,0","1,0","0,0","","","","","","","","","","","","",""
874,"202308842,0",2023-04-22T00:00:00,04:03:00,COM VÍTIMA,CANCELADA,ÁGUA FRIA,EST VELHA DE AGUA FRIA,"","",DENOCS / FIAT,ÁGUA FRIA,"","",COLISÃO LATERAL,"1,0","0,0","0,0","0,0","0,0","0,0","0,0","0,0","0,0","1,0","0,0","","","","","","","","","","","","",""
875,"202308843,0",2023-04-22T00:00:00,04:20:00,COM VÍTIMA,FINALIZADA,ESPINHEIRO,RUA QUARENTA E OITO,"","",POSTO BR,ESPINHEIRO,"","",COLISÃO LATERAL,"1,0","2,0","0,0","0,0","0,0","0,0","0,0","0,0","0,0","1,0","0,0","","","","","","","","","","","","",""
876,"202308846,0",2023-04-22T00:00:00,04:51:00,SEM VÍTIMA,FINALIZADA,MADALENA,AV ENGENHEIRO ABDIAS DE CARVALHO,155,"","",MADALENA,"",CIDADE,"","0,0","1,0","0,0","0,0","0,0","0,0","0,0","1,0","0,0","0,0","0,0","","","","","","","","","","","","",""
877,"202308851,0",2023-04-22T00:00:00,05:18:00,COM VÍTIMA,CANCELADA,IMBIRIBEIRA,RUA JOSE DA SILVA LUCENA,"",RUA SARGENTO SILVINO DE MACEDO,LITIGIO / 1 TELECOM,IMBIRIBEIRA,"","",COLISÃO FRONTAL,"2,0","0,0","0,0","0,0","0,0","0,0","0,0","0,0","0,0","1,0","0,0","","","","","","","","","","","","",""
878,"202308852,0",2023-04-22T00:00:00,05:21:00,COM VÍTIMA,FINALIZADA,PINA,RUA MANOEL DE BRITO,"","",NA ENTRADA DO TUNEL E SAIDA DO RIO MAR,PINA,"","",QUEDA,"0,0","1,0","0,0","0,0","0,0","0,0","0,0","0,0","0,0","1,0","0,0","","","","","","","","","","","","",""
879,"202308862,0",2023-04-22T00:00:00,08:42:00,SEM VÍTIMA,FINALIZADA,MANGUEIRA,AV CENTRAL,498,"",ESTAÇÃO MANGUEIRA,MANGUEIRA,"",CIDADE,CHOQUE,"0,0","0,0","0,0","0,0","0,0","0,0","0,0","1,0","0,0","0,0","0,0","","","","","","","","","","","","",""
880,"202308864,0",2023-04-22T00:00:00,10:50:00,COM VÍTIMA,FINALIZADA,IPSEP,RUA JEAN EMILE FAVRE,"","",EM FRENTE A DELEGACIA,IPSEP,"70,0","",COLISÃO TRASEIRA,"1,0","0,0","0,0","1,0","0,0","1,0","0,0","0,0","0,0","1,0","0,0","","","","","","","","","","","","",""
881,"202308865,0",2023-04-23T00:00:00,12:07:00,COM VÍTIMA,CANCELADA,AREIAS,AV TAPAJOS,"",AV RECIFE,PRÓXIMO AO POSTO BR,AREIAS,"620,0","",COLISÃO FRONTAL,"0,0","2,0","0,0","0,0","0,0","0,0","0,0","0,0","0,0","3,0","0,0","","","","","","","","","","","","",""