_id,Protocolo,data,hora,natureza_acidente,situacao,bairro,endereco,numero,detalhe_endereco_acidente,complemento,bairro_cruzamento,num_semaforo,sentido_via,tipo,auto,moto,ciclom,ciclista,pedestre,onibus,caminhao,viatura,outros,vitimas,vitimasfatais,acidente_verificado,tempo_clima,situacao_semaforo,sinalizacao,condicao_via,conservacao_via,ponto_controle,situacao_placa,velocidade_max_via,mao_direcao,divisao_via1,divisao_via2,divisao_via3
882,"202308896,0",2023-04-23T00:00:00,01:33:00,COM VÍTIMA,FINALIZADA,JARDIM SÃO PAULO,AV RECIFE,"","",EM FRENTE AO BARATÃO DAS EMBALAGEM,JARDIM SÃO PAULO,"","",COLISÃO LATERAL,"1,0","1,0","0,0","0,0","0,0","0,0","0,0","0,0","0,0","1,0","0,0","","","","","","","","","","","","",""
883,"202308900,0",2023-04-23T00:00:00,02:05:00,COM VÍTIMA,FINALIZADA,IBURA,RUA VALE DO ITAJAI,281,"",NO TERMINAL DO UR5,IBURA,"","",COLISÃO LATERAL,"1,0","1,0","0,0","0,0","0,0","0,0","0,0","0,0","0,0","1,0","0,0","","","","","","","","","","","","",""
884,"202308901,0",2023-04-23T00:00:00,03:03:00,COM VÍTIMA,FINALIZADA,DOIS IRMÃOS,RUA DOIS IRMAOS,371,"",EM FRENTE AO SEMAFORO,DOIS IRMÃOS,"535,0","",COLISÃO COM CICLISTA,"1,0","0,0","0,0","1,0","0,0","0,0","0,0","0,0","0,0","1,0","0,0","","","","","","","","","","","","",""
885,"202308928,0",2023-04-24T00:00:00,05:31:00,COM VÍTIMA,FINALIZADA,AFOGADOS,PTE DO MOTOCOLOMBO,"","","",AFOGADOS,"",CIDADE,COLISÃO FRONTAL,"0,0","0,0","0,0","0,0","0,0","0,0","0,0","0,0","0,0","1,0","0,0","","","","","","","","","","","","",""
886,"202308931,0",2023-04-24T00:00:00,05:44:00,SEM VÍTIMA,FINALIZADA,AREIAS,RUA DOS PRAZERES,785,"","",AREIAS,"","",APOIO CELPE,"0,0","0,0","0,0","0,0","0,0","0,0","0,0","0,0","0,0","0,0","0,0","","","","","","","","","","","","",""
887,"202308935,0",2023-04-24T00:00:00,06:22:00,SEM VÍTIMA,FINALIZADA,DERBY,RUA JENER DE SOUZA,"",PRC DO DERBY,"",DERBY,"","","","1,0","0,0","0,0","0,0","0,0","1,0","0,0","0,0","0,0","0,0","0,0","","","","","","","","","","","","",""
888,"202308944,0",2023-04-24T00:00:00,07:55:00,COM VÍTIMA,FINALIZADA,PINA,RUA MANOEL DE BRITO,"","",TÚNEL JOSUE DE CASTRO,PINA,"","",QUEDA,"0,0","1,0","0,0","0,0","0,0","0,0","0,0","0,0","0,0","1,0","0,0","","","","","","","","","","","","",""
889,"202308948,0",2023-04-24T00:00:00,09:08:00,COM VÍTIMA,FINALIZADA,TORRÕES,AV ENGENHEIRO ABDIAS DE CARVALHO,962,"",PROXIMO A DLP BEDIDAS,TORRÕES,"","",COLISÃO FRONTAL,"2,0","1,0","0,0","0,0","0,0","0,0","0,0","0,0","0,0","2,0","0,0","","","","","","","","","","","","",""
890,"202308964,0",2023-04-24T00:00:00,12:48:00,COM VÍTIMA,FINALIZADA,IMBIRIBEIRA,RUA ARQUITETO LUIZ NUNES,219,"",ESCOLA DE ENFERMAGEM SÃO CAETANO,IMBIRIBEIRA,"","",COLISÃO LATERAL,"0,0","1,0","0,0","0,0","0,0","0,0","1,0","0,0","0,0","1,0","0,0","","","","","","","","","","","","",""
891,"202308971,0",2023-04-24T00:00:00,02:02:00,COM VÍTIMA,FINALIZADA,ILHA DO LEITE,RUA MARQUES AMORIM,"",RUA ESPERANTO,POR TRAS DA UNIMED 3,ILHA DO LEITE,"","",COLISÃO FRONTAL,"1,0","1,0","0,0","0,0","0,0","0,0","0,0","0,0","0,0","2,0","0,0","","","","","","","","","","","","",""
892,"202308976,0",2023-04-24T00:00:00,02:58:00,COM VÍTIMA,FINALIZADA,IMBIRIBEIRA,AV MARECHAL MASCARENHAS DE MORAES,"","",E/F AO GERALDÃO S/T CID,IMBIRIBEIRA,"290,0","",CHOQUE,"0,0","0,0","0,0","0,0","0,0","0,0","0,0","0,0","0,0","1,0","0,0","","","","","","","","","","","","",""
893,"202308982,0",2023-04-24T00:00:00,04:05:00,COM VÍTIMA,FINALIZADA,JOANA BEZERRA,AV GOVERNADOR AGAMENON MAGALHAES,"","",EM FRENTE AO FORUM JOANA BEZERRA,JOANA BEZERRA,"",OLINDA,QUEDA,"0,0","1,0","0,0","0,0","0,0","0,0","0,0","0,0","0,0","2,0","0,0","","","","","","","","","","","","",""
894,"202308986,0",2023-04-24T00:00:00,04:46:00,COM VÍTIMA,FINALIZADA,AREIAS,AV RECIFE,"","",EM FRENTE AO HOPSITAL DO IDOSO/ SENTIDO AEROPORTO,AREIAS,"","",COLISÃO TRASEIRA,"0,0","1,0","0,0","0,0","0,0","1,0","0,0","0,0","0,0","1,0","0,0","","","","","","","","","","","","",""
895,"202308988,0",2023-04-24T00:00:00,04:53:00,COM VÍTIMA,FINALIZADA,IMBIRIBEIRA,AV MARECHAL MASCARENHAS DE MORAES,"","",EM FRENTE A FLOR ARTE,IMBIRIBEIRA,"","",COLISÃO LATERAL,"1,0","1,0","0,0","0,0","0,0","0,0","0,0","0,0","0,0","1,0","0,0","","","","","","","","","","","","",""
896,"202308991,0",2023-04-24T00:00:00,05:32:00,COM VÍTIMA,FINALIZADA,BOA VIAGEM,AV BOA VIAGEM,5450,"",PROX AO HOTEL PLAZA  E/F AO EDF PRINCIPE DE MARSALA,BOA VIAGEM,"","",COLISÃO TRASEIRA,"1,0","1,0","0,0","0,0","0,0","0,0","0,0","0,0","0,0","1,0","0,0","","","","","","","","","","","","",""
897,"202308992,0",2023-04-24T00:00:00,05:40:00,COM VÍTIMA,FINALIZADA,DERBY,RUA FELICIANO GOMES,229,RUA DA BAIXA VERDE,ESQUINA DA CLINICA ORAL SIN E O BORIS BERENSTEIN,DERBY,"","",COLISÃO LATERAL,"1,0","1,0","0,0","0,0","0,0","0,0","0,0","0,0","0,0","1,0","0,0","","","","","","","","","","","","",""
898,"202308993,0",2023-04-24T00:00:00,05:52:00,COM VÍTIMA,CANCELADA,DOIS IRMÃOS,RUA DOIS IRMAOS,"","",AO LADO DO MOTEL SENZALA,DOIS IRMÃOS,"","",COLISÃO LATERAL,"0,0","1,0","0,0","0,0","0,0","0,0","1,0","0,0","0,0","1,0","0,0","","","","","","","","","","","","",""
899,"202309002,0",2023-04-24T00:00:00,06:37:00,COM VÍTIMA,FINALIZADA,TAMARINEIRA,RUA CONEGO BARATA,436,RUA SILVEIRA LIRA,PROX AO RESTAURANTE AROMAS,TAMARINEIRA,"",SUBURBIO,ATROPELAMENTO DE PESSOA,"0,0","0,0","0,0","0,0","1,0","1,0","0,0","0,0","0,0","1,0","0,0","","","","","","","","","","","","",""
900,"202309010,0",2023-04-25T00:00:00,06:33:00,COM VÍTIMA,FINALIZADA,JARDIM SÃO PAULO,AV CENTRAL,6010,"",EM FRENTE A ESTAÇÃO WERNECK,JARDIM SÃO PAULO,"","",COLISÃO COM CICLISTA,"0,0","0,0","0,0","1,0","0,0","1,0","0,0","0,0","0,0","1,0","0,0","","","","","","","","","","","","",""
901,"202309014,0",2023-04-25T00:00:00,07:29:00,SEM VÍTIMA,FINALIZADA,BOMBA DO HEMETÉRIO,RUA PROFESSOR JOSE AMARINO DOS REIS,530,"",PROX AO CORREGO DO TIRO,BOMBA DO HEMETÉRIO,"","",CAPOTAMENTO,"1,0","0,0","0,0","0,0","0,0","0,0","0,0","0,0","0,0","0,0","0,0","","","","","","","","","","","","",""
902,"202309017,0",2023-04-25T00:00:00,07:20:00,COM VÍTIMA,FINALIZADA,ILHA JOANA BEZERRA,RUA IBIPORA,"","",DENTRO DO TERMINAL DE JOANA BEZERRA,ILHA JOANA BEZERRA,"","",ATROPELAMENTO DE PESSOA,"0,0","0,0","0,0","0,0","1,0","1,0","0,0","0,0","0,0","1,0","0,0","","","","","","","","","","","","",""
903,"202309027,0",2023-04-25T00:00:00,08:33:00,COM VÍTIMA,FINALIZADA,ESTÂNCIA,AV DR JOSE RUFINO,539,"",PROX A GALARIA MARGARIDA,ESTÂNCIA,"","",COLISÃO LATERAL,"1,0","1,0","0,0","0,0","0,0","0,0","0,0","0,0","0,0","1,0","0,0","","","","","","","","","","","","",""
904,"202309030,0",2023-04-25T00:00:00,08:59:00,SEM VÍTIMA,FINALIZADA,GRAÇAS,AV RUI BARBOSA,1229,"",PROX AO COLEGIO DAMAS,GRAÇAS,"","","","1,0","0,0","0,0","0,0","0,0","0,0","0,0","1,0","0,0","0,0","0,0","","","","","","","","","","","","",""
905,"202309038,0",2023-04-25T00:00:00,09:42:00,SEM VÍTIMA,FINALIZADA,SANTO AMARO,RUA VINTE E QUATRO DE AGOSTO,"",AV CRUZ CABUGA,"",SANTO AMARO,"","","","2,0","0,0","0,0","0,0","0,0","0,0","0,0","0,0","0,0","0,0","0,0","","","","","","","","","","","","",""
906,"202309039,0",2023-04-25T00:00:00,09:44:00,COM VÍTIMA,FINALIZADA,TORRÕES,AV ENGENHEIRO ABDIAS DE CARVALHO,"","",UPA,TORRÕES,"","",COLISÃO TRASEIRA,"1,0","1,0","0,0","0,0","0,0","0,0","0,0","0,0","0,0","1,0","0,0","","","","","","","","","","","","",""
907,"202309053,0",2023-04-25T00:00:00,11:03:00,COM VÍTIMA,FINALIZADA,CASA AMARELA,AV NORTE MIGUEL ARRAES DE ALENCAR,5956,"",IRMÃO FERRAGENS,CASA AMARELA,"","",ATROPELAMENTO DE PESSOA,"1,0","0,0","0,0","0,0","1,0","0,0","0,0","0,0","0,0","1,0","0,0","","","","","","","","","","","","",""
908,"202309067,0",2023-04-25T00:00:00,03:56:00,COM VÍTIMA,FINALIZADA,SANTO AMARO,AV NORTE MIGUEL ARRAES DE ALENCAR,"",AV CRUZ CABUGA,NA FRENTE DO CEMITERIO DOS INGLESES,SANTO AMARO,"","",COLISÃO COM CICLISTA,"1,0","0,0","0,0","1,0","0,0","0,0","0,0","0,0","0,0","1,0","0,0","","","","","","","","","","","","",""
909,"202309069,0",2023-04-25T00:00:00,04:12:00,SEM VÍTIMA,FINALIZADA,SANTO AMARO,AV JOAO DE BARROS,765,"",CLÍNICA ALERGOLOGIA,SANTO AMARO,"",CIDADE,"","0,0","1,0","0,0","0,0","0,0","0,0","0,0","1,0","0,0","0,0","0,0","","","","","","","","","","","","",""
910,"202309079,0",2023-04-25T00:00:00,05:18:00,COM VÍTIMA,FINALIZADA,BONGI,AV ENGENHEIRO ABDIAS DE CARVALHO,3080,"",DE FRENTE A CHESF,BONGI,"","",COLISÃO LATERAL,"1,0","1,0","0,0","0,0","0,0","0,0","0,0","0,0","0,0","2,0","0,0","","","","","","","","","","","","",""
911,"202309088,0",2023-04-25T00:00:00,07:32:00,COM VÍTIMA,FINALIZADA,APIPUCOS,RUA DE APIPUCOS,317,"",EM FRENTE A MORADA APIPUCOS,APIPUCOS,"","",COLISÃO LATERAL,"1,0","1,0","0,0","0,0","0,0","0,0","0,0","0,0","0,0","1,0","0,0","","","","","","","","","","","","",""
912,"202309100,0",2023-04-26T00:00:00,05:42:00,SEM VÍTIMA,FINALIZADA,AREIAS,RUA DOS PRAZERES,785,"","",AREIAS,"","",APOIO CELPE,"0,0","0,0","0,0","0,0","0,0","0,0","0,0","0,0","0,0","0,0","0,0","","","","","","","","","","","","",""
913,"202309108,0",2023-04-26T00:00:00,07:37:00,COM VÍTIMA,FINALIZADA,SÃO JOSÉ,AV SUL,514 B,"",PROX. A PRAÇA DO GALO E HIDRAUPEÇAS,SÃO JOSÉ,"","",COLISÃO TRASEIRA,"1,0","1,0","0,0","0,0","0,0","0,0","0,0","0,0","0,0","1,0","0,0","","","","","","","","","","","","",""
914,"202309113,0",2023-04-26T00:00:00,08:31:00,SEM VÍTIMA,FINALIZADA,VÁRZEA,RUA DONA MARIA LACERDA,166,RUA MENDES MARTINS,PRÓXIMO AO 12º BATALHÃO PMPE,VÁRZEA,"",SUBURBIO,COLISÃO TRANSVERSAL,"2,0","0,0","0,0","0,0","0,0","0,0","0,0","0,0","0,0","0,0","0,0","","","","","","","","","","","","",""
915,"202309123,0",2023-04-26T00:00:00,09:20:00,COM VÍTIMA,FINALIZADA,IMBIRIBEIRA,AV MARECHAL MASCARENHAS DE MORAES,"",RUA OLIVIA MENELAU,EM FRENTE À LOJA GRILO FLORES,IMBIRIBEIRA,"396,0","",COLISÃO LATERAL,"1,0","1,0","0,0","0,0","0,0","0,0","0,0","0,0","0,0","1,0","0,0","","","","","","","","","","","","",""
916,"202309132,0",2023-04-26T00:00:00,09:50:00,COM VÍTIMA,CANCELADA,AFOGADOS,RUA SAO MIGUEL,469,"",MATERNIDADE BANDEIRA FILHO,AFOGADOS,"","",COLISÃO LATERAL,"1,0","1,0","0,0","0,0","0,0","0,0","0,0","0,0","0,0","1,0","0,0","","","","","","","","","","","","",""
917,"202309148,0",2023-04-26T00:00:00,12:57:00,COM VÍTIMA,FINALIZADA,TORRE,RUA EMILIANO BRAGA,133,"","ENTRADA DO CDU, AO LADO DO VIADUTO  / INTEGRAÇÃO CDU",TORRE,"","",COLISÃO LATERAL,"0,0","1,0","0,0","0,0","0,0","1,0","0,0","0,0","0,0","1,0","0,0","","","","","","","","","","","","",""
918,"202309157,0",2023-04-26T00:00:00,12:57:00,COM VÍTIMA,FINALIZADA,TORRE,RUA SOUZA BANDEIRA,"","",PROX AO BAR DO LORENZO,TORRE,"448,0","",COLISÃO LATERAL,"1,0","1,0","0,0","0,0","0,0","0,0","0,0","0,0","0,0","2,0","0,0","","","","","","","","","","","","",""
919,"202309160,0",2023-04-26T00:00:00,01:04:00,COM VÍTIMA,FINALIZADA,TORRE,RUA SOUZA BANDEIRA,348,"",AO LADO DA ESCOLA LUBIESCKA,TORRE,"","",COLISÃO LATERAL,"1,0","1,0","0,0","0,0","0,0","0,0","0,0","0,0","0,0","1,0","0,0","","","","","","","","","","","","",""
920,"202309166,0",2023-04-26T00:00:00,02:53:00,COM VÍTIMA,FINALIZADA,BOA VIAGEM,RUA CAMBOIM,210,RUA DEZ DE JULHO,E/F A MAISON CHRISTAL RECEPÇOES,BOA VIAGEM,"","",COLISÃO FRONTAL,"2,0","0,0","0,0","0,0","0,0","0,0","0,0","0,0","0,0","1,0","0,0","","","","","","","","","","","","",""
921,"202309171,0",2023-04-26T00:00:00,03:44:00,SEM VÍTIMA,FINALIZADA,SANTO AMARO,RUA TREZE DE MAIO,"",RUA PEDRO AFONSO,PRÓXIMO AO ESTABELECIMENTO SOCIEDADE BÍBLICA DO BRASIL,SANTO AMARO,"427,0",SUBURBIO,COLISÃO TRANSVERSAL,"1,0","0,0","0,0","0,0","0,0","0,0","0,0","1,0","0,0","0,0","0,0","","","","","","","","","","","","",""
922,"202309172,0",2023-04-26T00:00:00,04:10:00,SEM VÍTIMA,FINALIZADA,BOA VIAGEM,AV VINTE E TRES DE OUTUBRO,"","","",BOA VIAGEM,"",CIDADE,COLISÃO TRANSVERSAL,"2,0","0,0","0,0","0,0","0,0","0,0","0,0","0,0","0,0","0,0","0,0","","","","","","","","","","","","",""
923,"202309193,0",2023-04-26T00:00:00,07:38:00,SEM VÍTIMA,FINALIZADA,MADALENA,EST DOS REMEDIOS,2360,AV JOSE GONCALVES DE MEDEIROS,AV JOSE GONCALVES DE MEDEIROS,MADALENA,"353,0",CIDADE,COLISÃO TRASEIRA,"0,0","0,0","0,0","0,0","0,0","1,0","0,0","1,0","0,0","0,0","0,0","","","","","","","","","","","","",""
924,"202309196,0",2023-04-26T00:00:00,09:43:00,COM VÍTIMA,CANCELADA,BOA VISTA,RUA DOM BOSCO,1000,"",PRÓX. À PRAÇA CHORA MENINO,BOA VISTA,"","",COLISÃO FRONTAL,"1,0","1,0","0,0","0,0","0,0","0,0","0,0","0,0","0,0","1,0","0,0","","","","","","","","","","","","",""
925,"202309218,0",2023-04-27T00:00:00,07:48:00,COM VÍTIMA,FINALIZADA,JOANA BEZERRA,AV BEIRA RIO,"","",APOS A ACADEMIA DA CIDADE NA SUBIDA PONTE GREGORIO BEZERRA,JOANA BEZERRA,"","",COLISÃO LATERAL,"1,0","1,0","0,0","0,0","0,0","0,0","0,0","0,0","0,0","1,0","0,0","","","","","","","","","","","","",""
926,"202309233,0",2023-04-27T00:00:00,09:59:00,COM VÍTIMA,FINALIZADA,VÁRZEA,RUA TAMBIA,"","",COLÉGIO ERMINIO DE MORAIS,VÁRZEA,"","",CHOQUE,"0,0","0,0","0,0","0,0","1,0","0,0","1,0","0,0","0,0","1,0","0,0","","","","","","","","","","","","",""
927,"202309234,0",2023-04-27T00:00:00,10:13:00,COM VÍTIMA,FINALIZADA,BAIRRO DO RECIFE,RUA MADRE DEUS,"",RUA ALVARES CABRAL,PROX AO EDIFICIO CORREIO CULTURAL / PONTO DIGITAL,BAIRRO DO RECIFE,"","",COLISÃO LATERAL,"1,0","2,0","0,0","0,0","0,0","0,0","0,0","0,0","0,0","2,0","0,0","","","","","","","","","","","","",""
928,"202309238,0",2023-04-27T00:00:00,10:49:00,COM VÍTIMA,FINALIZADA,PARNAMIRIM,RUA PADRE ROMA,413,RUA SEBASTIAO MALTA ARCOVERDE,SEMÁFORO 695,PARNAMIRIM,"","",COLISÃO LATERAL,"1,0","1,0","0,0","0,0","0,0","0,0","0,0","0,0","0,0","1,0","0,0","","","","","","","","","","","","",""
929,"202309260,0",2023-04-27T00:00:00,01:55:00,COM VÍTIMA,CANCELADA,CAMPO GRANDE,RUA JERONIMO VILELA,429,RUA FRANKLIN TAVORA,PROXIMO PADARIA SANTO ANTONIO,CAMPO GRANDE,"282,0","",COLISÃO COM CICLISTA,"0,0","1,0","0,0","1,0","0,0","0,0","0,0","0,0","0,0","1,0","0,0","","","","","","","","","","","","",""
930,"202309278,0",2023-04-27T00:00:00,04:57:00,COM VÍTIMA,FINALIZADA,ENCRUZILHADA,AV BEBERIBE,404,"",PROX AO BANCO DO BRASIL,ENCRUZILHADA,"","",COLISÃO TRASEIRA,"1,0","1,0","0,0","0,0","0,0","0,0","0,0","0,0","0,0","1,0","0,0","","","","","","","","","","","","",""
931,"202309281,0",2023-04-27T00:00:00,05:35:00,COM VÍTIMA,FINALIZADA,VASCO DA GAMA,RUA VASCO DA GAMA,630,RUA DOIS DE FEVEREIRO,PROX FARMA SAULO,VASCO DA GAMA,"","",COLISÃO FRONTAL,"1,0","2,0","0,0","0,0","0,0","0,0","0,0","0,0","0,0","2,0","0,0","","","","","","","","","","","","",""
932,"202309295,0",2023-04-27T00:00:00,10:19:00,COM VÍTIMA,FINALIZADA,IBURA,RUA EXP FRANCISCO VITORIANO,78,"",PRÓXIMO AO MERCADO TREVO,IBURA,"","",COLISÃO LATERAL,"1,0","1,0","0,0","1,0","0,0","0,0","0,0","0,0","0,0","1,0","0,0","","","","","","","","","","","","",""
933,"202309315,0",2023-04-28T00:00:00,08:51:00,COM VÍTIMA,CANCELADA,TORREÃO,AV GOVERNADOR AGAMENON MAGALHAES,536,"",ANTES DO VIADUTO DA JOÃO DE BARROS,TORREÃO,"",BOA VIAGEM,COLISÃO LATERAL,"2,0","1,0","0,0","0,0","0,0","0,0","0,0","0,0","0,0","1,0","0,0","","","","","","","","","","","","",""
934,"202309316,0",2023-04-28T00:00:00,08:53:00,COM VÍTIMA,FINALIZADA,APIPUCOS,AV DEZESSETE DE AGOSTO,"","",EM FRENTE A POLICLINICA CENTRO MEDICO JOSÉ EMIRIO DE MORAES,APIPUCOS,"251,0","",COLISÃO COM CICLISTA,"1,0","0,0","0,0","1,0","0,0","0,0","0,0","0,0","0,0","1,0","0,0","","","","","","","","","","","","",""
935,"202309317,0",2023-04-28T00:00:00,09:26:00,COM VÍTIMA,CANCELADA,TAMARINEIRA,EST DO ARRAIAL,502,"","",TAMARINEIRA,"","","","0,0","1,0","0,0","0,0","0,0","0,0","0,0","0,0","0,0","1,0","0,0","","","","","","","","","","","","",""
936,"202309318,0",2023-04-28T00:00:00,09:27:00,COM VÍTIMA,FINALIZADA,SAN MARTIN,AV GENERAL SAN MARTIN,"",AV ENGENHEIRO ABDIAS DE CARVALHO,"",SAN MARTIN,"85,0","",COLISÃO TRANSVERSAL,"1,0","1,0","0,0","0,0","0,0","0,0","0,0","0,0","1,0","1,0","0,0","","","","","","","","","","","","",""
937,"202309331,0",2023-04-28T00:00:00,11:02:00,COM VÍTIMA,FINALIZADA,AREIAS,AV RECIFE,4874,"","",AREIAS,"","",COLISÃO LATERAL,"1,0","1,0","0,0","0,0","0,0","0,0","0,0","0,0","0,0","1,0","0,0","","","","","","","","","","","","",""
938,"202309333,0",2023-04-28T00:00:00,11:11:00,COM VÍTIMA,CANCELADA,IPUTINGA,AV CAXANGA,4507,"","APÓS O VIADUTO DA CAXANGÁ, SENTIDO CAMARAGIBE EM FRENTE AO POSTO SHELL. LADO OPOSTO AO Nº 4507",IPUTINGA,"",SUBURBIO,"","0,0","1,0","0,0","0,0","0,0","0,0","0,0","0,0","0,0","1,0","0,0","","","","","","","","","","","","",""
939,"202309350,0",2023-04-28T00:00:00,02:32:00,COM VÍTIMA,FINALIZADA,BOA VIAGEM,RUA PADRE BERNADINO PESSOA,"",RUA MINISTRO NELSON HUNGRIA,COLEGIO SANTA MARIA E ESTETICA BUCAL,BOA VIAGEM,"","",COLISÃO FRONTAL,"1,0","1,0","0,0","0,0","0,0","0,0","0,0","0,0","0,0","1,0","0,0","","","","","","","","","","","","",""
940,"202309353,0",2023-04-28T00:00:00,02:54:00,COM VÍTIMA,FINALIZADA,IMBIRIBEIRA,AV MARECHAL MASCARENHAS DE MORAES,"","",EM FRENTE A NISSAN,IMBIRIBEIRA,"","",COLISÃO LATERAL,"1,0","1,0","0,0","0,0","0,0","0,0","0,0","0,0","0,0","1,0","0,0","","","","","","","","","","","","",""
941,"202309354,0",2023-04-28T00:00:00,03:06:00,COM VÍTIMA,CANCELADA,BOA VISTA,RUA PADRE INGLES,231,"","",BOA VISTA,"","","","0,0","1,0","0,0","0,0","0,0","0,0","0,0","0,0","0,0","1,0","0,0","","","","","","","","","","","","",""
942,"202309360,0",2023-04-19T00:00:00,01:30:00,COM VÍTIMA,FINALIZADA,DERBY,AV GOVERNADOR AGAMENON MAGALHAES,"","","",DERBY,"",SUBURBIO,COLISÃO LATERAL,"0,0","1,0","0,0","0,0","0,0","0,0","0,0","0,0","0,0","1,0","0,0","","","","","","","","","","","","",""
943,"202309363,0",2023-04-28T00:00:00,04:31:00,COM VÍTIMA,FINALIZADA,CAJUEIRO,AV SEBASTIAO SALAZAR,"","","PROX AO BAR DA FAVA / PASTEL DA TIA, SENTIDO AV BEBERIBE",CAJUEIRO,"","","","0,0","1,0","0,0","0,0","0,0","0,0","0,0","0,0","0,0","2,0","0,0","","","","","","","","","","","","",""
944,"202309369,0",2023-04-28T00:00:00,05:57:00,COM VÍTIMA,FINALIZADA,TAMARINEIRA,RUA VISCONDE DE ABAETE,"",RUA CANAPOLIS,EM FRENTE AO BAR LANTERNA VERDE,TAMARINEIRA,"","",COLISÃO FRONTAL,"2,0","0,0","0,0","0,0","0,0","0,0","0,0","0,0","0,0","1,0","0,0","","","","","","","","","","","","",""
945,"202309371,0",2023-04-28T00:00:00,06:09:00,COM VÍTIMA,FINALIZADA,IBURA,AV DOIS RIOS,"",RUA RIO XINGU,"",IBURA,"","",COLISÃO LATERAL,"1,0","1,0","0,0","0,0","0,0","0,0","0,0","0,0","0,0","1,0","0,0","","","","","","","","","","","","",""
946,"202309381,0",2023-04-28T00:00:00,06:56:00,COM VÍTIMA,FINALIZADA,BOA VISTA,RUA DA AURORA,"","",EM  FRENTE AO HOTEL PLAZA,BOA VISTA,"","",COLISÃO TRASEIRA,"1,0","1,0","0,0","0,0","0,0","0,0","0,0","0,0","0,0","1,0","0,0","","","","","","","","","","","","",""
947,"202309385,0",2023-04-28T00:00:00,10:58:00,COM VÍTIMA,FINALIZADA,PORTO DA MADEIRA,AV BEBERIBE,3359,"",EM FRENTE A GALERIA TERRAÇO,PORTO DA MADEIRA,"","",CHOQUE,"0,0","0,0","0,0","0,0","0,0","0,0","0,0","0,0","0,0","1,0","0,0","","","","","","","","","","","","",""
948,"202309386,0",2023-04-28T00:00:00,11:23:00,COM VÍTIMA,FINALIZADA,SANCHO,AV LIBERDADE,1060,"",AO LADO DO CEMITERIO PARQUE DAS FLORES,SANCHO,"","",COLISÃO FRONTAL,"1,0","1,0","0,0","0,0","0,0","0,0","0,0","0,0","0,0","1,0","0,0","","","","","","","","","","","","",""
949,"202309392,0",2023-04-29T00:00:00,06:35:00,SEM VÍTIMA,FINALIZADA,PRADO,AV ENGENHEIRO ABDIAS DE CARVALHO,"",RUA JOAO IVO DA SILVA,LOJAS DE CARROS KATAN,PRADO,"132,0",CIDADE,COLISÃO TRANSVERSAL,"3,0","0,0","0,0","0,0","0,0","0,0","0,0","0,0","0,0","0,0","0,0","","","","","","","","","","","","",""
950,"202309402,0",2023-04-29T00:00:00,07:56:00,COM VÍTIMA,FINALIZADA,JAQUEIRA,AV CONS ROSA E SILVA,1847,"",NA ESQUINA DA SMAT FIT,JAQUEIRA,"","",CHOQUE,"2,0","0,0","0,0","0,0","0,0","0,0","0,0","0,0","0,0","1,0","0,0","","","","","","","","","","","","",""
951,"202309403,0",2023-04-29T00:00:00,07:58:00,COM VÍTIMA,FINALIZADA,ILHA DO LEITE,AV FREI MATIAS TEVES,"",RUA SENADOR JOSE HENRIQUE,PROX. A CLINICA DE ESTETICA HILANA,ILHA DO LEITE,"","",COLISÃO LATERAL,"1,0","1,0","0,0","0,0","0,0","0,0","0,0","0,0","0,0","2,0","0,0","","","","","","","","","","","","",""
952,"202309422,0",2023-04-29T00:00:00,11:43:00,COM VÍTIMA,FINALIZADA,CORDEIRO,RUA AMBROSIO MACHADO,165,"",EM FRENTE AO EDF. LORENA NUNES,CORDEIRO,"","",COLISÃO LATERAL,"1,0","1,0","0,0","0,0","0,0","0,0","0,0","0,0","0,0","2,0","0,0","","","","","","","","","","","","",""
953,"202309426,0",2023-04-29T00:00:00,01:05:00,COM VÍTIMA,FINALIZADA,BOA VIAGEM,RUA GENERAL EDSON AMANCIO RAMALHO,"",RUA FAUSTINO PORTO,AO LADO DO BIG BOMPREÇO,BOA VIAGEM,"","",COLISÃO TRASEIRA,"1,0","1,0","0,0","0,0","0,0","0,0","0,0","0,0","0,0","1,0","0,0","","","","","","","","","","","","",""
954,"202309438,0",2023-04-29T00:00:00,02:54:00,COM VÍTIMA,FINALIZADA,ARRUDA,AV PROFESSOR JOSE DOS ANJOS,"","",AO LADO DO BOMPREÇO,ARRUDA,"","",COLISÃO LATERAL,"1,0","1,0","0,0","0,0","0,0","0,0","0,0","0,0","0,0","1,0","0,0","","","","","","","","","","","","",""
955,"202309440,0",2023-04-29T00:00:00,04:35:00,SEM VÍTIMA,CANCELADA,TORREÃO,RUA DOM JOAO COSTA,42,"",DE FRENTE A PRAÇA DO TORREÃO,TORREÃO,"","",COLISÃO LATERAL,"1,0","1,0","0,0","0,0","0,0","0,0","0,0","0,0","0,0","0,0","0,0","","","","","","","","","","","","",""