_id,Protocolo,data,hora,natureza_acidente,situacao,bairro,endereco,numero,detalhe_endereco_acidente,complemento,bairro_cruzamento,num_semaforo,sentido_via,tipo,auto,moto,ciclom,ciclista,pedestre,onibus,caminhao,viatura,outros,vitimas,vitimasfatais,acidente_verificado,tempo_clima,situacao_semaforo,sinalizacao,condicao_via,conservacao_via,ponto_controle,situacao_placa,velocidade_max_via,mao_direcao,divisao_via1,divisao_via2,divisao_via3
1103,"202310960,0",2023-05-18T00:00:00,06:54:00,COM VÍTIMA,FINALIZADA,PINA,AV HERCULANO BANDEIRA,"",RUA NOGUEIRA DE SOUZA,APOS O ATACADÃO DA CONSTRUÇÃO,PINA,"","",COLISÃO LATERAL,"0,0","0,0","0,0","0,0","0,0","0,0","0,0","0,0","0,0","1,0","0,0","","","","","","","","","","","","",""
1104,"202310977,0",2023-05-18T00:00:00,08:43:00,COM VÍTIMA,FINALIZADA,BONGI,RUA ISAAC MARKMAN,406,"",PROX. A CELPE,BONGI,"","",COLISÃO COM CICLISTA,"1,0","0,0","0,0","1,0","0,0","0,0","0,0","0,0","0,0","1,0","0,0","","","","","","","","","","","","",""
1105,"202310987,0",2023-05-18T00:00:00,09:40:00,COM VÍTIMA,FINALIZADA,BOA VIAGEM,AV ENGENHEIRO DOMINGOS FERREIRA,"",RUA PADRE BERNADINO PESSOA,PROX A TORRE MADRI RESIDENCIAL,BOA VIAGEM,"","",COLISÃO FRONTAL,"2,0","0,0","0,0","0,0","0,0","0,0","0,0","0,0","0,0","1,0","0,0","","","","","","","","","","","","",""
1106,"202311004,0",2023-05-18T00:00:00,11:34:00,SEM VÍTIMA,FINALIZADA,IPSEP,RUA BLUMENAU,164,"",PROXIMO LOJA DONA ENI,IPSEP,"","",COLISÃO TRASEIRA,"1,0","1,0","0,0","0,0","0,0","0,0","0,0","0,0","0,0","0,0","0,0","","","","","","","","","","","","",""
1107,"202311006,0",2023-05-18T00:00:00,12:39:00,COM VÍTIMA,CANCELADA,VARZEA,RUA MARECHAL MANOEL LUIS OSORIO,"","",DE FRENTE AO HAPVIDA DA BR,VARZEA,"","",COLISÃO LATERAL,"1,0","1,0","0,0","0,0","0,0","0,0","0,0","0,0","0,0","2,0","0,0","","","","","","","","","","","","",""
1108,"202311012,0",2023-05-18T00:00:00,02:09:00,COM VÍTIMA,FINALIZADA,IBURA,AV QUEIXARAMOBIM,64,"",EM FRENTE A IGREJA BATISTA REMIDO DO SENHOR,IBURA,"","",ATROPELAMENTO DE PESSOA,"1,0","0,0","0,0","0,0","1,0","0,0","0,0","0,0","0,0","1,0","0,0","","","","","","","","","","","","",""
1109,"202311014,0",2023-05-18T00:00:00,02:17:00,SEM VÍTIMA,FINALIZADA,ENCRUZILHADA,RUA DR JOSE MARIA,2200,"",EM FRENTE AO MERCADO DA ENCRUZILHADA,ENCRUZILHADA,"",CIDADE,"","1,0","0,0","0,0","0,0","0,0","0,0","0,0","1,0","0,0","0,0","0,0","","","","","","","","","","","","",""
1110,"202311043,0",2023-05-18T00:00:00,08:00:00,COM VÍTIMA,FINALIZADA,CASA AMARELA,RUA DA HARMONIA,"","",AO LADO DA IGREJA DA HARMONIA,CASA AMARELA,"","",COLISÃO LATERAL,"1,0","1,0","0,0","0,0","0,0","0,0","0,0","0,0","0,0","1,0","0,0","","","","","","","","","","","","",""
1111,"202311045,0",2023-05-18T00:00:00,08:04:00,COM VÍTIMA,FINALIZADA,MANGUEIRA,RUA VINTE E UM DE ABRIL,1578,"",PROX A CENTRO MUNICIPAL DE EDUCAÇÃO INFANTIL DA MANGUEIRA,MANGUEIRA,"","",COLISÃO FRONTAL,"1,0","1,0","0,0","0,0","0,0","0,0","0,0","0,0","0,0","1,0","0,0","","","","","","","","","","","","",""
1112,"202311055,0",2023-05-19T00:00:00,06:12:00,COM VÍTIMA,FINALIZADA,AFOGADOS,RUA SAO MIGUEL,116,"",EM FRENTE AO CARTORIO,AFOGADOS,"","",COLISÃO LATERAL,"0,0","1,0","0,0","0,0","0,0","1,0","0,0","0,0","0,0","2,0","0,0","","","","","","","","","","","","",""
1113,"202311056,0",2023-05-19T00:00:00,06:43:00,VÍTIMA FATAL,FINALIZADA,CAXANGA,AV AFONSO OLINDENSE,"","","APOS A INTEGRAÇÃO DA CAXANGA, SENT. CAMARAGIBE",CAXANGA,"","",ATROPELAMENTO DE PESSOA,"0,0","0,0","0,0","0,0","1,0","1,0","0,0","0,0","0,0","0,0","1,0","","","","","","","","","","","","",""
1114,"202311075,0",2023-05-19T00:00:00,08:58:00,SEM VÍTIMA,FINALIZADA,DERBY,AV GOVERNADOR AGAMENON MAGALHAES,"","",SOB O SEMÁFORO Nº  075,DERBY,"",SUBURBIO,CHOQUE,"0,0","0,0","0,0","0,0","0,0","0,0","1,0","0,0","0,0","0,0","0,0","","","","","","","","","","","","",""
1115,"202311088,0",2023-05-19T00:00:00,10:49:00,COM VÍTIMA,FINALIZADA,IMBIRIBEIRA,RUA ARQUITETO LUIZ NUNES,"","",EM FRENTE ESCOLA ANITA GARIBALDA,IMBIRIBEIRA,"","",COLISÃO LATERAL,"1,0","1,0","0,0","0,0","0,0","0,0","0,0","0,0","0,0","1,0","0,0","","","","","","","","","","","","",""
1116,"202311091,0",2023-05-19T00:00:00,11:34:00,COM VÍTIMA,FINALIZADA,MADALENA,RUA JOSE OSORIO,124,"",PONTE DA CAPUMGA,MADALENA,"","",COLISÃO LATERAL,"1,0","1,0","0,0","0,0","0,0","0,0","0,0","0,0","0,0","2,0","0,0","","","","","","","","","","","","",""
1117,"202311093,0",2023-05-19T00:00:00,11:47:00,COM VÍTIMA,FINALIZADA,IBURA,AV RECIFE,"","",ENTRADA DO IBURA,IBURA,"","",COLISÃO FRONTAL,"1,0","1,0","0,0","0,0","0,0","0,0","0,0","0,0","0,0","2,0","0,0","","","","","","","","","","","","",""
1118,"202311120,0",2023-05-19T00:00:00,04:20:00,SEM VÍTIMA,FINALIZADA,APIPUCOS,AV DEZESSETE DE AGOSTO,2666,PRC MONTEIRO,OPOSTO PRAÇA MONTEIRO,APIPUCOS,"370,0",SUBURBIO,COLISÃO TRASEIRA,"1,0","0,0","0,0","0,0","0,0","1,0","0,0","0,0","0,0","0,0","0,0","","","","","","","","","","","","",""
1119,"202311122,0",2023-05-19T00:00:00,04:58:00,COM VÍTIMA,FINALIZADA,SAN MARTIN,AV GENERAL SAN MARTIN,766,"",APOS O SEMAFORO 067  AO LADO DA ACADEMIA GYM FIT,SAN MARTIN,"","",COLISÃO LATERAL,"1,0","1,0","0,0","0,0","0,0","0,0","0,0","0,0","0,0","1,0","0,0","","","","","","","","","","","","",""
1120,"202311145,0",2023-05-20T00:00:00,12:44:00,COM VÍTIMA,FINALIZADA,IMBIRIBEIRA,AV MARECHAL MASCARENHAS DE MORAES,"","",EM FRENTE A HONDA E O JUIZADO CÍVIL,IMBIRIBEIRA,"",SUBURBIO,COLISÃO FRONTAL,"0,0","1,0","0,0","0,0","0,0","0,0","1,0","0,0","0,0","1,0","0,0","","","","","","","","","","","","",""
1121,"202311150,0",2023-05-20T00:00:00,04:32:00,COM VÍTIMA,FINALIZADA,MADALENA,AV VISCONDE DE ALBUQUERQUE,"","",CASA DA BATERIA MOURA,MADALENA,"51,0","",COLISÃO LATERAL,"2,0","0,0","0,0","0,0","0,0","0,0","0,0","0,0","0,0","1,0","0,0","","","","","","","","","","","","",""
1122,"202311167,0",2023-05-20T00:00:00,08:28:00,COM VÍTIMA,FINALIZADA,FUNDAO,AV BEBERIBE,"",RUA CORONEL URBANO RIBEIRO DE SENA,LADO OPOSTO AO N 2666,FUNDAO,"","",ATROPELAMENTO DE PESSOA,"1,0","0,0","0,0","0,0","1,0","0,0","0,0","0,0","0,0","1,0","0,0","","","","","","","","","","","","",""
1123,"202311189,0",2023-05-20T00:00:00,04:05:00,COM VÍTIMA,FINALIZADA,GRACAS,AV CONS ROSA E SILVA,"","",EM FRENTE AO CLUBE PORTUGUÊS,GRACAS,"","",COLISÃO TRASEIRA,"2,0","0,0","0,0","0,0","0,0","0,0","0,0","0,0","0,0","1,0","0,0","","","","","","","","","","","","",""
1124,"202311192,0",2023-05-20T00:00:00,05:16:00,COM VÍTIMA,FINALIZADA,CAMPO GRANDE,RUA ODORICO MENDES,"","",EM FRENTE À CENTRAL DE FLAGRANTES,CAMPO GRANDE,"","",COLISÃO COM CICLISTA,"0,0","1,0","0,0","1,0","0,0","0,0","0,0","0,0","0,0","1,0","0,0","","","","","","","","","","","","",""
1125,"202311193,0",2023-05-20T00:00:00,05:19:00,COM VÍTIMA,FINALIZADA,AFOGADOS,AV CENTRAL,"","",EM FRENTE A ESTAÇÃO DE AFOGADOS,AFOGADOS,"","",ATROPELAMENTO DE PESSOA,"0,0","1,0","0,0","0,0","1,0","0,0","0,0","0,0","0,0","1,0","0,0","","","","","","","","","","","","",""
1126,"202311194,0",2023-05-20T00:00:00,05:49:00,COM VÍTIMA,FINALIZADA,IMBIRIBEIRA,AV GENERAL MAC ARTHUR,"","",EM FRENTE AO CONDOMINIO LE PARC,IMBIRIBEIRA,"","",COLISÃO TRASEIRA,"1,0","1,0","0,0","0,0","0,0","0,0","0,0","0,0","0,0","1,0","0,0","","","","","","","","","","","","",""
1127,"202311211,0",2023-05-20T00:00:00,11:38:00,COM VÍTIMA,CANCELADA,CASA FORTE,AV FLOR DE SANTANA,852,"",PRÓX. AO BUTECO 878,CASA FORTE,"","",COLISÃO TRASEIRA,"1,0","1,0","0,0","0,0","0,0","0,0","0,0","0,0","0,0","1,0","0,0","","","","","","","","","","","","",""
1128,"202311213,0",2023-05-21T00:00:00,01:26:00,COM VÍTIMA,CANCELADA,ESPINHEIRO,RUA AMELIA,330,"",CACHAÇARIA TRADIÇÃO,ESPINHEIRO,"","",COLISÃO TRANSVERSAL,"2,0","0,0","0,0","0,0","0,0","0,0","0,0","0,0","0,0","1,0","0,0","","","","","","","","","","","","",""
1129,"202311221,0",2023-05-21T00:00:00,05:43:00,SEM VÍTIMA,FINALIZADA,"",AV ENGENHEIRO ABDIAS DE CARVALHO,"",EST DOS REMEDIOS,SOB SEMÁFORO Nº 052,"","52,0",SUBURBIO,CHOQUE,"1,0","0,0","0,0","0,0","0,0","0,0","0,0","0,0","0,0","0,0","0,0","","","","","","","","","","","","",""
1130,"202311233,0",2023-05-21T00:00:00,09:28:00,COM VÍTIMA,FINALIZADA,CASA AMARELA,AV NORTE MIGUEL ARRAES DE ALENCAR,"",RUA GUIMARAES PEIXOTO,ENTRADA DA MANGABEIRA,CASA AMARELA,"","",QUEDA,"0,0","1,0","0,0","0,0","0,0","0,0","0,0","0,0","0,0","2,0","0,0","","","","","","","","","","","","",""
1131,"202311265,0",2023-05-21T00:00:00,06:06:00,COM VÍTIMA,FINALIZADA,SAO JOSE,AV SUL,1500,"",PROX AO QUARTEL DO CABAMGA,SAO JOSE,"","",COLISÃO COM CICLISTA,"0,0","0,0","0,0","1,0","0,0","1,0","0,0","0,0","0,0","1,0","0,0","","","","","","","","","","","","",""
1132,"202311276,0",2023-05-21T00:00:00,10:26:00,COM VÍTIMA,FINALIZADA,CAMPO GRANDE,RUA JERONIMO VILELA,742,"",AO LADO DO BAR DO ZÉ,CAMPO GRANDE,"","",COLISÃO LATERAL,"1,0","1,0","0,0","0,0","0,0","0,0","0,0","0,0","0,0","1,0","0,0","","","","","","","","","","","","",""
1133,"202311277,0",2023-05-22T00:00:00,12:19:00,COM VÍTIMA,FINALIZADA,SANTO ANTONIO,AV MARTINS DE BARROS,"","",EM FRENTE A ESTAÇÃO DO BRT MAURICIO DE NASSAU,SANTO ANTONIO,"","",ATROPELAMENTO DE PESSOA,"0,0","0,0","0,0","0,0","1,0","1,0","0,0","0,0","0,0","1,0","0,0","","","","","","","","","","","","",""
1134,"202311283,0",2023-05-22T00:00:00,06:15:00,COM VÍTIMA,CANCELADA,SAO JOSE,AV SUL,"",RUA IMPERIAL,PROXIMO AO GALPÃO DO GALO DA MADRUGADA  NO SENTIDO SUB/CID.,SAO JOSE,"",CIDADE,COLISÃO COM CICLISTA,"0,0","0,0","1,0","1,0","0,0","0,0","0,0","0,0","0,0","1,0","0,0","","","","","","","","","","","","",""
1135,"202311295,0",2023-05-22T00:00:00,08:29:00,COM VÍTIMA,FINALIZADA,ILHA JOANA BEZERRA,VDO PAPA JOAO PAULO II,"","","EM CIMA DO VIADUTO, SENT. BOA VIAGEM",ILHA JOANA BEZERRA,"","",COLISÃO TRASEIRA,"0,0","2,0","0,0","0,0","0,0","0,0","0,0","0,0","0,0","2,0","0,0","","","","","","","","","","","","",""
1136,"202311296,0",2023-05-22T00:00:00,08:35:00,COM VÍTIMA,FINALIZADA,ESPINHEIRO,AV GOVERNADOR AGAMENON MAGALHAES,"","",EM FRENTE AO CREA,ESPINHEIRO,"","",COLISÃO LATERAL,"1,0","1,0","0,0","0,0","0,0","0,0","0,0","0,0","0,0","1,0","0,0","","","","","","","","","","","","",""
1137,"202311305,0",2023-05-22T00:00:00,09:38:00,COM VÍTIMA,CANCELADA,BOA VIAGEM,AV BOA VIAGEM,"","",APOS O HOSPITAL DA AERONAUTICA,BOA VIAGEM,"","",COLISÃO TRASEIRA,"1,0","1,0","0,0","0,0","0,0","0,0","0,0","0,0","0,0","1,0","0,0","","","","","","","","","","","","",""
1138,"202311308,0",2023-05-22T00:00:00,10:41:00,COM VÍTIMA,FINALIZADA,VARZEA,RUA PROFESSOR ANTONIO COELHO,477,"",RUA DO COLEGIO E CURSO DESAFIO,VARZEA,"","",COLISÃO LATERAL,"1,0","1,0","0,0","0,0","0,0","0,0","0,0","0,0","0,0","2,0","0,0","","","","","","","","","","","","",""
1139,"202311322,0",2023-05-22T00:00:00,01:03:00,SEM VÍTIMA,FINALIZADA,AFOGADOS,RUA SAO MIGUEL,469,"",EM FRENTE AO POSTO DISLUB,AFOGADOS,"","",COLISÃO TRASEIRA,"2,0","0,0","0,0","0,0","0,0","0,0","0,0","1,0","0,0","0,0","0,0","","","","","","","","","","","","",""
1140,"202311325,0",2023-05-22T00:00:00,01:17:00,SEM VÍTIMA,FINALIZADA,GRACAS,PTE RIVALDO DE CARVALHO,"","",SOB O SEMÁFORO,GRACAS,"173,0",SUBURBIO,COLISÃO TRASEIRA,"1,0","0,0","0,0","0,0","0,0","1,0","0,0","0,0","0,0","0,0","0,0","","","","","","","","","","","","",""
1141,"202311326,0",2023-05-22T00:00:00,01:26:00,COM VÍTIMA,FINALIZADA,BOA VIAGEM,AV CONSELHEIRO AGUIAR,2878,"",EM FRENTE A PADARIA CARMEM / ACADEMIA SANTÉ,BOA VIAGEM,"","",COLISÃO LATERAL,"1,0","1,0","0,0","0,0","0,0","0,0","0,0","0,0","0,0","1,0","0,0","","","","","","","","","","","","",""
1142,"202311340,0",2023-05-22T00:00:00,03:34:00,SEM VÍTIMA,CANCELADA,IPSEP,RUA VIRGINIA HERACLIO,"","",PROX POSTO DE SAUDE  NÃO TEM NUMERO,IPSEP,"","",COLISÃO TRASEIRA,"2,0","0,0","0,0","0,0","0,0","0,0","0,0","0,0","0,0","0,0","0,0","","","","","","","","","","","","",""
1143,"202311346,0",2023-05-22T00:00:00,04:39:00,COM VÍTIMA,FINALIZADA,SAO JOSE,RUA SAO JOAO,"","",EM FRENTE AO EDIFICIO SÃO RAFAEL / TERCEIRO MODULO DO CAMELODROMO,SAO JOSE,"","",COLISÃO FRONTAL,"1,0","1,0","0,0","0,0","0,0","0,0","0,0","0,0","0,0","1,0","0,0","","","","","","","","","","","","",""
1144,"202311363,0",2023-05-22T00:00:00,07:10:00,COM VÍTIMA,FINALIZADA,AGUA FRIA,EST VELHA DE AGUA FRIA,"",AV PROFESSOR JOSE DOS ANJOS,EM FRENTE AO DNOX,AGUA FRIA,"","",COLISÃO FRONTAL,"0,0","2,0","0,0","0,0","0,0","0,0","0,0","0,0","0,0","2,0","0,0","","","","","","","","","","","","",""
1145,"202311364,0",2023-05-22T00:00:00,07:57:00,COM VÍTIMA,FINALIZADA,TORRE,RUA PADRE ANCHIETA,"","",PROX COMFRARIA DO SANDUBA,TORRE,"","",COLISÃO LATERAL,"1,0","1,0","0,0","0,0","0,0","0,0","0,0","0,0","0,0","1,0","0,0","","","","","","","","","","","","",""
1146,"202311381,0",2023-05-23T00:00:00,06:52:00,COM VÍTIMA,FINALIZADA,AREIAS,AV RECIFE,"","","EM FRENTE AO SUPERMERCADO ATACADÃO, EM FRENTE AO SEMÁFORO 461",AREIAS,"","",COLISÃO TRASEIRA,"1,0","0,0","0,0","0,0","0,0","0,0","1,0","0,0","0,0","1,0","0,0","","","","","","","","","","","","",""
1147,"202311384,0",2023-05-23T00:00:00,07:25:00,COM VÍTIMA,FINALIZADA,PARNAMIRIM,RUA ABRAHAM LINCOLN,460,"",PROXIMO A GALERIA VIA ROMA E LADO DO COLEGIO GGE DO PARNAMIRIM,PARNAMIRIM,"","",COLISÃO TRASEIRA,"1,0","1,0","0,0","0,0","0,0","0,0","0,0","0,0","0,0","2,0","0,0","","","","","","","","","","","","",""
1148,"202311397,0",2023-05-23T00:00:00,08:13:00,COM VÍTIMA,FINALIZADA,MADALENA,RUA MENEZES DRUMOND,99,"",EM FRENTE A UNIDADE DA SAUDE DA FAMILIA SITIO DO CARDOSO,MADALENA,"","",COLISÃO LATERAL,"1,0","1,0","0,0","0,0","0,0","0,0","0,0","0,0","0,0","1,0","0,0","","","","","","","","","","","","",""
1149,"202311429,0",2023-05-23T00:00:00,11:17:00,SEM VÍTIMA,FINALIZADA,IMBIRIBEIRA,AV MARECHAL MASCARENHAS DE MORAES,"","",ASA VEÍCULOS,IMBIRIBEIRA,"","",COLISÃO LATERAL,"2,0","0,0","0,0","0,0","0,0","0,0","1,0","0,0","0,0","0,0","0,0","","","","","","","","","","","","",""
1150,"202311434,0",2023-05-23T00:00:00,11:46:00,COM VÍTIMA,FINALIZADA,BOA VIAGEM,RUA DONA MAGINA PONTUAL,"",RUA JOAO DIAS MARTINS,RUA QUE DE FRENTE DROGARIA SÃO PAULO,BOA VIAGEM,"","",COLISÃO LATERAL,"1,0","1,0","0,0","0,0","0,0","0,0","0,0","0,0","0,0","1,0","0,0","","","","","","","","","","","","",""
1151,"202311435,0",2023-05-23T00:00:00,11:59:00,COM VÍTIMA,FINALIZADA,GRACAS,RUA GUILHERME PINTO,"","",PROXIMO AO MAURICIO DE NASSAU,GRACAS,"","",COLISÃO LATERAL,"1,0","1,0","0,0","0,0","0,0","0,0","0,0","0,0","0,0","1,0","0,0","","","","","","","","","","","","",""
1152,"202311442,0",2023-05-23T00:00:00,02:30:00,COM VÍTIMA,FINALIZADA,IMBIRIBEIRA,AV MARECHAL MASCARENHAS DE MORAES,"","",LADO OPOSTO A FERREIRA COSTA E EM FRENTE A CASAS BAHIA/ SENTIDO PRAZERES,IMBIRIBEIRA,"","",COLISÃO TRASEIRA,"1,0","0,0","0,0","0,0","0,0","0,0","1,0","0,0","0,0","1,0","0,0","","","","","","","","","","","","",""
1153,"202311444,0",2023-05-23T00:00:00,02:56:00,COM VÍTIMA,FINALIZADA,ARRUDA,RUA RAMIZ GALVAO,"","",E/F AO BAR MISTUREBA,ARRUDA,"","",COLISÃO LATERAL,"2,0","0,0","0,0","0,0","0,0","0,0","0,0","0,0","0,0","1,0","0,0","","","","","","","","","","","","",""
1154,"202311445,0",2023-05-23T00:00:00,03:09:00,COM VÍTIMA,FINALIZADA,TORRE,AV BEIRA RIO,"",RUA CONDE DE IRAJA,COLISAO SOBRE A  PONTE  VT 03 NO LOCAL,TORRE,"","",COLISÃO FRONTAL,"2,0","1,0","0,0","0,0","0,0","0,0","0,0","0,0","0,0","1,0","0,0","","","","","","","","","","","","",""
1155,"202311447,0",2023-05-23T00:00:00,03:36:00,COM VÍTIMA,FINALIZADA,MACAXEIRA,AV NORTE MIGUEL ARRAES DE ALENCAR,"","","",MACAXEIRA,"296,0","",QUEDA,"0,0","1,0","0,0","0,0","0,0","0,0","0,0","0,0","0,0","1,0","0,0","","","","","","","","","","","","",""
1156,"202311452,0",2023-05-23T00:00:00,04:22:00,COM VÍTIMA,FINALIZADA,CAXANGA,AV CAXANGA,"",RUA GREGORIO JUNIOR,"",CAXANGA,"","",QUEDA,"0,0","0,0","0,0","0,0","0,0","0,0","0,0","0,0","0,0","1,0","0,0","","","","","","","","","","","","",""
1157,"202311459,0",2023-05-23T00:00:00,06:02:00,SEM VÍTIMA,FINALIZADA,CASA AMARELA,RUA CONS NABUCO,44,"",COLÉGIO APOIO,CASA AMARELA,"","",COLISÃO LATERAL,"2,0","0,0","0,0","0,0","0,0","0,0","0,0","0,0","0,0","0,0","0,0","","","","","","","","","","","","",""
1158,"202311460,0",2023-05-23T00:00:00,06:04:00,COM VÍTIMA,FINALIZADA,IMBIRIBEIRA,RUA ARQUITETO LUIZ NUNES,1113,"",NA FRENTE DO COLEGIO ANITA GARIBALDE,IMBIRIBEIRA,"","",COLISÃO FRONTAL,"1,0","1,0","0,0","0,0","0,0","0,0","0,0","0,0","0,0","1,0","0,0","","","","","","","","","","","","",""
1159,"202311472,0",2023-05-23T00:00:00,09:02:00,SEM VÍTIMA,FINALIZADA,GRACAS,RUA DAS GRACAS,715,AV RUI BARBOSA,EM FRENTE A FARMÁCIA DROGASIL,GRACAS,"562,0",CIDADE,COLISÃO TRASEIRA,"2,0","0,0","0,0","0,0","0,0","0,0","0,0","0,0","0,0","0,0","0,0","","","","","","","","","","","","",""
1160,"202311473,0",2023-05-23T00:00:00,10:51:00,COM VÍTIMA,FINALIZADA,JARDIM SAO PAULO,PRC DO JARDIM SAO PAULO,"","",PRAÇA DE JARDIM SÃO PAULO,JARDIM SAO PAULO,"","",CHOQUE,"1,0","0,0","0,0","0,0","0,0","0,0","0,0","0,0","0,0","2,0","0,0","","","","","","","","","","","","",""
1161,"202311502,0",2023-05-24T00:00:00,09:30:00,COM VÍTIMA,FINALIZADA,BAIRRO DO RECIFE,AV NORTE MIGUEL ARRAES DE ALENCAR,"",PTE DO LIMOEIRO,NA DESCIDA DA PONTE,BAIRRO DO RECIFE,"","",COLISÃO FRONTAL,"1,0","1,0","0,0","0,0","0,0","0,0","0,0","0,0","0,0","1,0","0,0","","","","","","","","","","","","",""
1162,"202311528,0",2023-05-24T00:00:00,03:25:00,COM VÍTIMA,FINALIZADA,TORRE,RUA MARCOS ANDRE,"",RUA JOSE BONIFACIO,EM FRENTE AO SUPERMERCADO CARREFOUR,TORRE,"","",COLISÃO LATERAL,"1,0","1,0","0,0","0,0","0,0","0,0","0,0","0,0","0,0","2,0","0,0","","","","","","","","","","","","",""
1163,"202311537,0",2023-05-24T00:00:00,05:36:00,SEM VÍTIMA,FINALIZADA,GRACAS,RUA JORNALISTA PAULO BITTENCOURT,"",RUA AMARO BEZERRA,"",GRACAS,"","","","0,0","1,0","0,0","0,0","0,0","0,0","0,0","1,0","0,0","0,0","0,0","","","","","","","","","","","","",""
1164,"202311555,0",2023-05-24T00:00:00,07:44:00,SEM VÍTIMA,FINALIZADA,MANGABEIRA,AV NORTE MIGUEL ARRAES DE ALENCAR,"",AV PROFESSOR JOSE DOS ANJOS,SEMÁFORO 364,MANGABEIRA,"364,0",CIDADE,"","1,0","0,0","0,0","0,0","0,0","0,0","1,0","0,0","0,0","0,0","0,0","","","","","","","","","","","","",""
1165,"202311578,0",2023-05-25T00:00:00,08:10:00,COM VÍTIMA,FINALIZADA,AGUA FRIA,RUA ALTO SANTA TEREZA,1334,"",PROX. AO MERCADINHO LEMOS,AGUA FRIA,"","",COLISÃO FRONTAL,"1,0","1,0","0,0","0,0","0,0","0,0","0,0","0,0","0,0","2,0","0,0","","","","","","","","","","","","",""
1166,"202311601,0",2023-05-25T00:00:00,09:51:00,SEM VÍTIMA,FINALIZADA,MADALENA,EST DOS REMEDIOS,"",AV VISCONDE DE ALBUQUERQUE,"",MADALENA,"","",COLISÃO TRASEIRA,"1,0","0,0","0,0","0,0","0,0","0,0","1,0","0,0","0,0","0,0","0,0","","","","","","","","","","","","",""
1167,"202311611,0",2023-05-25T00:00:00,11:06:00,COM VÍTIMA,FINALIZADA,SANTO AMARO,AV CRUZ CABUGA,"","",EM FRENTE A UNIVERSAL,SANTO AMARO,"","",COLISÃO LATERAL,"1,0","1,0","0,0","0,0","0,0","0,0","0,0","0,0","0,0","1,0","0,0","","","","","","","","","","","","",""
1168,"202311629,0",2023-05-25T00:00:00,01:17:00,COM VÍTIMA,FINALIZADA,VARZEA,RUA VALE DO SIRIJI,7,"",APOS A PRAÇA DO PM  E/F AO RESTAURANTE SABOR DA VILA,VARZEA,"","",COLISÃO FRONTAL,"2,0","0,0","0,0","0,0","0,0","0,0","0,0","0,0","0,0","2,0","0,0","","","","","","","","","","","","",""
1169,"202311634,0",2023-05-25T00:00:00,02:18:00,COM VÍTIMA,FINALIZADA,IMBIRIBEIRA,RUA ARQUITETO LUIZ NUNES,245,AV ENGENHEIRO ALVES DE SOUZA,PROX AO RESTAURANTE JULIETTOS   E/F A DROGASIL,IMBIRIBEIRA,"","",COLISÃO LATERAL,"1,0","1,0","0,0","0,0","0,0","0,0","0,0","0,0","0,0","1,0","0,0","","","","","","","","","","","","",""
1170,"202311637,0",2023-05-25T00:00:00,02:43:00,VÍTIMA FATAL,FINALIZADA,AREIAS,RUA IPOJUCA,388,"",PRAÇA DO HEROI,AREIAS,"","",COLISÃO FRONTAL,"0,0","1,0","0,0","0,0","0,0","0,0","1,0","0,0","0,0","0,0","1,0","","","","","","","","","","","","",""
1171,"202311645,0",2023-05-25T00:00:00,04:06:00,SEM VÍTIMA,FINALIZADA,PINA,AV ANTONIO DE GOES,146,AV CONSELHEIRO AGUIAR,LADO OPOSTO A CASA DA BATERIA,PINA,"",CIDADE,COLISÃO TRANSVERSAL,"1,0","0,0","0,0","0,0","0,0","1,0","0,0","0,0","0,0","0,0","0,0","","","","","","","","","","","","",""
1172,"202311655,0",2023-05-25T00:00:00,06:09:00,COM VÍTIMA,FINALIZADA,TORREAO,RUA FREI MIGUELINHO,170,RUA DJALMA FARIAS,PROX AO RESTAURANTE ARGO,TORREAO,"","",COLISÃO LATERAL,"3,0","0,0","0,0","0,0","0,0","0,0","0,0","0,0","0,0","1,0","0,0","","","","","","","","","","","","",""
1173,"202311661,0",2023-05-25T00:00:00,06:39:00,COM VÍTIMA,FINALIZADA,IMBIRIBEIRA,AV MARECHAL MASCARENHAS DE MORAES,2885,"","",IMBIRIBEIRA,"","",QUEDA,"0,0","0,0","0,0","0,0","0,0","0,0","0,0","0,0","0,0","1,0","0,0","","","","","","","","","","","","",""
1174,"202311673,0",2023-05-25T00:00:00,08:12:00,COM VÍTIMA,FINALIZADA,GRACAS,RUA JOAO RAMOS,"",RUA BRUNO MAIA,AO LADO DA PIZZARIA ATLANTICO,GRACAS,"","",COLISÃO LATERAL,"1,0","1,0","0,0","0,0","0,0","0,0","0,0","0,0","0,0","2,0","0,0","","","","","","","","","","","","",""
1175,"202311679,0",2023-05-25T00:00:00,10:07:00,COM VÍTIMA,FINALIZADA,CAXANGA,RUA RIBEIRO PESSOA,957,"",PRÓXIMO A UPA DA CAXANGÁ,CAXANGA,"","",COLISÃO LATERAL,"0,0","2,0","0,0","0,0","0,0","0,0","0,0","0,0","0,0","2,0","0,0","","","","","","","","","","","","",""
1176,"202311682,0",2023-05-26T00:00:00,12:12:00,COM VÍTIMA,FINALIZADA,DOIS UNIDOS,AV HILDEBRANDO DE VASCONCELOS,"","",PRÓXIMO A SUBIDA DO ALTO DO MARACANÃ E AO CIPICÃES,DOIS UNIDOS,"","",COLISÃO LATERAL,"1,0","1,0","0,0","0,0","0,0","0,0","0,0","0,0","0,0","1,0","0,0","","","","","","","","","","","","",""