_id,Protocolo,data,hora,natureza_acidente,situacao,bairro,endereco,numero,detalhe_endereco_acidente,complemento,bairro_cruzamento,num_semaforo,sentido_via,tipo,auto,moto,ciclom,ciclista,pedestre,onibus,caminhao,viatura,outros,vitimas,vitimasfatais,acidente_verificado,tempo_clima,situacao_semaforo,sinalizacao,condicao_via,conservacao_via,ponto_controle,situacao_placa,velocidade_max_via,mao_direcao,divisao_via1,divisao_via2,divisao_via3
1326,"202313044,0",2023-06-08T00:00:00,07:00:00,COM VÍTIMA,FINALIZADA,IMBIRIBEIRA,AV MARECHAL MASCARENHAS DE MORAES,"","",PROX AO BANCO ITAU,IMBIRIBEIRA,"225,0","",COLISÃO LATERAL,"1,0","1,0","0,0","0,0","0,0","0,0","0,0","0,0","0,0","1,0","0,0","","","","","","","","","","","","",""
1327,"202313045,0",2023-06-08T00:00:00,07:09:00,COM VÍTIMA,FINALIZADA,APIPUCOS,RUA DOIS IRMAOS,523,"",PROX AO MOTEL SENZALA,APIPUCOS,"","",COLISÃO LATERAL,"1,0","1,0","0,0","0,0","0,0","0,0","0,0","0,0","0,0","1,0","0,0","","","","","","","","","","","","",""
1328,"202313050,0",2023-06-08T00:00:00,10:29:00,SEM VÍTIMA,FINALIZADA,CASA AMARELA,AV NORTE MIGUEL ARRAES DE ALENCAR,"","","OPOSTO A IMÓVEL DE NÚMERO 4616 , PRÓXIMO AO SEMÁFORO DE NÚMERO 096",CASA AMARELA,"96,0",CIDADE,COLISÃO TRASEIRA,"1,0","0,0","0,0","0,0","0,0","0,0","0,0","1,0","0,0","0,0","0,0","","","","","","","","","","","","",""
1329,"202313051,0",2023-06-08T00:00:00,10:37:00,COM VÍTIMA,FINALIZADA,CASA AMARELA,RUA PAULA BATISTA,348,"",IGREJA BATISTA DE CASA AMARELA,CASA AMARELA,"136,0","",COLISÃO FRONTAL,"0,0","1,0","0,0","0,0","0,0","1,0","0,0","0,0","0,0","1,0","0,0","","","","","","","","","","","","",""
1330,"202313064,0",2023-06-09T00:00:00,08:15:00,COM VÍTIMA,FINALIZADA,ZUMBI,RUA CONS THEODORO,272,RUA PARAGUASSU,PROXIMO A GALERIA PARAGUASSU,ZUMBI,"","",COLISÃO FRONTAL,"1,0","1,0","0,0","0,0","0,0","0,0","0,0","0,0","0,0","1,0","0,0","","","","","","","","","","","","",""
1331,"202313076,0",2023-06-09T00:00:00,09:41:00,SEM VÍTIMA,CANCELADA,SANTO AMARO,AV DR JAYME DA FONTE,12,"",EM FRENTE A COMPESA,SANTO AMARO,"","",COLISÃO FRONTAL,"3,0","0,0","0,0","0,0","0,0","0,0","0,0","0,0","0,0","0,0","0,0","","","","","","","","","","","","",""
1332,"202313088,0",2023-06-09T00:00:00,11:30:00,COM VÍTIMA,CANCELADA,SAO JOSE,RUA TOBIAS BARRETO,1199,"","",SAO JOSE,"","","","0,0","1,0","0,0","0,0","0,0","0,0","0,0","0,0","0,0","1,0","0,0","","","","","","","","","","","","",""
1333,"202313089,0",2023-06-09T00:00:00,11:32:00,COM VÍTIMA,FINALIZADA,BOA VIAGEM,AV ENGENHEIRO DOMINGOS FERREIRA,"",RUA TOME GIBSON,PROX. AO ARMAZEM BOA VIAGEM,BOA VIAGEM,"","",COLISÃO FRONTAL,"1,0","1,0","0,0","0,0","0,0","0,0","0,0","0,0","0,0","1,0","0,0","","","","","","","","","","","","",""
1334,"202313098,0",2023-06-09T00:00:00,01:14:00,COM VÍTIMA,FINALIZADA,MACAXEIRA,AV NORTE MIGUEL ARRAES DE ALENCAR,"","",SEMÁFORO 424,MACAXEIRA,"","",COLISÃO TRASEIRA,"1,0","1,0","0,0","0,0","0,0","0,0","0,0","0,0","0,0","1,0","0,0","","","","","","","","","","","","",""
1335,"202313100,0",2023-06-09T00:00:00,01:30:00,COM VÍTIMA,CANCELADA,PINA,RUA TOME GIBSON,"",AV ENGENHEIRO DOMINGOS FERREIRA,E/F A ESCOLA FRANCISCO OSVALDO,PINA,"","",COLISÃO LATERAL,"1,0","1,0","0,0","0,0","0,0","0,0","0,0","0,0","0,0","1,0","0,0","","","","","","","","","","","","",""
1336,"202313108,0",2023-06-09T00:00:00,02:54:00,COM VÍTIMA,FINALIZADA,BAIRRO DO RECIFE,CAIS DO APOLO,"","",EM FRENTE AO BANCO DO BRASIL,BAIRRO DO RECIFE,"","",ATROPELAMENTO DE PESSOA,"0,0","0,0","0,0","0,0","1,0","1,0","0,0","0,0","0,0","1,0","0,0","","","","","","","","","","","","",""
1337,"202313110,0",2023-06-09T00:00:00,03:00:00,COM VÍTIMA,CANCELADA,CAXANGA,AV CAXANGA,132,"",LIDER GÁS,CAXANGA,"","",COLISÃO LATERAL,"1,0","1,0","0,0","0,0","0,0","0,0","0,0","0,0","0,0","1,0","0,0","","","","","","","","","","","","",""
1338,"202313120,0",2023-06-09T00:00:00,05:53:00,COM VÍTIMA,FINALIZADA,IMBIRIBEIRA,RUA ARQUITETO LUIZ NUNES,"","",NO SEMAFORO 537,IMBIRIBEIRA,"","",ATROPELAMENTO DE PESSOA,"0,0","1,0","0,0","0,0","1,0","0,0","0,0","0,0","0,0","1,0","0,0","","","","","","","","","","","","",""
1339,"202313139,0",2023-06-09T00:00:00,09:36:00,COM VÍTIMA,FINALIZADA,TORRE,RUA MARQUES DE MARICA,483,RUA SOUZA BANDEIRA,"",TORRE,"317,0","",COLISÃO TRANSVERSAL,"1,0","1,0","0,0","0,0","0,0","0,0","0,0","0,0","0,0","1,0","0,0","","","","","","","","","","","","",""
1340,"202313142,0",2023-06-09T00:00:00,10:10:00,COM VÍTIMA,FINALIZADA,SANTO AMARO,AV CRUZ CABUGA,"",AV MARIO MELO,SEMAFORO 171,SANTO AMARO,"171,0","",COLISÃO TRANSVERSAL,"1,0","1,0","0,0","0,0","0,0","0,0","0,0","0,0","0,0","1,0","0,0","","","","","","","","","","","","",""
1341,"202313143,0",2023-06-09T00:00:00,11:14:00,COM VÍTIMA,FINALIZADA,TORREAO,AV NORTE MIGUEL ARRAES DE ALENCAR,1651,"",EM FRENTE A CHURRASCARIA LEITÃO,TORREAO,"56,0","",COLISÃO TRANSVERSAL,"2,0","0,0","0,0","0,0","0,0","0,0","0,0","0,0","0,0","2,0","0,0","","","","","","","","","","","","",""
1342,"202313144,0",2023-06-10T00:00:00,12:14:00,COM VÍTIMA,FINALIZADA,CASA FORTE,AV DEZESSETE DE AGOSTO,1752,"",EM FRENTE DA OFICINA CABROM,CASA FORTE,"",SU,COLISÃO TRANSVERSAL,"1,0","1,0","0,0","0,0","0,0","0,0","0,0","0,0","0,0","1,0","0,0","","","","","","","","","","","","",""
1343,"202313149,0",2023-06-10T00:00:00,04:06:00,SEM VÍTIMA,CANCELADA,IMBIRIBEIRA,RUA ENGENHEIRO JOSE BRANDAO CAVALCANTE,265,"",COM A RUA ARQUITETO LUIZ  NUNES,IMBIRIBEIRA,"","",COLISÃO FRONTAL,"2,0","0,0","0,0","0,0","0,0","0,0","0,0","0,0","0,0","0,0","0,0","","","","","","","","","","","","",""
1344,"202313154,0",2023-06-10T00:00:00,06:20:00,COM VÍTIMA,FINALIZADA,SAO JOSE,RUA PADRE FLORIANO,"","",EM FRENTE A CASA DA CULTURA,SAO JOSE,"","",CHOQUE,"1,0","0,0","0,0","0,0","0,0","0,0","0,0","0,0","0,0","1,0","0,0","","","","","","","","","","","","",""
1345,"202313156,0",2023-06-10T00:00:00,06:32:00,COM VÍTIMA,FINALIZADA,ESTANCIA,RUA ROCHA POMBO,54,"",POR TRAS DA ESTAÇÃO SANTA LUZIA,ESTANCIA,"","",QUEDA,"0,0","1,0","0,0","0,0","0,0","0,0","0,0","0,0","0,0","1,0","0,0","","","","","","","","","","","","",""
1346,"202313161,0",2023-06-10T00:00:00,08:07:00,COM VÍTIMA,FINALIZADA,AREIAS,AV DR JOSE RUFINO,1050,"",EM FRENTE AO HOSPITAL MARIA VITORIA,AREIAS,"","",COLISÃO TRASEIRA,"2,0","1,0","0,0","0,0","0,0","0,0","0,0","0,0","0,0","2,0","0,0","","","","","","","","","","","","",""
1347,"202313163,0",2023-06-10T00:00:00,08:09:00,COM VÍTIMA,FINALIZADA,BEBERIBE,AV BEBERIBE,4217,"",EM FRENTE A BORRACHARIA SÃO LUIZ,BEBERIBE,"","",COLISÃO LATERAL,"1,0","1,0","0,0","0,0","0,0","0,0","0,0","0,0","0,0","1,0","0,0","","","","","","","","","","","","",""
1348,"202313174,0",2023-06-10T00:00:00,09:17:00,COM VÍTIMA,CANCELADA,BOA VIAGEM,RUA BALTAZAR PASSOS,155,"","",BOA VIAGEM,"","",QUEDA,"0,0","1,0","0,0","0,0","0,0","0,0","0,0","0,0","0,0","1,0","0,0","","","","","","","","","","","","",""
1349,"202313175,0",2023-06-10T00:00:00,09:21:00,COM VÍTIMA,FINALIZADA,IMBIRIBEIRA,AV MARECHAL MASCARENHAS DE MORAES,"","",DE ESQUINA COM AFERREIRA COSTA,IMBIRIBEIRA,"","",COLISÃO TRASEIRA,"0,0","2,0","0,0","0,0","0,0","0,0","0,0","0,0","0,0","4,0","0,0","","","","","","","","","","","","",""
1350,"202313177,0",2023-06-10T00:00:00,09:26:00,COM VÍTIMA,CANCELADA,ILHA DO RETIRO,EST DOS REMEDIOS,1603,"",EM FRENTE A HYUNDAI DA ESTRADA DOS REMEDIOS,ILHA DO RETIRO,"390,0","",COLISÃO LATERAL,"1,0","1,0","0,0","0,0","0,0","0,0","0,0","0,0","0,0","2,0","0,0","","","","","","","","","","","","",""
1351,"202313181,0",2023-06-10T00:00:00,09:51:00,COM VÍTIMA,FINALIZADA,MADALENA,TUNEL DA ABOLICAO,"","",DENTRO DO TUNEL,MADALENA,"","",COLISÃO LATERAL,"0,0","2,0","0,0","0,0","0,0","0,0","0,0","0,0","0,0","1,0","0,0","","","","","","","","","","","","",""
1352,"202313190,0",2023-06-10T00:00:00,11:06:00,COM VÍTIMA,FINALIZADA,CASA AMARELA,RUA PAULA BATISTA,408,"",EM FRENTE A ACADEMIA CONCEPT FIT,CASA AMARELA,"","",COLISÃO LATERAL,"2,0","1,0","0,0","0,0","0,0","0,0","0,0","0,0","0,0","1,0","0,0","","","","","","","","","","","","",""
1353,"202313194,0",2023-06-10T00:00:00,11:37:00,COM VÍTIMA,FINALIZADA,ESPINHEIRO,AV GOVERNADOR AGAMENON MAGALHAES,"","",EM FRENTE AO CREA PE,ESPINHEIRO,"","",QUEDA,"0,0","1,0","0,0","0,0","0,0","0,0","0,0","0,0","0,0","1,0","0,0","","","","","","","","","","","","",""
1354,"202313195,0",2023-06-10T00:00:00,11:39:00,COM VÍTIMA,CANCELADA,CASA AMARELA,RUA PAULA BATISTA,197,"","",CASA AMARELA,"","",COLISÃO LATERAL,"0,0","0,0","0,0","0,0","0,0","0,0","0,0","0,0","0,0","1,0","0,0","","","","","","","","","","","","",""
1355,"202313197,0",2023-06-10T00:00:00,11:57:00,COM VÍTIMA,FINALIZADA,IMBIRIBEIRA,AV MARECHAL MASCARENHAS DE MORAES,2885,"",EM FRENTE A MADECENTER,IMBIRIBEIRA,"","",COLISÃO FRONTAL,"1,0","1,0","0,0","0,0","0,0","0,0","0,0","0,0","0,0","2,0","0,0","","","","","","","","","","","","",""
1356,"202313199,0",2023-06-10T00:00:00,12:14:00,COM VÍTIMA,FINALIZADA,ENCRUZILHADA,AV BEBERIBE,"","","AO LADO DA PAGUE MENOS, PRAÇA LARGO DA ENCRUZILHADA",ENCRUZILHADA,"","",COLISÃO TRASEIRA,"1,0","1,0","0,0","0,0","0,0","0,0","0,0","0,0","0,0","1,0","0,0","","","","","","","","","","","","",""
1357,"202313206,0",2023-06-10T00:00:00,01:11:00,COM VÍTIMA,FINALIZADA,IMBIRIBEIRA,AV MARECHAL MASCARENHAS DE MORAES,26,"",AO LADO DO AEROPORTO  EM BAIXO DO VIADUTO,IMBIRIBEIRA,"","",CHOQUE,"0,0","1,0","0,0","0,0","0,0","0,0","0,0","0,0","0,0","1,0","0,0","","","","","","","","","","","","",""
1358,"202313207,0",2023-06-10T00:00:00,01:17:00,COM VÍTIMA,FINALIZADA,CASA FORTE,RUA LEONARDO BEZERRA CAVALCANTE,40,"",ANTIGO HIPER CASA FORTE,CASA FORTE,"","",COLISÃO LATERAL,"1,0","1,0","0,0","0,0","0,0","0,0","0,0","0,0","0,0","2,0","0,0","","","","","","","","","","","","",""
1359,"202313208,0",2023-06-10T00:00:00,01:48:00,COM VÍTIMA,FINALIZADA,AGUA FRIA,AV BEBERIBE,"","",E/F AO MAGAZINE LUIZA  AO LADO DO MERCADO DE AGUA FRIA,AGUA FRIA,"","",COLISÃO LATERAL,"1,0","1,0","0,0","0,0","0,0","0,0","0,0","0,0","0,0","1,0","0,0","","","","","","","","","","","","",""
1360,"202313211,0",2023-06-10T00:00:00,01:53:00,COM VÍTIMA,FINALIZADA,IBURA,AV DOIS RIOS,1252,"",FARMÁCIA PAGUE MENOS  NO SEMAFORO 323,IBURA,"323,0","",COLISÃO LATERAL,"1,0","1,0","0,0","0,0","0,0","0,0","0,0","0,0","0,0","1,0","0,0","","","","","","","","","","","","",""
1361,"202313220,0",2023-06-10T00:00:00,04:13:00,COM VÍTIMA,FINALIZADA,CAMPO GRANDE,EST DE BELEM,1177,"",E/F A DROGASIL,CAMPO GRANDE,"","",COLISÃO LATERAL,"1,0","1,0","0,0","0,0","0,0","0,0","0,0","0,0","0,0","1,0","0,0","","","","","","","","","","","","",""
1362,"202313242,0",2023-06-11T00:00:00,12:32:00,COM VÍTIMA,FINALIZADA,BARRO,RUA PADRE DIOGO RODRIGUES,394,"",ARMAZÉM ESQUINA DA CONSTRUÇÃO,BARRO,"","",COLISÃO TRANSVERSAL,"1,0","1,0","0,0","0,0","0,0","0,0","0,0","0,0","0,0","1,0","0,0","","","","","","","","","","","","",""
1363,"202313297,0",2023-06-11T00:00:00,04:57:00,SEM VÍTIMA,FINALIZADA,ALTO SANTA TERESINHA,AV ANIBAL BENEVOLO,1030,"","",ALTO SANTA TERESINHA,"",SUBURBIO,"","1,0","0,0","0,0","0,0","0,0","0,0","0,0","1,0","0,0","0,0","0,0","","","","","","","","","","","","",""
1364,"202313302,0",2023-06-11T00:00:00,05:49:00,SEM VÍTIMA,FINALIZADA,DOIS IRMAOS,RUA DOIS IRMAOS,980,"",PRÓXIMO A ARENA DOIS IRMÃOS,DOIS IRMAOS,"",CIDADE,COLISÃO TRASEIRA,"2,0","0,0","0,0","0,0","0,0","0,0","0,0","0,0","0,0","0,0","0,0","","","","","","","","","","","","",""
1365,"202313310,0",2023-06-11T00:00:00,07:30:00,COM VÍTIMA,CANCELADA,TEJIPIO,AV PADRE IBIAPINA,420,"","",TEJIPIO,"","",COLISÃO FRONTAL,"0,0","1,0","0,0","0,0","0,0","0,0","0,0","0,0","0,0","1,0","0,0","","","","","","","","","","","","",""
1366,"202313311,0",2023-06-11T00:00:00,07:53:00,SEM VÍTIMA,FINALIZADA,IMBIRIBEIRA,AV MARECHAL MASCARENHAS DE MORAES,"","",EM FRENTE AO AEROPORTO INTERNACIONAL DO RECIFE,IMBIRIBEIRA,"",SUBURBIO,"","2,0","0,0","0,0","0,0","0,0","0,0","0,0","0,0","0,0","0,0","0,0","","","","","","","","","","","","",""
1367,"202313312,0",2023-06-11T00:00:00,08:08:00,COM VÍTIMA,FINALIZADA,TEJIPIO,AV PADRE IBIAPINA,420,"",PROX A IAGREJA DO GALO,TEJIPIO,"","",COLISÃO LATERAL,"1,0","1,0","0,0","0,0","0,0","0,0","0,0","0,0","0,0","1,0","0,0","","","","","","","","","","","","",""
1368,"202313313,0",2023-06-11T00:00:00,08:13:00,SEM VÍTIMA,FINALIZADA,DERBY,AV GOVERNADOR AGAMENON MAGALHAES,"",RUA HENRIQUE DIAS,SEMÁFORO 068,DERBY,"68,0",SUBURBIO,CHOQUE,"1,0","0,0","0,0","0,0","0,0","0,0","0,0","0,0","0,0","0,0","0,0","","","","","","","","","","","","",""
1369,"202313317,0",2023-06-12T00:00:00,12:50:00,SEM VÍTIMA,FINALIZADA,SANTO ANTONIO,AV DANTAS BARRETO,"",AV GUARARAPES,SEMAFORO Nº 015,SANTO ANTONIO,"15,0","",COLISÃO LATERAL,"0,0","0,0","0,0","0,0","0,0","1,0","0,0","0,0","1,0","0,0","0,0","","","","","","","","","","","","",""
1370,"202313342,0",2023-06-12T00:00:00,08:57:00,SEM VÍTIMA,FINALIZADA,COELHOS,RUA DOS COELHOS,"",RUA PADRE VENANCIO,UNIDADE DE SAÚDE DA FAMÍLIA COELHOS,COELHOS,"",CIDADE,"","1,0","0,0","0,0","0,0","0,0","1,0","0,0","0,0","0,0","0,0","0,0","","","","","","","","","","","","",""
1371,"202313349,0",2023-06-12T00:00:00,09:23:00,COM VÍTIMA,FINALIZADA,SAO JOSE,AV SUL,1115B,"","",SAO JOSE,"","",COLISÃO TRASEIRA,"0,0","0,0","0,0","0,0","0,0","0,0","0,0","0,0","0,0","1,0","0,0","","","","","","","","","","","","",""
1372,"202313351,0",2023-06-12T00:00:00,10:02:00,COM VÍTIMA,CANCELADA,CORDEIRO,RUA AMALIA,266,"","",CORDEIRO,"","",COLISÃO COM CICLISTA,"0,0","1,0","0,0","1,0","0,0","0,0","0,0","0,0","0,0","1,0","0,0","","","","","","","","","","","","",""
1373,"202313370,0",2023-06-12T00:00:00,01:07:00,COM VÍTIMA,FINALIZADA,BOA VISTA,RUA JOAO FERNANDES VIEIRA,118,"","",BOA VISTA,"","",COLISÃO FRONTAL,"0,0","1,0","0,0","0,0","0,0","0,0","0,0","0,0","0,0","1,0","0,0","","","","","","","","","","","","",""
1374,"202313385,0",2023-06-12T00:00:00,02:37:00,COM VÍTIMA,FINALIZADA,PINA,AV HERCULANO BANDEIRA,"","",ATACADÃP DA CONSTRUÇÃO,PINA,"","",COLISÃO LATERAL,"1,0","1,0","0,0","0,0","0,0","0,0","0,0","0,0","0,0","1,0","0,0","","","","","","","","","","","","",""
1375,"202313386,0",2023-06-12T00:00:00,03:05:00,COM VÍTIMA,FINALIZADA,PINA,AV HERCULANO BANDEIRA,"","",ATACADÃP DA CONSTRUÇÃO,PINA,"","",COLISÃO LATERAL,"1,0","1,0","0,0","0,0","0,0","0,0","0,0","0,0","0,0","1,0","0,0","","","","","","","","","","","","",""
1376,"202313387,0",2023-06-12T00:00:00,03:29:00,COM VÍTIMA,FINALIZADA,MADALENA,AV JOSE GONCALVES DE MEDEIROS,107,"",EM FRENTE AO ESTACIONAMENTO DO ANTIGO EXTRA E A CARLITOS BURGUER,MADALENA,"","",COLISÃO FRONTAL,"1,0","1,0","0,0","0,0","0,0","0,0","0,0","0,0","0,0","1,0","0,0","","","","","","","","","","","","",""
1377,"202313397,0",2023-06-12T00:00:00,06:36:00,COM VÍTIMA,FINALIZADA,ILHA DO RETIRO,EST DOS REMEDIOS,1891,"",CEMEVE - CENTRO ESPECIALIZADO EM MEDICINA VETERINARIA,ILHA DO RETIRO,"","",COLISÃO LATERAL,"1,0","1,0","0,0","0,0","0,0","0,0","0,0","0,0","0,0","1,0","0,0","","","","","","","","","","","","",""
1378,"202313407,0",2023-06-12T00:00:00,09:07:00,COM VÍTIMA,FINALIZADA,IPUTINGA,AV CAXANGA,"","",EM FRENTE A ESCOLA TECNICA ESTADUAL ETE,IPUTINGA,"",CIDADE,ATROPELAMENTO DE PESSOA,"1,0","0,0","0,0","0,0","1,0","0,0","0,0","0,0","0,0","1,0","0,0","","","","","","","","","","","","",""
1379,"202313425,0",2023-06-13T00:00:00,07:22:00,COM VÍTIMA,FINALIZADA,IMBIRIBEIRA,AV MARECHAL MASCARENHAS DE MORAES,"","",EM FRENTE AO AEROPORTO,IMBIRIBEIRA,"","",COLISÃO TRASEIRA,"0,0","1,0","0,0","0,0","0,0","1,0","0,0","0,0","0,0","1,0","0,0","","","","","","","","","","","","",""
1380,"202313431,0",2023-06-13T00:00:00,08:02:00,COM VÍTIMA,FINALIZADA,JORDAO,RUA NOVA CANAA,1818,"",PROX AO TERMINAL DE ONIBUS DE JORDÃO BAIXO,JORDAO,"","",ATROPELAMENTO DE PESSOA,"0,0","1,0","0,0","0,0","2,0","0,0","0,0","0,0","0,0","3,0","0,0","","","","","","","","","","","","",""
1381,"202313433,0",2023-06-13T00:00:00,08:21:00,COM VÍTIMA,FINALIZADA,IMBIRIBEIRA,AV MARECHAL MASCARENHAS DE MORAES,"","",EM FRENTE AO VENEZA CONSTRUÇÃO,IMBIRIBEIRA,"","",COLISÃO TRASEIRA,"1,0","1,0","0,0","0,0","0,0","0,0","0,0","0,0","0,0","1,0","0,0","","","","","","","","","","","","",""
1382,"202313440,0",2023-06-13T00:00:00,09:14:00,COM VÍTIMA,FINALIZADA,PRADO,RUA ALFREDO PEREIRA BORBA,28,"","",PRADO,"","",COLISÃO FRONTAL,"0,0","1,0","0,0","0,0","0,0","0,0","0,0","0,0","0,0","1,0","0,0","","","","","","","","","","","","",""
1383,"202313441,0",2023-06-13T00:00:00,09:28:00,COM VÍTIMA,FINALIZADA,CASA AMARELA,AV NORTE MIGUEL ARRAES DE ALENCAR,"","",PRÓXIMO AO SUPERMERCADO DESKONTÃO,CASA AMARELA,"","",ATROPELAMENTO DE PESSOA,"0,0","1,0","0,0","0,0","1,0","0,0","0,0","0,0","0,0","1,0","0,0","","","","","","","","","","","","",""
1384,"202313453,0",2023-06-13T00:00:00,12:57:00,COM VÍTIMA,CANCELADA,ARRUDA,RUA ZEFERINO AGRA,"","","",ARRUDA,"","",COLISÃO LATERAL,"0,0","2,0","0,0","0,0","0,0","0,0","0,0","0,0","0,0","1,0","0,0","","","","","","","","","","","","",""
1385,"202313457,0",2023-06-13T00:00:00,02:01:00,COM VÍTIMA,FINALIZADA,SANTO AMARO,AV CRUZ CABUGA,"","",EM FRENTE A SANTA CASA,SANTO AMARO,"",RECIFE,COLISÃO TRASEIRA,"0,0","1,0","0,0","0,0","0,0","1,0","0,0","0,0","0,0","1,0","0,0","","","","","","","","","","","","",""
1386,"202313480,0",2023-06-13T00:00:00,06:18:00,COM VÍTIMA,CANCELADA,VASCO DA GAMA,RUA DOIS DE FEVEREIRO,"","",PROX AO LAR DO DOM LUIZ,VASCO DA GAMA,"","",ATROPELAMENTO DE PESSOA,"1,0","0,0","0,0","0,0","1,0","0,0","0,0","0,0","0,0","1,0","0,0","","","","","","","","","","","","",""
1387,"202313485,0",2023-06-13T00:00:00,07:25:00,COM VÍTIMA,FINALIZADA,IPUTINGA,PRC BOM PASTOR,181,"",AO LADO DO BOM PASTOR NO CRUZAMENTO,IPUTINGA,"","",COLISÃO COM CICLISTA,"1,0","0,0","0,0","1,0","0,0","0,0","0,0","0,0","0,0","1,0","0,0","","","","","","","","","","","","",""
1388,"202313490,0",2023-06-13T00:00:00,09:43:00,COM VÍTIMA,FINALIZADA,ESTANCIA,AV RECIFE,"","",LADO OPOSTO AO HOTEL ESTORIL,ESTANCIA,"","",COLISÃO TRASEIRA,"0,0","2,0","0,0","0,0","0,0","0,0","0,0","0,0","0,0","3,0","0,0","","","","","","","","","","","","",""
1389,"202313507,0",2023-06-14T00:00:00,08:37:00,COM VÍTIMA,FINALIZADA,SANTO AMARO,RUA AURORA,"","",PONTE DO LIMOEIRO,SANTO AMARO,"243,0",CIDADE,COLISÃO LATERAL,"1,0","1,0","0,0","0,0","0,0","0,0","0,0","0,0","0,0","1,0","0,0","","","","","","","","","","","","",""
1390,"202313517,0",2023-06-14T00:00:00,08:01:00,COM VÍTIMA,FINALIZADA,AFOGADOS,RUA VINTE E UM DE ABRIL,1717,"",EM FRENTE A LA FAIETE MODAS,AFOGADOS,"","",COLISÃO TRASEIRA,"0,0","2,0","0,0","0,0","0,0","0,0","0,0","0,0","0,0","3,0","0,0","","","","","","","","","","","","",""
1391,"202313522,0",2023-06-14T00:00:00,08:43:00,COM VÍTIMA,FINALIZADA,PRADO,RUA CARLOS GOMES,105,"",EM FRENTE A CLINICA AME SAUDE,PRADO,"","",COLISÃO TRASEIRA,"1,0","1,0","0,0","0,0","0,0","0,0","0,0","0,0","0,0","1,0","0,0","","","","","","","","","","","","",""
1392,"202313524,0",2023-06-14T00:00:00,09:15:00,COM VÍTIMA,FINALIZADA,MACAXEIRA,AV NORTE MIGUEL ARRAES DE ALENCAR,"",AV JOSE AMERICO DE ALMEIDA,EM FRENTE AO PARUQE DA MACAXEIRA,MACAXEIRA,"671,0","",COLISÃO LATERAL,"0,0","1,0","0,0","0,0","0,0","1,0","0,0","0,0","0,0","1,0","0,0","","","","","","","","","","","","",""
1393,"202313531,0",2023-06-14T00:00:00,09:59:00,COM VÍTIMA,FINALIZADA,ESTANCIA,RUA MORAIS E SILVA,"","",PROX A CRECHE NOSSO SENHOR JESUS DO BONFIM,ESTANCIA,"","",COLISÃO LATERAL,"1,0","1,0","0,0","0,0","0,0","0,0","0,0","0,0","0,0","1,0","0,0","","","","","","","","","","","","",""
1394,"202313532,0",2023-06-14T00:00:00,10:01:00,COM VÍTIMA,FINALIZADA,IPSEP,RUA MACHADO DE ASSIS,"","","",IPSEP,"","",COLISÃO LATERAL,"0,0","1,0","0,0","0,0","0,0","0,0","0,0","0,0","0,0","5,0","0,0","","","","","","","","","","","","",""
1395,"202313535,0",2023-06-14T00:00:00,10:09:00,COM VÍTIMA,FINALIZADA,VARZEA,AV CAXANGA,"","",EM FRENTE AO GOLF CLUBE,VARZEA,"","",QUEDA,"0,0","1,0","0,0","0,0","0,0","0,0","0,0","0,0","0,0","1,0","0,0","","","","","","","","","","","","",""
1396,"202313536,0",2023-06-14T00:00:00,10:17:00,COM VÍTIMA,FINALIZADA,CASA AMARELA,AV NORTE MIGUEL ARRAES DE ALENCAR,"","","",CASA AMARELA,"","",COLISÃO FRONTAL,"0,0","1,0","0,0","0,0","0,0","0,0","0,0","0,0","0,0","1,0","0,0","","","","","","","","","","","","",""
1397,"202313538,0",2023-06-14T00:00:00,10:23:00,SEM VÍTIMA,FINALIZADA,BOA VISTA,RUA DO PRINCIPE,652,"",PRÓXIMO À UNICAP,BOA VISTA,"",CIDADE,COLISÃO TRASEIRA,"1,0","0,0","0,0","0,0","0,0","0,0","0,0","1,0","0,0","0,0","0,0","","","","","","","","","","","","",""
1398,"202313543,0",2023-06-14T00:00:00,11:21:00,COM VÍTIMA,DUPLICIDADE,SANTO AMARO,AV JOAO DE BARROS,"",RUA MONTE CASTELO,"COLISÃO, UM DOS CONDUTORES POSSIVELMENTE  NÃO HABILITADO",SANTO AMARO,"","",COLISÃO LATERAL,"0,0","0,0","0,0","0,0","0,0","0,0","0,0","0,0","0,0","1,0","0,0","","","","","","","","","","","","",""
1399,"202313545,0",2023-06-14T00:00:00,11:32:00,COM VÍTIMA,FINALIZADA,BOA VISTA,AV JOAO DE BARROS,"",RUA MONTE CASTELO,NO SEMAFORO 356,BOA VISTA,"","",COLISÃO LATERAL,"0,0","2,0","0,0","0,0","0,0","0,0","0,0","0,0","0,0","1,0","0,0","","","","","","","","","","","","",""