_id,Protocolo,data,hora,natureza_acidente,situacao,bairro,endereco,numero,detalhe_endereco_acidente,complemento,bairro_cruzamento,num_semaforo,sentido_via,tipo,auto,moto,ciclom,ciclista,pedestre,onibus,caminhao,viatura,outros,vitimas,vitimasfatais,acidente_verificado,tempo_clima,situacao_semaforo,sinalizacao,condicao_via,conservacao_via,ponto_controle,situacao_placa,velocidade_max_via,mao_direcao,divisao_via1,divisao_via2,divisao_via3
1475,"202314115,0",2023-06-20T00:00:00,08:11:00,COM VÍTIMA,FINALIZADA,PINA,AVENIDA CELSO FURTADO (VIA MANGUE),"","","SENT. BOA VIAGEM, NA ENTRADA DO COLEGIO CBV",PINA,"","",COLISÃO LATERAL,"1,0","1,0","0,0","0,0","0,0","0,0","0,0","0,0","0,0","1,0","0,0","","","","","","","","","","","","",""
1476,"202314116,0",2023-06-20T00:00:00,08:09:00,COM VÍTIMA,DUPLICIDADE,BOA VIAGEM,RUA PROFESSOR EDUARDO WANDERLEY FILHO,"",AVENIDA CELSO FURTADO (VIA MANGUE),"",BOA VIAGEM,"","",COLISÃO TRANSVERSAL,"0,0","0,0","0,0","0,0","0,0","0,0","0,0","0,0","0,0","1,0","0,0","","","","","","","","","","","","",""
1477,"202314124,0",2023-06-20T00:00:00,09:08:00,COM VÍTIMA,FINALIZADA,APIPUCOS,RUA DE APIPUCOS,235,"",AO LADO DA RESIDENCIA 235,APIPUCOS,"",CIDADE,COLISÃO TRASEIRA,"1,0","1,0","0,0","0,0","0,0","0,0","0,0","0,0","0,0","1,0","0,0","","","","","","","","","","","","",""
1478,"202314126,0",2023-06-20T00:00:00,09:29:00,COM VÍTIMA,FINALIZADA,AREIAS,AV DR JOSE RUFINO,"","",EM FRENTE AO CONVENTO DO BARRO,AREIAS,"","",COLISÃO LATERAL,"0,0","1,0","0,0","0,0","0,0","0,0","1,0","0,0","0,0","2,0","0,0","","","","","","","","","","","","",""
1479,"202314128,0",2023-06-20T00:00:00,09:41:00,COM VÍTIMA,FINALIZADA,DERBY,PRC DO DERBY,"","",EM FRENTE AO QUARTEL DO DERBY,DERBY,"","",COLISÃO TRASEIRA,"1,0","1,0","0,0","0,0","0,0","0,0","0,0","0,0","0,0","1,0","0,0","","","","","","","","","","","","",""
1480,"202314130,0",2023-06-20T00:00:00,09:49:00,COM VÍTIMA,CANCELADA,IPSEP,AV RECIFE,"","","",IPSEP,"","","","0,0","0,0","0,0","0,0","0,0","0,0","0,0","0,0","0,0","1,0","0,0","","","","","","","","","","","","",""
1481,"202314131,0",2023-06-20T00:00:00,10:05:00,COM VÍTIMA,FINALIZADA,PRADO,RUA PADRE TEOFILO TWORZ,"","",PROX A IGREJA PRESBITERIANA DO PRADO,PRADO,"","",COLISÃO LATERAL,"1,0","1,0","0,0","0,0","0,0","0,0","0,0","0,0","0,0","1,0","0,0","","","","","","","","","","","","",""
1482,"202314137,0",2023-06-20T00:00:00,11:08:00,SEM VÍTIMA,CANCELADA,PAISSANDU,AV GOVERNADOR AGAMENON MAGALHAES,"","",SENT. BOA VIAGEM NO INICIO DO VIADUTO APOS O HOSPITAL PORTUGUES,PAISSANDU,"","",COLISÃO TRASEIRA,"0,0","1,0","0,0","0,0","0,0","1,0","0,0","0,0","0,0","0,0","0,0","","","","","","","","","","","","",""
1483,"202314150,0",2023-06-20T00:00:00,02:06:00,COM VÍTIMA,FINALIZADA,PINA,AV HERCULANO BANDEIRA,491,"",IGREJA DO PINA,PINA,"","",COLISÃO TRASEIRA,"2,0","0,0","0,0","0,0","0,0","0,0","0,0","0,0","0,0","1,0","0,0","","","","","","","","","","","","",""
1484,"202314156,0",2023-06-20T00:00:00,02:51:00,COM VÍTIMA,FINALIZADA,IMBIRIBEIRA,AV MARECHAL MASCARENHAS DE MORAES,"","",EM FRENTE A FLOR E ART,IMBIRIBEIRA,"",CIDADE,ATROPELAMENTO DE PESSOA,"0,0","0,0","0,0","0,0","1,0","1,0","0,0","0,0","0,0","1,0","0,0","","","","","","","","","","","","",""
1485,"202314159,0",2023-06-20T00:00:00,03:01:00,COM VÍTIMA,FINALIZADA,IPSEP,RUA BLUMENAU,386,"",PROX A GUILHERME BIKE,IPSEP,"","",COLISÃO LATERAL,"1,0","1,0","0,0","0,0","0,0","0,0","0,0","0,0","0,0","1,0","0,0","","","","","","","","","","","","",""
1486,"202314160,0",2023-06-20T00:00:00,03:20:00,COM VÍTIMA,FINALIZADA,BOA VISTA,RUA DA AURORA,"","",PROX AO SEMAFORO,BOA VISTA,"90,0","",COLISÃO COM CICLISTA,"0,0","1,0","0,0","1,0","0,0","0,0","0,0","0,0","0,0","2,0","0,0","","","","","","","","","","","","",""
1487,"202314176,0",2023-06-20T00:00:00,05:13:00,SEM VÍTIMA,FINALIZADA,BOA VISTA,AV GOVERNADOR AGAMENON MAGALHAES,"","","",BOA VISTA,"","",COLISÃO TRASEIRA,"2,0","0,0","0,0","0,0","0,0","0,0","0,0","0,0","0,0","0,0","0,0","","","","","","","","","","","","",""
1488,"202314179,0",2023-06-20T00:00:00,05:24:00,COM VÍTIMA,FINALIZADA,SANTO ANTONIO,RUA PADRE MUNIZ,"","",EM FRENTE A IGREJA MATRIZ DE SÃO JOSÉ DO RIBAMAR,SANTO ANTONIO,"","",QUEDA,"0,0","1,0","0,0","0,0","0,0","0,0","0,0","0,0","0,0","1,0","0,0","","","","","","","","","","","","",""
1489,"202314189,0",2023-06-20T00:00:00,07:03:00,SEM VÍTIMA,FINALIZADA,SAO JOSE,AV DANTAS BARRETO,1080,RUA PASSO DA PATRIA,"",SAO JOSE,"","",CHOQUE,"0,0","0,0","0,0","0,0","0,0","0,0","1,0","0,0","0,0","0,0","0,0","","","","","","","","","","","","",""
1490,"202314197,0",2023-06-20T00:00:00,11:45:00,SEM VÍTIMA,CANCELADA,TORRE,RUA CONDE DE IRAJA,"",AV BEIRA RIO,"",TORRE,"","",COLISÃO TRANSVERSAL,"0,0","0,0","0,0","0,0","0,0","0,0","0,0","0,0","0,0","0,0","0,0","","","","","","","","","","","","",""
1491,"202314204,0",2023-06-21T00:00:00,06:25:00,COM VÍTIMA,FINALIZADA,IPUTINGA,AV CAXANGA,"","","PROX AO ANTIGO HIPER BOM PREÇO, PROX AO SEMAFORO 533",IPUTINGA,"","",COLISÃO LATERAL,"1,0","0,0","0,0","1,0","0,0","0,0","0,0","0,0","0,0","1,0","0,0","","","","","","","","","","","","",""
1492,"202314215,0",2023-06-21T00:00:00,07:34:00,COM VÍTIMA,CANCELADA,BOA VIAGEM,AVENIDA CELSO FURTADO (VIA MANGUE),2807,"","",BOA VIAGEM,"","",QUEDA,"0,0","0,0","0,0","0,0","0,0","0,0","0,0","0,0","0,0","1,0","0,0","","","","","","","","","","","","",""
1493,"202314216,0",2023-06-21T00:00:00,07:37:00,COM VÍTIMA,FINALIZADA,PINA,AVENIDA CELSO FURTADO (VIA MANGUE),"","",UM POUCO ANTES DO PRIMEIRO RETORNO,PINA,"","",COLISÃO TRASEIRA,"1,0","1,0","0,0","0,0","0,0","0,0","0,0","0,0","0,0","1,0","0,0","","","","","","","","","","","","",""
1494,"202314219,0",2023-06-21T00:00:00,07:40:00,COM VÍTIMA,CANCELADA,DOIS IRMAOS,RUA MANUEL DE MEDEIROS,347,"","",DOIS IRMAOS,"","","","0,0","0,0","0,0","0,0","0,0","0,0","0,0","0,0","0,0","1,0","0,0","","","","","","","","","","","","",""
1495,"202314221,0",2023-06-21T00:00:00,07:45:00,COM VÍTIMA,FINALIZADA,CASA FORTE,RUA JORGE GOMES DE SA,354,"",EM FRENTE AO PARQUE SANTANA,CASA FORTE,"","",QUEDA,"0,0","0,0","0,0","0,0","0,0","0,0","0,0","0,0","0,0","1,0","0,0","","","","","","","","","","","","",""
1496,"202314223,0",2023-06-21T00:00:00,07:59:00,COM VÍTIMA,FINALIZADA,SANTO AMARO,RUA TREZE DE MAIO,207,"",EM FRENTE A O PREDIO EM CONSTRUÇÃO DO MINISTERIO PUBLICO,SANTO AMARO,"","",COLISÃO FRONTAL,"0,0","1,0","0,0","0,0","0,0","0,0","1,0","0,0","0,0","1,0","0,0","","","","","","","","","","","","",""
1497,"202314224,0",2023-06-21T00:00:00,08:00:00,COM VÍTIMA,FINALIZADA,PINA,AVENIDA CELSO FURTADO (VIA MANGUE),"","",NO INICIO DA VIA MANGUE SENT. RIO MAR,PINA,"","",COLISÃO LATERAL,"1,0","1,0","0,0","0,0","0,0","0,0","0,0","0,0","0,0","1,0","0,0","","","","","","","","","","","","",""
1498,"202314225,0",2023-06-21T00:00:00,08:09:00,COM VÍTIMA,FINALIZADA,DERBY,AV GOVERNADOR AGAMENON MAGALHAES,5621,"",EM FRENTE AO HR,DERBY,"",BOA VIAGEM,COLISÃO TRASEIRA,"0,0","2,0","0,0","0,0","0,0","0,0","0,0","0,0","0,0","1,0","0,0","","","","","","","","","","","","",""
1499,"202314226,0",2023-06-21T00:00:00,08:11:00,COM VÍTIMA,CANCELADA,CASA AMARELA,RUA DA HARMONIA,656,"","",CASA AMARELA,"","","","0,0","0,0","0,0","0,0","0,0","0,0","0,0","0,0","0,0","1,0","0,0","","","","","","","","","","","","",""
1500,"202314230,0",2023-06-21T00:00:00,08:47:00,COM VÍTIMA,FINALIZADA,CORDEIRO,RUA MANOEL ESTEVAO DA COSTA,"",RUA DIANOPOLIS,EM FRENTE AO POSTO DE GASOLINA PETROCAL,CORDEIRO,"","",COLISÃO LATERAL,"1,0","1,0","0,0","0,0","0,0","0,0","0,0","0,0","0,0","1,0","0,0","","","","","","","","","","","","",""
1501,"202314268,0",2023-06-21T00:00:00,02:18:00,COM VÍTIMA,FINALIZADA,BARRO,AV CENTRAL,81,"",SAIDA DA ESTAÇÃO DO BARRO SENTIDO PRAZERES,BARRO,"","",COLISÃO FRONTAL,"1,0","1,0","0,0","0,0","0,0","0,0","0,0","0,0","0,0","1,0","0,0","","","","","","","","","","","","",""
1502,"202314274,0",2023-06-21T00:00:00,02:44:00,COM VÍTIMA,FINALIZADA,ROSARINHO,AV NORTE MIGUEL ARRAES DE ALENCAR,3301,"",LOJA DO PADEIRÃO / LIVRARIA MAC,ROSARINHO,"","",COLISÃO LATERAL,"1,0","1,0","0,0","0,0","0,0","0,0","0,0","0,0","0,0","1,0","0,0","","","","","","","","","","","","",""
1503,"202314278,0",2023-06-21T00:00:00,03:46:00,SEM VÍTIMA,FINALIZADA,ILHA DO LEITE,AV GOVERNADOR AGAMENON MAGALHAES,4775,"",AGENCIA ILHA DO LEITE CAIXA ECONOMICA FEDERAL,ILHA DO LEITE,"672,0","","","1,0","0,0","0,0","0,0","0,0","0,0","1,0","0,0","0,0","0,0","0,0","","","","","","","","","","","","",""
1504,"202314283,0",2023-06-21T00:00:00,05:02:00,COM VÍTIMA,FINALIZADA,CASA AMARELA,EST DO ARRAIAL,3380,"",AO LADO DA PAGUE MENOS,CASA AMARELA,"","",ATROPELAMENTO DE PESSOA,"0,0","1,0","0,0","0,0","1,0","0,0","0,0","0,0","0,0","1,0","0,0","","","","","","","","","","","","",""
1505,"202314294,0",2023-06-21T00:00:00,06:16:00,SEM VÍTIMA,FINALIZADA,JORDAO,AV MARIA IRENE,1375,"",OFICINA SIDNEY SANTE,JORDAO,"","",COLISÃO TRASEIRA,"2,0","0,0","0,0","0,0","0,0","0,0","0,0","0,0","0,0","0,0","0,0","","","","","","","","","","","","",""
1506,"202314296,0",2023-06-21T00:00:00,06:23:00,COM VÍTIMA,CANCELADA,DOIS IRMAOS,AV LUIZ ANTONIO DE ARAUJO,"","",XX,DOIS IRMAOS,"","",COLISÃO FRONTAL,"1,0","1,0","0,0","0,0","0,0","0,0","0,0","0,0","0,0","1,0","0,0","","","","","","","","","","","","",""
1507,"202314297,0",2023-06-21T00:00:00,06:26:00,SEM VÍTIMA,FINALIZADA,BOA VIAGEM,AVENIDA CELSO FURTADO (VIA MANGUE),"","",APÓS O ASSAÍ ATACADISTA SENTIDO PIEDADE,BOA VIAGEM,"",SUBURBIO,"","2,0","1,0","0,0","0,0","0,0","0,0","0,0","0,0","0,0","0,0","0,0","","","","","","","","","","","","",""
1508,"202314299,0",2023-06-21T00:00:00,06:28:00,COM VÍTIMA,CANCELADA,GRACAS,RUA AMELIA,"","",XX,GRACAS,"","",QUEDA,"0,0","1,0","0,0","0,0","0,0","0,0","0,0","0,0","0,0","1,0","0,0","","","","","","","","","","","","",""
1509,"202314307,0",2023-06-21T00:00:00,06:59:00,COM VÍTIMA,CANCELADA,CAXANGA,AV CAXANGA,"","",EM FRENTE A UPA DA CAXANGA,CAXANGA,"",CIDADE,COLISÃO TRASEIRA,"1,0","1,0","0,0","0,0","0,0","0,0","0,0","0,0","0,0","2,0","0,0","","","","","","","","","","","","",""
1510,"202314310,0",2023-06-21T00:00:00,07:43:00,COM VÍTIMA,FINALIZADA,PARNAMIRIM,AV RUI BARBOSA,"",RUA MUNIZ TAVARES,EM FRENTE AO HOSPITAL MARIA LUCIDA,PARNAMIRIM,"","",COLISÃO FRONTAL,"1,0","1,0","0,0","0,0","0,0","0,0","0,0","0,0","0,0","1,0","0,0","","","","","","","","","","","","",""
1511,"202314311,0",2023-06-21T00:00:00,07:47:00,COM VÍTIMA,CANCELADA,BOA VISTA,RUA GERVASIO PIRES,"",RUA DO RIACHUELO,HOSPITAL DO EXERCITO,BOA VISTA,"","",COLISÃO LATERAL,"1,0","1,0","0,0","0,0","0,0","0,0","0,0","0,0","0,0","1,0","0,0","","","","","","","","","","","","",""
1512,"202314336,0",2023-06-22T00:00:00,08:18:00,COM VÍTIMA,FINALIZADA,CORDEIRO,EST DO FORTE DO ARRAIAL N. DO B. JESUS,122,"",PROXIMO CHARQUR GOUMERT,CORDEIRO,"","",COLISÃO LATERAL,"1,0","1,0","0,0","0,0","0,0","0,0","0,0","0,0","0,0","1,0","0,0","","","","","","","","","","","","",""
1513,"202314360,0",2023-06-22T00:00:00,10:52:00,COM VÍTIMA,FINALIZADA,SAO JOSE,AV SUL,"","",POR TRAS DO SEFAZ,SAO JOSE,"","",ATROPELAMENTO DE PESSOA,"1,0","0,0","0,0","0,0","1,0","0,0","0,0","0,0","0,0","1,0","0,0","","","","","","","","","","","","",""
1514,"202314369,0",2023-06-22T00:00:00,11:16:00,COM VÍTIMA,FINALIZADA,AREIAS,AV RECIFE,"","",EM FRENTE SEGURADORA BRINKS,AREIAS,"","",COLISÃO LATERAL,"1,0","1,0","0,0","0,0","0,0","0,0","0,0","0,0","0,0","1,0","0,0","","","","","","","","","","","","",""
1515,"202314370,0",2023-06-22T00:00:00,11:28:00,COM VÍTIMA,DUPLICIDADE,SAO JOSE,AV SUL,"","",POR TRAS DO SEFAZ,SAO JOSE,"","",ATROPELAMENTO DE PESSOA,"1,0","0,0","0,0","0,0","1,0","0,0","0,0","0,0","0,0","1,0","0,0","","","","","","","","","","","","",""
1516,"202314374,0",2023-06-22T00:00:00,11:34:00,COM VÍTIMA,CANCELADA,AREIAS,AV RECIFE,4643,"","",AREIAS,"","",COLISÃO LATERAL,"0,0","0,0","0,0","0,0","0,0","0,0","0,0","0,0","0,0","1,0","0,0","","","","","","","","","","","","",""
1517,"202314379,0",2023-06-22T00:00:00,01:06:00,COM VÍTIMA,FINALIZADA,PARNAMIRIM,RUA FERREIRA LOPES,368,"",RUA DO CONSOLADO CHINES,PARNAMIRIM,"","",COLISÃO TRASEIRA,"1,0","1,0","0,0","0,0","0,0","0,0","0,0","0,0","0,0","1,0","0,0","","","","","","","","","","","","",""
1518,"202314381,0",2023-06-22T00:00:00,01:21:00,COM VÍTIMA,FINALIZADA,MADALENA,RUA JOSE OSORIO,300,"",RM SUPERMERCADO,MADALENA,"","",QUEDA,"0,0","1,0","0,0","0,0","0,0","0,0","0,0","0,0","0,0","1,0","0,0","","","","","","","","","","","","",""
1519,"202314382,0",2023-06-22T00:00:00,01:27:00,COM VÍTIMA,FINALIZADA,JOANA BEZERRA,PTE JOSE DE BARROS LIMA,"","",SOBRE O VIADUTO SENTIDO CENTRO,JOANA BEZERRA,"","",COLISÃO LATERAL,"1,0","1,0","0,0","0,0","0,0","0,0","0,0","0,0","0,0","1,0","0,0","","","","","","","","","","","","",""
1520,"202314394,0",2023-06-22T00:00:00,04:32:00,COM VÍTIMA,FINALIZADA,AGUA FRIA,RUA CORREGO DO DEODATO,154,"",APOS O POSTO  TIA REGINA  PROX ASSEMBLEIA DE DEUS,AGUA FRIA,"","",ATROPELAMENTO DE PESSOA,"0,0","1,0","0,0","0,0","1,0","0,0","0,0","0,0","0,0","1,0","0,0","","","","","","","","","","","","",""
1521,"202314396,0",2023-06-22T00:00:00,04:49:00,COM VÍTIMA,FINALIZADA,CASA AMARELA,EST DO ARRAIAL,4165,"",E/F A FABRICA RECI  POLPA,CASA AMARELA,"","",ATROPELAMENTO DE PESSOA,"0,0","1,0","0,0","0,0","1,0","0,0","0,0","0,0","0,0","1,0","0,0","","","","","","","","","","","","",""
1522,"202314397,0",2023-06-22T00:00:00,04:55:00,COM VÍTIMA,FINALIZADA,PAISSANDU,AV GOVERNADOR AGAMENON MAGALHAES,"","",EM FRENTE AO HOSPITAL PORTUGUES,PAISSANDU,"",SUBURBIO,COLISÃO LATERAL,"1,0","1,0","0,0","0,0","0,0","0,0","0,0","0,0","0,0","2,0","0,0","","","","","","","","","","","","",""
1523,"202314408,0",2023-06-22T00:00:00,06:08:00,SEM VÍTIMA,FINALIZADA,SAN MARTIN,AV ENGENHEIRO ABDIAS DE CARVALHO,1778,"",CHESF,SAN MARTIN,"",CIDADE,COLISÃO TRASEIRA,"2,0","0,0","0,0","0,0","0,0","0,0","0,0","1,0","0,0","0,0","0,0","","","","","","","","","","","","",""
1524,"202314410,0",2023-06-22T00:00:00,06:16:00,COM VÍTIMA,FINALIZADA,MADALENA,RUA BENFICA,780,"",PROX A LOJA MICRO OFIQUE / PROX AO ANTIGO EXTRA,MADALENA,"",CIDADE,COLISÃO LATERAL,"2,0","1,0","0,0","0,0","0,0","0,0","0,0","0,0","0,0","1,0","0,0","","","","","","","","","","","","",""
1525,"202314414,0",2023-06-22T00:00:00,07:52:00,COM VÍTIMA,FINALIZADA,CORDEIRO,AV GENERAL SAN MARTIN,1208,"","""EM FRENTE AO CORREIOS AO LADO DO COMPAZ""",CORDEIRO,"","",COLISÃO LATERAL,"1,0","1,0","0,0","0,0","0,0","0,0","0,0","0,0","0,0","1,0","0,0","","","","","","","","","","","","",""
1526,"202314416,0",2023-06-22T00:00:00,08:17:00,COM VÍTIMA,FINALIZADA,SANTO AMARO,AV PREFEITO ARTUR LIMA CAVALCANTI,"","",PROX A PONTE DO LIMOEIRO,SANTO AMARO,"","",COLISÃO TRASEIRA,"1,0","1,0","0,0","0,0","0,0","0,0","0,0","0,0","0,0","2,0","0,0","","","","","","","","","","","","",""
1527,"202314417,0",2023-06-22T00:00:00,08:29:00,SEM VÍTIMA,FINALIZADA,SANTO ANTONIO,RUA CAMBOA DO CARMO,225,RUA NOVA,"",SANTO ANTONIO,"",CIDADE,CHOQUE,"0,0","0,0","0,0","0,0","0,0","0,0","0,0","1,0","0,0","0,0","0,0","","","","","","","","","","","","",""
1528,"202314424,0",2023-06-23T00:00:00,05:43:00,SEM VÍTIMA,FINALIZADA,DOIS IRMAOS,AV DA RECUPERACAO,"",RUA DOIS IRMAOS,"",DOIS IRMAOS,"416,0",SUBURBIO,CAPOTAMENTO,"1,0","0,0","0,0","0,0","0,0","0,0","0,0","0,0","0,0","0,0","0,0","","","","","","","","","","","","",""
1529,"202314439,0",2023-06-23T00:00:00,11:01:00,COM VÍTIMA,FINALIZADA,CASA AMARELA,AV NORTE MIGUEL ARRAES DE ALENCAR,"","",EM FRENTE A BARRO LIMA E PROXIMO A GARAGEM DA GLOBO,CASA AMARELA,"","",COLISÃO TRASEIRA,"2,0","0,0","0,0","0,0","0,0","0,0","0,0","0,0","0,0","1,0","0,0","","","","","","","","","","","","",""
1530,"202314460,0",2023-06-23T00:00:00,06:58:00,COM VÍTIMA,FINALIZADA,CASA AMARELA,RUA FERREIRA LOPES,419,"",PROX AO SITIO DA TRINDADE,CASA AMARELA,"","",ATROPELAMENTO DE PESSOA,"0,0","1,0","0,0","0,0","1,0","0,0","0,0","0,0","0,0","2,0","0,0","","","","","","","","","","","","",""
1531,"202314462,0",2023-06-23T00:00:00,07:29:00,COM VÍTIMA,FINALIZADA,BOA VIAGEM,RUA CAMBOIM,488,RUA DEZ DE JULHO,"PROX AO OJA ALUGUE BRASIL, ALUGUE DE CARROS",BOA VIAGEM,"","",COLISÃO LATERAL,"1,0","1,0","0,0","0,0","0,0","0,0","0,0","0,0","0,0","2,0","0,0","","","","","","","","","","","","",""
1532,"202314464,0",2023-06-23T00:00:00,08:39:00,COM VÍTIMA,FINALIZADA,BOA VIAGEM,AV BOA VIAGEM,372,"",ED. PENISULA IBERICA E QUIOSQUE 26,BOA VIAGEM,"","",COLISÃO LATERAL,"0,0","2,0","0,0","0,0","0,0","0,0","0,0","0,0","0,0","1,0","0,0","","","","","","","","","","","","",""
1533,"202314465,0",2023-06-23T00:00:00,09:22:00,COM VÍTIMA,FINALIZADA,IBURA,AV DOIS RIOS,"",RUA RIO XINGU,"",IBURA,"351,0","",COLISÃO LATERAL,"1,0","1,0","0,0","0,0","0,0","0,0","0,0","0,0","0,0","1,0","0,0","","","","","","","","","","","","",""
1534,"202314471,0",2023-06-24T00:00:00,01:03:00,COM VÍTIMA,FINALIZADA,TEJIPIO,AV DR JOSE RUFINO,"",AV LIBERDADE,E/F AO QUARTEL DO EXERCITO 4º BCOM,TEJIPIO,"208,0","",COLISÃO FRONTAL,"1,0","1,0","0,0","0,0","0,0","0,0","0,0","0,0","0,0","1,0","0,0","","","","","","","","","","","","",""
1535,"202314497,0",2023-06-24T00:00:00,12:47:00,COM VÍTIMA,FINALIZADA,ROSARINHO,AV SANTOS DUMONT,"","",DE FRENTE AO COLEGIO FAZER CRESCER,ROSARINHO,"","",COLISÃO LATERAL,"1,0","1,0","0,0","0,0","0,0","0,0","0,0","0,0","0,0","1,0","0,0","","","","","","","","","","","","",""
1536,"202314503,0",2023-06-24T00:00:00,01:51:00,SEM VÍTIMA,FINALIZADA,CAJUEIRO,AV BEBERIBE,"",RUA ARAO BOTLER,ACADEMIA DA CIDADE,CAJUEIRO,"","",CHOQUE,"0,0","0,0","0,0","0,0","0,0","0,0","0,0","0,0","0,0","0,0","0,0","","","","","","","","","","","","",""
1537,"202314509,0",2023-06-24T00:00:00,02:45:00,COM VÍTIMA,FINALIZADA,CASA AMARELA,RUA BELA VISTA,202,"",PROX A PIZZARIA CANDELABRO,CASA AMARELA,"","",COLISÃO LATERAL,"1,0","1,0","0,0","0,0","0,0","0,0","0,0","0,0","0,0","1,0","0,0","","","","","","","","","","","","",""
1538,"202314510,0",2023-06-24T00:00:00,03:19:00,COM VÍTIMA,FINALIZADA,BOA VIAGEM,AV BOA VIAGEM,3892,"",PROX AO HOLIDAY E/F AO QUIOSQUE 29,BOA VIAGEM,"","",COLISÃO LATERAL,"1,0","1,0","0,0","0,0","0,0","0,0","0,0","0,0","0,0","1,0","0,0","","","","","","","","","","","","",""
1539,"202314524,0",2023-06-24T00:00:00,07:15:00,COM VÍTIMA,FINALIZADA,AREIAS,AV DR JOSE RUFINO,1495,"",PROX A IGREJA PRESBITERIANA,AREIAS,"","",COLISÃO FRONTAL,"1,0","1,0","0,0","0,0","0,0","0,0","0,0","0,0","0,0","1,0","0,0","","","","","","","","","","","","",""
1540,"202314534,0",2023-06-25T00:00:00,12:16:00,COM VÍTIMA,FINALIZADA,BOA VIAGEM,RUA ERNESTO DE PAULA SANTOS,"",RUA TENENTE DOMINGOS DE BRITO,"",BOA VIAGEM,"330,0","",COLISÃO LATERAL,"0,0","0,0","0,0","0,0","0,0","0,0","0,0","0,0","0,0","1,0","0,0","","","","","","","","","","","","",""
1541,"202314542,0",2023-06-25T00:00:00,09:41:00,COM VÍTIMA,FINALIZADA,MADALENA,RUA BENFICA,"","",EM FRENTE A OFICINA BOSCH,MADALENA,"","",COLISÃO LATERAL,"1,0","1,0","0,0","0,0","0,0","0,0","0,0","0,0","0,0","1,0","0,0","","","","","","","","","","","","",""
1542,"202314545,0",2023-06-25T00:00:00,10:56:00,COM VÍTIMA,FINALIZADA,IBURA,AV PERNAMBUCO,"","",PROX AO COMPAZ,IBURA,"","",COLISÃO LATERAL,"1,0","1,0","0,0","0,0","0,0","0,0","0,0","0,0","0,0","2,0","0,0","","","","","","","","","","","","",""
1543,"202314549,0",2023-06-25T00:00:00,02:12:00,COM VÍTIMA,CANCELADA,IPSEP,AV SALDANHA MARINHO,"","","",IPSEP,"","",COLISÃO LATERAL,"0,0","1,0","0,0","0,0","0,0","0,0","0,0","0,0","0,0","1,0","0,0","","","","","","","","","","","","",""
1544,"202314552,0",2023-06-25T00:00:00,03:23:00,COM VÍTIMA,CANCELADA,JARDIM SAO PAULO,RUA ARLINDO SA,219,"",PROX A SUBWAY,JARDIM SAO PAULO,"","",COLISÃO LATERAL,"1,0","1,0","0,0","0,0","0,0","0,0","0,0","0,0","0,0","2,0","0,0","","","","","","","","","","","","",""
1545,"202314582,0",2023-06-26T00:00:00,07:02:00,COM VÍTIMA,CANCELADA,CASA AMARELA,RUA ALEXANDRINO,289,"","",CASA AMARELA,"","","","0,0","0,0","0,0","0,0","0,0","0,0","0,0","0,0","0,0","1,0","0,0","","","","","","","","","","","","",""
1546,"202314586,0",2023-06-26T00:00:00,07:58:00,SEM VÍTIMA,FINALIZADA,AFOGADOS,RUA SAO MATEUS,1331,"","",AFOGADOS,"","",COLISÃO LATERAL,"1,0","1,0","0,0","0,0","0,0","0,0","0,0","0,0","0,0","0,0","0,0","","","","","","","","","","","","",""
1547,"202314597,0",2023-06-26T00:00:00,08:44:00,COM VÍTIMA,FINALIZADA,JOANA BEZERRA,VDO PAPA JOAO PAULO II,"","",SOBRE VIADUTO PAPA JOÃO PAULO SEGUNDO,JOANA BEZERRA,"",SUB,TOMBAMENTO,"0,0","1,0","0,0","0,0","0,0","0,0","0,0","0,0","0,0","1,0","0,0","","","","","","","","","","","","",""
1548,"202314600,0",2023-06-26T00:00:00,09:54:00,COM VÍTIMA,FINALIZADA,IMBIRIBEIRA,AV MARECHAL MASCARENHAS DE MORAES,841,"",EM FRENTE A D MAGAZINE / PROX A ESTAÇÃO IMBIRIBEIRA SENTIDO AFOGADOS,IMBIRIBEIRA,"","",ATROPELAMENTO DE PESSOA,"0,0","1,0","0,0","0,0","1,0","0,0","0,0","0,0","0,0","1,0","0,0","","","","","","","","","","","","",""
1549,"202314606,0",2023-06-26T00:00:00,11:15:00,COM VÍTIMA,CANCELADA,SAO JOSE,PRC SERGIO LORETO,"","",PROX SEDE DO GALO,SAO JOSE,"","",TOMBAMENTO,"0,0","1,0","0,0","0,0","0,0","0,0","0,0","0,0","0,0","1,0","0,0","","","","","","","","","","","","",""
1550,"202314616,0",2023-06-26T00:00:00,12:14:00,COM VÍTIMA,FINALIZADA,ROSARINHO,AV NORTE MIGUEL ARRAES DE ALENCAR,"","","",ROSARINHO,"","",COLISÃO LATERAL,"0,0","1,0","0,0","0,0","0,0","0,0","0,0","0,0","0,0","1,0","0,0","","","","","","","","","","","","",""