_id,Protocolo,data,hora,natureza_acidente,situacao,bairro,endereco,numero,detalhe_endereco_acidente,complemento,bairro_cruzamento,num_semaforo,sentido_via,tipo,auto,moto,ciclom,ciclista,pedestre,onibus,caminhao,viatura,outros,vitimas,vitimasfatais,acidente_verificado,tempo_clima,situacao_semaforo,sinalizacao,condicao_via,conservacao_via,ponto_controle,situacao_placa,velocidade_max_via,mao_direcao,divisao_via1,divisao_via2,divisao_via3
1551,"202314621,0",2023-06-26T00:00:00,01:08:00,COM VÍTIMA,FINALIZADA,TORRE,RUA REAL DA TORRE,25,"",E/F A DROGASIL,TORRE,"","",COLISÃO FRONTAL,"1,0","1,0","0,0","0,0","0,0","0,0","0,0","0,0","0,0","1,0","0,0","","","","","","","","","","","","",""
1552,"202314622,0",2023-06-26T00:00:00,01:10:00,SEM VÍTIMA,CANCELADA,PINA,AV HERCULANO BANDEIRA,366,"",APOS A IGREJA DO PINA,PINA,"","",COLISÃO TRASEIRA,"2,0","0,0","0,0","0,0","0,0","0,0","0,0","0,0","0,0","0,0","0,0","","","","","","","","","","","","",""
1553,"202314627,0",2023-06-26T00:00:00,03:03:00,COM VÍTIMA,CANCELADA,TAMARINEIRA,RUA CONEGO BARATA,638,"",ANTES DA FERREIRA COSTA,TAMARINEIRA,"","",COLISÃO COM CICLISTA,"0,0","0,0","0,0","1,0","0,0","1,0","0,0","0,0","0,0","1,0","0,0","","","","","","","","","","","","",""
1554,"202314629,0",2023-06-26T00:00:00,03:14:00,COM VÍTIMA,CANCELADA,AGUA FRIA,AV BEBERIBE,"","",XXX,AGUA FRIA,"","","","0,0","0,0","0,0","0,0","0,0","0,0","0,0","0,0","0,0","1,0","0,0","","","","","","","","","","","","",""
1555,"202314642,0",2023-06-26T00:00:00,07:24:00,SEM VÍTIMA,FINALIZADA,AREIAS,RUA ERNESTO NAZARETH,591,"",COMPESA,AREIAS,"",SUBURBIO,"","1,0","0,0","0,0","0,0","0,0","0,0","1,0","0,0","0,0","0,0","0,0","","","","","","","","","","","","",""
1556,"202314662,0",2023-06-27T00:00:00,06:58:00,COM VÍTIMA,FINALIZADA,BONGI,RUA DR JOAO COSTA,"","",NA ESQUINA DO GALPÃO DO TRE,BONGI,"","",COLISÃO LATERAL,"1,0","1,0","0,0","0,0","0,0","0,0","0,0","0,0","0,0","1,0","0,0","","","","","","","","","","","","",""
1557,"202314669,0",2023-06-27T00:00:00,07:42:00,COM VÍTIMA,FINALIZADA,IPUTINGA,EST DO BARBALHO,"",AV MAURICIO DE NASSAU,PROX A FUND ALTINO VENTURA,IPUTINGA,"","",ATROPELAMENTO DE PESSOA,"1,0","0,0","0,0","0,0","1,0","0,0","0,0","0,0","0,0","1,0","0,0","","","","","","","","","","","","",""
1558,"202314688,0",2023-06-27T00:00:00,12:12:00,COM VÍTIMA,FINALIZADA,AGUA FRIA,RUA DA REGENERACAO,"","",XX,AGUA FRIA,"","",QUEDA,"0,0","1,0","0,0","0,0","0,0","0,0","0,0","0,0","0,0","1,0","0,0","","","","","","","","","","","","",""
1559,"202314689,0",2023-06-27T00:00:00,12:46:00,SEM VÍTIMA,FINALIZADA,PINA,AV ENGENHEIRO DOMINGOS FERREIRA,873,"",LADO ESQUERDO DA VIA,PINA,"",SUBURBIO,"","1,0","0,0","0,0","0,0","0,0","0,0","1,0","0,0","0,0","0,0","0,0","","","","","","","","","","","","",""
1560,"202314716,0",2023-06-27T00:00:00,05:24:00,COM VÍTIMA,FINALIZADA,IPSEP,RUA PROFESSOR JOSE VICENTE,"",RUA ADERBAL DE MELO,PROX A BUDEGA DE MEU LINDO,IPSEP,"","",COLISÃO FRONTAL,"1,0","0,0","0,0","0,0","0,0","1,0","0,0","0,0","0,0","1,0","0,0","","","","","","","","","","","","",""
1561,"202314731,0",2023-06-27T00:00:00,09:28:00,COM VÍTIMA,FINALIZADA,AFOGADOS,RUA SAO MIGUEL,"",RUA COSME VIANA,AO LADO DEPATRI,AFOGADOS,"","",COLISÃO LATERAL,"0,0","0,0","0,0","0,0","0,0","0,0","0,0","0,0","0,0","1,0","0,0","","","","","","","","","","","","",""
1562,"202314747,0",2023-06-28T00:00:00,07:51:00,COM VÍTIMA,FINALIZADA,AREIAS,RUA IPOJUCA,802,"",EM FRENTE HOTELZINHO CARINHO DE VÓ,AREIAS,"","",COLISÃO LATERAL,"1,0","1,0","0,0","0,0","0,0","0,0","0,0","0,0","0,0","1,0","0,0","","","","","","","","","","","","",""
1563,"202314748,0",2023-06-28T00:00:00,08:05:00,COM VÍTIMA,FINALIZADA,IMBIRIBEIRA,RUA ARQUITETO LUIZ NUNES,216,"",EM FRENTE A BARBEARIA ALBERES,IMBIRIBEIRA,"","",COLISÃO LATERAL,"1,0","1,0","0,0","0,0","0,0","0,0","0,0","0,0","0,0","2,0","0,0","","","","","","","","","","","","",""
1564,"202314755,0",2023-06-28T00:00:00,09:45:00,COM VÍTIMA,FINALIZADA,AREIAS,AV TENENTE FELIPE BANDEIRA DE MELO,109,AV RECIFE,EM FRENTE AO BAR DA ESQUINA DO MALTE,AREIAS,"","",COLISÃO LATERAL,"1,0","1,0","0,0","0,0","0,0","0,0","0,0","0,0","0,0","1,0","0,0","","","","","","","","","","","","",""
1565,"202314760,0",2023-06-28T00:00:00,10:16:00,SEM VÍTIMA,FINALIZADA,MADALENA,RUA BENFICA,341,"",COLÉGIO GGE,MADALENA,"","",COLISÃO TRASEIRA,"2,0","0,0","0,0","0,0","0,0","0,0","0,0","0,0","0,0","0,0","0,0","","","","","","","","","","","","",""
1566,"202314767,0",2023-06-28T00:00:00,11:24:00,COM VÍTIMA,FINALIZADA,BOA VIAGEM,RUA PROFESSOR JOAO MEDEIROS,"",RUA RIBEIRO DE BRITO,NO SEMAFORO 332,BOA VIAGEM,"","",COLISÃO LATERAL,"1,0","1,0","0,0","0,0","0,0","0,0","0,0","0,0","0,0","1,0","0,0","","","","","","","","","","","","",""
1567,"202314797,0",2023-06-28T00:00:00,05:04:00,COM VÍTIMA,FINALIZADA,SANTO AMARO,AV CRUZ CABUGA,"",AV NORTE MIGUEL ARRAES DE ALENCAR,"",SANTO AMARO,"","",QUEDA,"0,0","1,0","0,0","0,0","0,0","0,0","0,0","0,0","0,0","1,0","0,0","","","","","","","","","","","","",""
1568,"202314801,0",2023-06-28T00:00:00,05:19:00,COM VÍTIMA,FINALIZADA,BOA VIAGEM,AV FERNANDO SIMOES BARBOSA,"","",APOS A DESCIDA DA VIA MANGUE E/F AO ANTIGO BOMPREÇO,BOA VIAGEM,"","",COLISÃO LATERAL,"1,0","1,0","0,0","0,0","0,0","0,0","0,0","0,0","0,0","1,0","0,0","","","","","","","","","","","","",""
1569,"202314829,0",2023-06-29T00:00:00,07:36:00,COM VÍTIMA,FINALIZADA,MADALENA,AV BEIRA RIO,165,RUA PROFESSOR JOSE TORRES PIRES,"",MADALENA,"","",COLISÃO LATERAL,"1,0","1,0","0,0","0,0","0,0","0,0","0,0","0,0","0,0","1,0","0,0","","","","","","","","","","","","",""
1570,"202314831,0",2023-06-29T00:00:00,08:22:00,COM VÍTIMA,FINALIZADA,ARRUDA,RUA DO MACHADO,"","",PROX AO BAR ESQUINA 85,ARRUDA,"","",COLISÃO TRASEIRA,"0,0","2,0","0,0","0,0","0,0","0,0","0,0","0,0","0,0","2,0","0,0","","","","","","","","","","","","",""
1571,"202314876,0",2023-06-29T00:00:00,03:11:00,COM VÍTIMA,CANCELADA,ESTANCIA,AV RECIFE,5421,"",NO POSTO SHELL,ESTANCIA,"","",COLISÃO FRONTAL,"1,0","1,0","0,0","0,0","0,0","0,0","0,0","0,0","0,0","1,0","0,0","","","","","","","","","","","","",""
1572,"202314878,0",2023-06-29T00:00:00,03:19:00,COM VÍTIMA,FINALIZADA,CASA AMARELA,EST DO ARRAIAL,"","",IGREJA DA HARMONIA,CASA AMARELA,"","",COLISÃO FRONTAL,"1,0","0,0","0,0","1,0","0,0","0,0","0,0","0,0","0,0","1,0","0,0","","","","","","","","","","","","",""
1573,"202314908,0",2023-06-29T00:00:00,07:35:00,SEM VÍTIMA,FINALIZADA,PINA,AVENIDA CELSO FURTADO (VIA MANGUE),"","","",PINA,"","",CHOQUE,"1,0","0,0","0,0","0,0","0,0","0,0","0,0","0,0","0,0","0,0","0,0","","","","","","","","","","","","",""
1574,"202314932,0",2023-06-30T00:00:00,07:01:00,COM VÍTIMA,FINALIZADA,IPUTINGA,AV CAXANGA,3841,"","EM FRENTE A FACULDADE CATOLICA IMACULADA CONCEIÇÃO, SENT. CIDADE",IPUTINGA,"","",ATROPELAMENTO DE PESSOA,"0,0","1,0","0,0","0,0","1,0","0,0","0,0","0,0","0,0","1,0","0,0","","","","","","","","","","","","",""
1575,"202314945,0",2023-06-30T00:00:00,08:13:00,COM VÍTIMA,FINALIZADA,ESPINHEIRO,AV CONS ROSA E SILVA,1206,"",EM FRENTE AO EMPRESARIAL CASA GRANDE,ESPINHEIRO,"","",COLISÃO FRONTAL,"1,0","0,0","0,0","0,0","0,0","1,0","0,0","0,0","0,0","1,0","0,0","","","","","","","","","","","","",""
1576,"202314948,0",2023-06-30T00:00:00,09:10:00,SEM VÍTIMA,FINALIZADA,PINA,RUA JOSE PAES DE BARROS,153,"","",PINA,"",CIDADE,CHOQUE,"1,0","0,0","0,0","0,0","0,0","0,0","1,0","0,0","0,0","0,0","0,0","","","","","","","","","","","","",""
1577,"202315005,0",2023-06-30T00:00:00,04:31:00,COM VÍTIMA,CANCELADA,AREIAS,RUA IPOJUCA,173,"",NA ENTRADA DO  INSS,AREIAS,"","",COLISÃO LATERAL,"1,0","1,0","0,0","0,0","0,0","0,0","0,0","0,0","0,0","1,0","0,0","","","","","","","","","","","","",""
1578,"202315034,0",2023-06-30T00:00:00,11:31:00,COM VÍTIMA,FINALIZADA,ESTANCIA,AV DR JOSE RUFINO,"","",PRÓXIMO AO COLÉGIO VISÃO,ESTANCIA,"",SUBURBIO,CHOQUE,"0,0","1,0","0,0","0,0","0,0","0,0","0,0","0,0","0,0","1,0","0,0","","","","","","","","","","","","",""
1579,"202315035,0",2023-06-30T00:00:00,11:37:00,SEM VÍTIMA,FINALIZADA,IBURA,RUA EXP FRANCISCO VITORIANO,"","",SUPERMERCADO TREVO DA UR5,IBURA,"","",COLISÃO TRASEIRA,"1,0","1,0","0,0","0,0","0,0","0,0","0,0","0,0","0,0","0,0","0,0","","","","","","","","","","","","",""
1580,"202315048,0",2023-07-01T00:00:00,05:56:00,COM VÍTIMA,FINALIZADA,IMBIRIBEIRA,AV MARECHAL MASCARENHAS DE MORAES,"","","APÓS O AEROPORTO, NA ENTRADA DO JORDÃO",IMBIRIBEIRA,"",SUBURBIO,COLISÃO FRONTAL,"1,0","0,0","0,0","0,0","0,0","1,0","0,0","0,0","0,0","1,0","0,0","","","","","","","","","","","","",""
1581,"202315131,0",2023-07-01T00:00:00,11:16:00,SEM VÍTIMA,FINALIZADA,SANCHO,AV LIBERDADE,586,"",EM FRENTE AO IMÓVEL Nº 586,SANCHO,"",SUBURBIO,COLISÃO FRONTAL,"2,0","0,0","0,0","0,0","0,0","0,0","0,0","0,0","0,0","0,0","0,0","","","","","","","","","","","","",""
1582,"202315139,0",2023-07-02T00:00:00,03:31:00,COM VÍTIMA,FINALIZADA,VARZEA,AV PROFESSOR ARTUR DE SA,602,"",EDIFICIO LUCILA,VARZEA,"",SUBURBIO,COLISÃO TRASEIRA,"1,0","1,0","0,0","0,0","0,0","0,0","0,0","0,0","0,0","1,0","0,0","","","","","","","","","","","","",""
1583,"202315168,0",2023-07-02T00:00:00,10:39:00,COM VÍTIMA,FINALIZADA,PINA,AV HERCULANO BANDEIRA,1001,"",NA FRENTE DO ATACADO DA CONSTRUÇÃO,PINA,"660,0","",ATROPELAMENTO DE PESSOA,"1,0","0,0","0,0","0,0","1,0","0,0","0,0","0,0","0,0","1,0","0,0","","","","","","","","","","","","",""
1584,"202315171,0",2023-07-02T00:00:00,11:04:00,COM VÍTIMA,FINALIZADA,CABANGA,PTE GOVERNADOR PAULO GUERRA,S/N,"","NO INÍCIO DA PONTE GOV PAULO GUERRA , NO SENTIDO  CABANGA  / PINA",CABANGA,"",SUBURBIO,COLISÃO LATERAL,"0,0","2,0","0,0","0,0","0,0","0,0","0,0","0,0","0,0","1,0","0,0","","","","","","","","","","","","",""
1585,"202315179,0",2023-07-02T00:00:00,03:07:00,SEM VÍTIMA,CANCELADA,BOA VIAGEM,AV CONSELHEIRO AGUIAR,"","","",BOA VIAGEM,"","","","0,0","0,0","0,0","0,0","0,0","0,0","0,0","0,0","0,0","0,0","0,0","","","","","","","","","","","","",""
1586,"202315180,0",2023-07-02T00:00:00,03:07:00,SEM VÍTIMA,CANCELADA,AFOGADOS,"","","","",AFOGADOS,"","","","0,0","0,0","0,0","0,0","0,0","0,0","0,0","0,0","0,0","0,0","0,0","","","","","","","","","","","","",""
1587,"202315207,0",2023-07-02T00:00:00,10:53:00,SEM VÍTIMA,FINALIZADA,BOA VISTA,RUA DO HOSPICIO,"","",EM FRENTE AO HOSPITAL DO EXERCITO,BOA VISTA,"","",CHOQUE,"1,0","0,0","0,0","0,0","0,0","0,0","0,0","0,0","0,0","0,0","0,0","","","","","","","","","","","","",""
1588,"202315208,0",2023-07-03T00:00:00,02:15:00,COM VÍTIMA,FINALIZADA,IPUTINGA,AV CAXANGA,"",RUA RIBEIRO PESSOA,EM FRENTE À UPA DA CAXANGÁ,IPUTINGA,"","",COLISÃO TRANSVERSAL,"1,0","0,0","1,0","0,0","0,0","0,0","0,0","0,0","0,0","1,0","0,0","","","","","","","","","","","","",""
1589,"202315221,0",2023-07-03T00:00:00,06:36:00,COM VÍTIMA,FINALIZADA,IPUTINGA,RUA RODRIGUES FERREIRA,"","",PROX AO TERMINAL INTEGRADO DA CAXANGÁ,IPUTINGA,"","",COLISÃO TRASEIRA,"1,0","2,0","0,0","0,0","0,0","0,0","0,0","0,0","0,0","2,0","0,0","","","","","","","","","","","","",""
1590,"202315231,0",2023-07-03T00:00:00,08:46:00,COM VÍTIMA,FINALIZADA,BAIRRO DO RECIFE,AV MILITAR,"","",APÓS A PONTE LIMOEIRO,BAIRRO DO RECIFE,"","",QUEDA,"0,0","0,0","0,0","0,0","0,0","0,0","0,0","0,0","0,0","1,0","0,0","","","","","","","","","","","","",""
1591,"202315238,0",2023-07-03T00:00:00,09:22:00,COM VÍTIMA,CANCELADA,SANTO AMARO,AV CRUZ CABUGA,"",RUA ARARIPINA,"",SANTO AMARO,"","",COLISÃO FRONTAL,"0,0","0,0","0,0","0,0","0,0","0,0","0,0","0,0","0,0","1,0","0,0","","","","","","","","","","","","",""
1592,"202315243,0",2023-07-03T00:00:00,09:33:00,COM VÍTIMA,FINALIZADA,MADALENA,RUA CONDE DE IRAJA,"",AV BEIRA RIO,PROX AO SEMAFORO 630,MADALENA,"","",COLISÃO FRONTAL,"1,0","1,0","0,0","0,0","0,0","0,0","0,0","0,0","0,0","2,0","0,0","","","","","","","","","","","","",""
1593,"202315246,0",2023-07-03T00:00:00,10:27:00,COM VÍTIMA,FINALIZADA,CASA FORTE,AV DEZESSETE DE AGOSTO,741,"","",CASA FORTE,"","",COLISÃO COM CICLISTA,"1,0","0,0","0,0","1,0","0,0","0,0","0,0","0,0","0,0","1,0","0,0","","","","","","","","","","","","",""
1594,"202315248,0",2023-07-03T00:00:00,10:52:00,COM VÍTIMA,FINALIZADA,VARZEA,RUA GASTAO VIDIGAL,"","",AO LADO DO HOTEL COSTA AZUL,VARZEA,"","",QUEDA,"0,0","1,0","0,0","0,0","0,0","0,0","0,0","0,0","0,0","1,0","0,0","","","","","","","","","","","","",""
1595,"202315259,0",2023-07-03T00:00:00,12:40:00,SEM VÍTIMA,FINALIZADA,ARRUDA,RUA DO MACHADO,"",RUA MANOEL SILVA,EMPORIO DA CERVEJA,ARRUDA,"",SUBURBIO,COLISÃO TRANSVERSAL,"2,0","0,0","0,0","0,0","0,0","0,0","0,0","0,0","0,0","0,0","0,0","","","","","","","","","","","","",""
1596,"202315263,0",2023-07-03T00:00:00,01:27:00,COM VÍTIMA,FINALIZADA,TORRE,RUA CONDE DE IRAJA,"",AV BEIRA RIO,PROX AO EDIFICIO DUAS NAÇÕES,TORRE,"","",COLISÃO COM CICLISTA,"1,0","0,0","0,0","1,0","0,0","0,0","0,0","0,0","0,0","1,0","0,0","","","","","","","","","","","","",""
1597,"202315267,0",2023-07-03T00:00:00,02:17:00,COM VÍTIMA,FINALIZADA,CAMPO GRANDE,RUA ODORICO MENDES,165,"",IMPERIO FAROIS,CAMPO GRANDE,"","",COLISÃO LATERAL,"1,0","1,0","0,0","0,0","0,0","0,0","0,0","0,0","0,0","1,0","0,0","","","","","","","","","","","","",""
1598,"202315273,0",2023-07-03T00:00:00,03:20:00,SEM VÍTIMA,FINALIZADA,IMBIRIBEIRA,AV GENERAL MAC ARTHUR,465,"",ANTES DA ESTAÇAO DO METRO DA ANTONIO FALCAO E/F A LOJA IMPERIO DO LUBRIFICANTE  S/T BOA VIAGEM,IMBIRIBEIRA,"","",COLISÃO LATERAL,"2,0","1,0","0,0","0,0","0,0","0,0","0,0","0,0","0,0","0,0","0,0","","","","","","","","","","","","",""
1599,"202315276,0",2023-07-03T00:00:00,03:48:00,COM VÍTIMA,FINALIZADA,BOA VIAGEM,AV BOA VIAGEM,507,"",EM FRENTE AO EDIFICIO ILHA DE THASSOS,BOA VIAGEM,"","",COLISÃO TRASEIRA,"1,0","1,0","0,0","0,0","0,0","0,0","0,0","0,0","0,0","1,0","0,0","","","","","","","","","","","","",""
1600,"202315280,0",2023-07-03T00:00:00,04:36:00,COM VÍTIMA,FINALIZADA,ARRUDA,EST VELHA DE AGUA FRIA,"","",APOS O DNOCS PROXIMO AO SEMÁFO 306,ARRUDA,"","",COLISÃO FRONTAL,"1,0","1,0","0,0","0,0","0,0","0,0","0,0","0,0","0,0","1,0","0,0","","","","","","","","","","","","",""
1601,"202315284,0",2023-07-03T00:00:00,05:49:00,COM VÍTIMA,FINALIZADA,ILHA DO RETIRO,AV BEIRA RIO,360,"",EDF. MARIA TERESA COELHO,ILHA DO RETIRO,"","",COLISÃO LATERAL,"1,0","1,0","0,0","0,0","0,0","0,0","0,0","0,0","0,0","1,0","0,0","","","","","","","","","","","","",""
1602,"202315287,0",2023-07-03T00:00:00,06:15:00,SEM VÍTIMA,CANCELADA,BOA VIAGEM,RUA BARAO DE SOUZA LEAO,1259,"",EDF VILA REAL,BOA VIAGEM,"","",COLISÃO LATERAL,"2,0","0,0","0,0","0,0","0,0","0,0","0,0","0,0","0,0","0,0","0,0","","","","","","","","","","","","",""
1603,"202315291,0",2023-07-03T00:00:00,06:25:00,COM VÍTIMA,FINALIZADA,SANTO AMARO,RUA DA AURORA,"","",EM FRENTE AO INSTITUTO TAVARES BURIL,SANTO AMARO,"","",COLISÃO LATERAL,"1,0","1,0","0,0","0,0","0,0","0,0","0,0","0,0","0,0","1,0","0,0","","","","","","","","","","","","",""
1604,"202315298,0",2023-07-03T00:00:00,06:43:00,COM VÍTIMA,CANCELADA,TOTO,RUA ONZE DE AGOSTO,598,"",PROX AO BIDU KRAUSE .,TOTO,"","",COLISÃO LATERAL,"0,0","2,0","0,0","0,0","0,0","0,0","0,0","0,0","0,0","2,0","0,0","","","","","","","","","","","","",""
1605,"202315319,0",2023-07-04T00:00:00,06:20:00,COM VÍTIMA,FINALIZADA,MADALENA,RUA JOSE BONIFACIO,"",RUA PADRE JOSE DE ANCHIETA,EM FRENTE A DROGARIA SÃO PAULO,MADALENA,"","",COLISÃO FRONTAL,"2,0","0,0","0,0","0,0","0,0","0,0","0,0","0,0","0,0","1,0","0,0","","","","","","","","","","","","",""
1606,"202315326,0",2023-07-04T00:00:00,07:56:00,SEM VÍTIMA,FINALIZADA,IPUTINGA,AV CAXANGA,4068,AV PROFESSOR JOAQUIM CAVALCANTI,VIADUTO BR 101,IPUTINGA,"",SUBURBIO,COLISÃO TRANSVERSAL,"2,0","0,0","0,0","0,0","0,0","0,0","0,0","0,0","0,0","0,0","0,0","","","","","","","","","","","","",""
1607,"202315330,0",2023-07-04T00:00:00,08:00:00,COM VÍTIMA,FINALIZADA,AGUA FRIA,AV BEBERIBE,1728,"",PROXIMO AO DISBEC DISTRIBUIDORA DE TINTA,AGUA FRIA,"","",COLISÃO LATERAL,"0,0","2,0","0,0","0,0","0,0","0,0","0,0","0,0","0,0","2,0","0,0","","","","","","","","","","","","",""
1608,"202315341,0",2023-07-04T00:00:00,08:31:00,COM VÍTIMA,FINALIZADA,ILHA JOANA BEZERRA,VIADUTO CAPITAO TEMUDO,"","",PROX  AO FORUM DE JOANA BEZERRA,ILHA JOANA BEZERRA,"","",COLISÃO LATERAL,"0,0","2,0","0,0","0,0","0,0","0,0","0,0","0,0","0,0","1,0","0,0","","","","","","","","","","","","",""
1609,"202315347,0",2023-07-04T00:00:00,09:33:00,COM VÍTIMA,FINALIZADA,SANTO ANTONIO,AV DANTAS BARRETO,"",RUA SAO JOAO,EM FRENTE AO SEMAFORO 154,SANTO ANTONIO,"","",COLISÃO LATERAL,"0,0","1,0","0,0","0,0","0,0","1,0","0,0","0,0","0,0","1,0","0,0","","","","","","","","","","","","",""
1610,"202315355,0",2023-07-04T00:00:00,10:34:00,COM VÍTIMA,CANCELADA,MACAXEIRA,AV NORTE MIGUEL ARRAES DE ALENCAR,"","","SENT. CIDADE, EM FRENTE AO PARQUE DA MACAXEIRA",MACAXEIRA,"","",COLISÃO TRASEIRA,"0,0","1,0","0,0","0,0","0,0","0,0","1,0","0,0","0,0","1,0","0,0","","","","","","","","","","","","",""
1611,"202315364,0",2023-07-04T00:00:00,12:11:00,COM VÍTIMA,FINALIZADA,ENGENHO DO MEIO,RUA MANOEL ESTEVAO DA COSTA,"","",PROXIMO DA ACADEMIA ACTOS,ENGENHO DO MEIO,"","",COLISÃO LATERAL,"1,0","1,0","0,0","0,0","0,0","0,0","0,0","0,0","0,0","1,0","0,0","","","","","","","","","","","","",""
1612,"202315367,0",2023-07-04T00:00:00,12:15:00,COM VÍTIMA,DUPLICIDADE,IPUTINGA,RUA CONEGO LUIZ GONZAGA DO MONTE,22,"",AO LADO DA ACTO ACADEMIA,IPUTINGA,"","",COLISÃO LATERAL,"0,0","1,0","0,0","0,0","0,0","0,0","0,0","0,0","0,0","1,0","0,0","","","","","","","","","","","","",""
1613,"202315374,0",2023-07-04T00:00:00,02:31:00,COM VÍTIMA,FINALIZADA,ESPINHEIRO,RUA CONS PORTELA,665,"",AGALERIA CONSELHEIRO PORTELA,ESPINHEIRO,"","",COLISÃO LATERAL,"1,0","0,0","1,0","0,0","0,0","0,0","0,0","0,0","0,0","1,0","0,0","","","","","","","","","","","","",""
1614,"202315381,0",2023-07-04T00:00:00,03:20:00,COM VÍTIMA,FINALIZADA,IPSEP,AV RECIFE,"","",JJK AUTOS,IPSEP,"","",COLISÃO LATERAL,"1,0","1,0","0,0","0,0","0,0","0,0","0,0","0,0","0,0","1,0","0,0","","","","","","","","","","","","",""
1615,"202315402,0",2023-07-04T00:00:00,09:50:00,COM VÍTIMA,FINALIZADA,SAO JOSE,AV SUL,"",RUA OSCAR MELO,CONTINUAÇÃO DA RUA CABO EUTRÓPIO,SAO JOSE,"","",COLISÃO FRONTAL,"0,0","2,0","0,0","0,0","0,0","0,0","0,0","0,0","0,0","2,0","0,0","","","","","","","","","","","","",""
1616,"202315428,0",2023-07-05T00:00:00,08:24:00,COM VÍTIMA,FINALIZADA,BOA VISTA,RUA MARQUES AMORIM,356,"",RUA UNIMED 3,BOA VISTA,"","",COLISÃO LATERAL,"1,0","1,0","0,0","0,0","0,0","0,0","0,0","0,0","0,0","2,0","0,0","","","","","","","","","","","","",""
1617,"202315429,0",2023-07-05T00:00:00,08:30:00,COM VÍTIMA,FINALIZADA,CORDEIRO,AV CAXANGA,"","",EM FRENTE AO NUCLEO DE SAUDE DA CAXANGA,CORDEIRO,"",CIDADE,COLISÃO TRASEIRA,"1,0","1,0","0,0","0,0","0,0","0,0","0,0","0,0","0,0","1,0","0,0","","","","","","","","","","","","",""
1618,"202315456,0",2023-07-05T00:00:00,02:41:00,COM VÍTIMA,FINALIZADA,CAXANGA,AV CAXANGA,"","",PROXIMO A FIAT,CAXANGA,"","",COLISÃO LATERAL,"1,0","1,0","0,0","0,0","0,0","0,0","0,0","0,0","0,0","1,0","0,0","","","","","","","","","","","","",""
1619,"202315468,0",2023-07-05T00:00:00,02:41:00,SEM VÍTIMA,FINALIZADA,BOA VISTA,AV GOVERNADOR AGAMENON MAGALHAES,2807,"",EM FRENT AO CÍRCULO MILITAR DO RECIFE,BOA VISTA,"",SUBURBIO,COLISÃO TRASEIRA,"1,0","0,0","0,0","0,0","0,0","0,0","0,0","1,0","0,0","0,0","0,0","","","","","","","","","","","","",""
1620,"202315495,0",2023-07-05T00:00:00,06:54:00,COM VÍTIMA,FINALIZADA,IMBIRIBEIRA,RUA JOSE DA SILVA LUCENA,241,"",EM FRENTE A IGREJA PORTAL,IMBIRIBEIRA,"","",COLISÃO FRONTAL,"1,0","1,0","0,0","0,0","0,0","0,0","0,0","0,0","0,0","1,0","0,0","","","","","","","","","","","","",""
1621,"202315496,0",2023-07-05T00:00:00,07:33:00,SEM VÍTIMA,FINALIZADA,PINA,RUA CONSUL JOSEPH NOUJAIM,"",RUA NOGUEIRA DE SOUZA,SOB O SEMÁFORO Nº658,PINA,"658,0",SUBURBIO,"","2,0","0,0","0,0","0,0","0,0","0,0","0,0","0,0","0,0","0,0","0,0","","","","","","","","","","","","",""
1622,"202315516,0",2023-07-06T00:00:00,05:17:00,COM VÍTIMA,FINALIZADA,GRACAS,RUA RICARDO HARDMAN,475,"",COM A RUA RIGUEIRA COSTA,GRACAS,"","",COLISÃO LATERAL,"2,0","0,0","0,0","0,0","0,0","0,0","0,0","0,0","0,0","1,0","0,0","","","","","","","","","","","","",""
1623,"202315527,0",2023-07-06T00:00:00,07:54:00,COM VÍTIMA,FINALIZADA,BOA VIAGEM,AV MARECHAL JUAREZ TAVORA,"","",ESQUINA DO HOTEL FORUM/  PROX AO OLEGIO DOURADO,BOA VIAGEM,"","",COLISÃO LATERAL,"1,0","1,0","0,0","0,0","0,0","0,0","0,0","0,0","0,0","1,0","0,0","","","","","","","","","","","","",""
1624,"202315565,0",2023-07-06T00:00:00,04:07:00,COM VÍTIMA,FINALIZADA,PINA,PTE GOVERNADOR PAULO GUERRA,"","",ENTRADA DA VIA MANGUE / PROX. AO SHOPPING RIOMAR,PINA,"","",COLISÃO TRASEIRA,"1,0","1,0","0,0","0,0","0,0","0,0","0,0","0,0","0,0","1,0","0,0","","","","","","","","","","","","",""
1625,"202315577,0",2023-07-06T00:00:00,06:45:00,COM VÍTIMA,FINALIZADA,IBURA,RUA PINTOR AGENOR DE ALBUQUERQUE CESAR,260,"",CLINICA SENA,IBURA,"","",COLISÃO FRONTAL,"1,0","1,0","0,0","0,0","0,0","0,0","0,0","0,0","0,0","1,0","0,0","","","","","","","","","","","","",""