_id,Protocolo,data,hora,natureza_acidente,situacao,bairro,endereco,numero,detalhe_endereco_acidente,complemento,bairro_cruzamento,num_semaforo,sentido_via,tipo,auto,moto,ciclom,ciclista,pedestre,onibus,caminhao,viatura,outros,vitimas,vitimasfatais,acidente_verificado,tempo_clima,situacao_semaforo,sinalizacao,condicao_via,conservacao_via,ponto_controle,situacao_placa,velocidade_max_via,mao_direcao,divisao_via1,divisao_via2,divisao_via3
1916,"202317504,0",2023-07-31T00:00:00,02:48:00,COM VÍTIMA,FINALIZADA,SANTO AMARO,RUA TREZE DE MAIO,1981,"",BORRACHARIA MODESTO,SANTO AMARO,"","",COLISÃO LATERAL,"0,0","0,0","0,0","0,0","0,0","0,0","0,0","0,0","0,0","1,0","0,0","","","","","","","","","","","","",""
1917,"202317505,0",2023-07-31T00:00:00,03:01:00,COM VÍTIMA,FINALIZADA,SANTO AMARO,AV CRUZ CABUGA,"","",ASSEMBLEIA DE DEUS/ESTAÇÃO BRT,SANTO AMARO,"","",COLISÃO LATERAL,"0,0","0,0","0,0","0,0","0,0","0,0","0,0","0,0","0,0","1,0","0,0","","","","","","","","","","","","",""
1918,"202317515,0",2023-07-31T00:00:00,05:59:00,COM VÍTIMA,FINALIZADA,IBURA,RUA RIO UNA,471,"",AUTO ESCOLA ARCO IRIS,IBURA,"","",COLISÃO LATERAL,"0,0","0,0","0,0","0,0","0,0","0,0","0,0","0,0","0,0","1,0","0,0","","","","","","","","","","","","",""
1919,"202317516,0",2023-07-31T00:00:00,06:16:00,COM VÍTIMA,FINALIZADA,IMBIRIBEIRA,AV MARECHAL MASCARENHAS DE MORAES,"","",EM FRENTE A UNIVERSO / SENTIDO AEROPORTO,IMBIRIBEIRA,"","",ATROPELAMENTO DE PESSOA,"0,0","1,0","0,0","0,0","1,0","0,0","0,0","0,0","0,0","1,0","0,0","","","","","","","","","","","","",""
1920,"202317517,0",2023-07-31T00:00:00,06:23:00,COM VÍTIMA,FINALIZADA,IBURA,AV JORNALISTA COSTA PORTO,853,"",COMPESA,IBURA,"","",COLISÃO LATERAL,"0,0","0,0","0,0","0,0","0,0","0,0","0,0","0,0","0,0","1,0","0,0","","","","","","","","","","","","",""
1921,"202317525,0",2023-07-31T00:00:00,07:22:00,COM VÍTIMA,CANCELADA,BAIRRO DO RECIFE,AV ALFREDO LISBOA,1152,"",PROXIMO A RECEITA FEDERAL,BAIRRO DO RECIFE,"","",COLISÃO LATERAL,"3,0","1,0","0,0","0,0","0,0","0,0","0,0","0,0","0,0","1,0","0,0","","","","","","","","","","","","",""
1922,"202317527,0",2023-07-31T00:00:00,07:48:00,COM VÍTIMA,FINALIZADA,AREIAS,AV TAPAJOS,642,"",APOS O MERCADINHO FIGUEROA,AREIAS,"","",COLISÃO LATERAL,"1,0","1,0","0,0","0,0","0,0","0,0","0,0","0,0","0,0","1,0","0,0","","","","","","","","","","","","",""
1923,"202317528,0",2023-07-31T00:00:00,08:49:00,COM VÍTIMA,CANCELADA,TAMARINEIRA,RUA CONEGO BARATA,411,"",EM FRENTE AO HOSPITAL ULISSES,TAMARINEIRA,"","",COLISÃO LATERAL,"1,0","1,0","0,0","0,0","0,0","0,0","0,0","0,0","0,0","1,0","0,0","","","","","","","","","","","","",""
1924,"202317530,0",2023-07-31T00:00:00,09:22:00,COM VÍTIMA,FINALIZADA,ARRUDA,AV PROFESSOR JOSE DOS ANJOS,2168,"",PROXIMO AO ANTIGO DNOCS,ARRUDA,"","",COLISÃO TRASEIRA,"0,0","2,0","0,0","0,0","0,0","0,0","0,0","0,0","0,0","1,0","0,0","","","","","","","","","","","","",""
1925,"202317531,0",2023-07-31T00:00:00,09:23:00,COM VÍTIMA,CANCELADA,VARZEA,RUA CASSILANDIA,433,"",PROXIMO A UNIVERSIDADE FEDERAL,VARZEA,"","",COLISÃO LATERAL,"1,0","1,0","0,0","0,0","0,0","0,0","0,0","0,0","0,0","1,0","0,0","","","","","","","","","","","","",""
1926,"202317533,0",2023-07-31T00:00:00,10:32:00,COM VÍTIMA,FINALIZADA,SANTO AMARO,AV GOVERNADOR AGAMENON MAGALHAES,"","",COM   A RUA  ODORICO MENDES,SANTO AMARO,"","",ATROPELAMENTO DE PESSOA,"1,0","0,0","0,0","0,0","1,0","0,0","0,0","0,0","0,0","1,0","0,0","","","","","","","","","","","","",""
1927,"202317534,0",2023-07-31T00:00:00,10:49:00,COM VÍTIMA,FINALIZADA,CASA AMARELA,EST DO ARRAIAL,2672,"",PRÓXIMO AO SITIO DA TRINDADE,CASA AMARELA,"","",COLISÃO LATERAL,"1,0","1,0","0,0","0,0","0,0","0,0","0,0","0,0","0,0","1,0","0,0","","","","","","","","","","","","",""
1928,"202317535,0",2023-08-01T00:00:00,12:40:00,COM VÍTIMA,CANCELADA,CASA AMARELA,EST DO ARRAIAL,1646,"",EM  FRENTE A UTI PNEUS,CASA AMARELA,"","",COLISÃO LATERAL,"1,0","1,0","0,0","0,0","0,0","0,0","0,0","0,0","0,0","1,0","0,0","","","","","","","","","","","","",""
1929,"202317548,0",2023-08-01T00:00:00,07:42:00,COM VÍTIMA,FINALIZADA,JARDIM SAO PAULO,AV RECIFE,"","",POSTO IPIRANGA,JARDIM SAO PAULO,"704,0",BOA VIAGEM,COLISÃO FRONTAL,"0,0","1,0","0,0","0,0","0,0","1,0","0,0","0,0","0,0","1,0","0,0","","","","","","","","","","","","",""
1930,"202317559,0",2023-08-01T00:00:00,08:44:00,COM VÍTIMA,FINALIZADA,BOA VIAGEM,AV FERNANDO SIMOES BARBOSA,196,"",PROX AO BAR DO CUSCUZ E PROX EDF SOBRADO IMPERIAL,BOA VIAGEM,"","",QUEDA,"0,0","1,0","0,0","0,0","0,0","0,0","0,0","0,0","0,0","1,0","0,0","","","","","","","","","","","","",""
1931,"202317563,0",2023-08-01T00:00:00,09:11:00,SEM VÍTIMA,FINALIZADA,ARRUDA,RUA SAO BENTO,"","",PROX AO CHINA CABELEREIRO,ARRUDA,"","",COLISÃO LATERAL,"0,0","0,0","0,0","0,0","0,0","1,0","1,0","0,0","0,0","0,0","0,0","","","","","","","","","","","","",""
1932,"202317572,0",2023-08-01T00:00:00,11:50:00,SEM VÍTIMA,FINALIZADA,IPSEP,AV RECIFE,1500,"",EM FRENTE A PERNAMBUCO PISCINAS,IPSEP,"","",ENGAVETAMENTO,"4,0","0,0","0,0","0,0","0,0","0,0","0,0","0,0","0,0","0,0","0,0","","","","","","","","","","","","",""
1933,"202317577,0",2023-08-01T00:00:00,01:18:00,COM VÍTIMA,FINALIZADA,BARRO,AV DR JOSE RUFINO,2870,"",COLÉGIO CASTELO BRANCO,BARRO,"","",COLISÃO LATERAL,"0,0","0,0","0,0","0,0","0,0","0,0","0,0","0,0","0,0","1,0","0,0","","","","","","","","","","","","",""
1934,"202317582,0",2023-08-01T00:00:00,02:19:00,COM VÍTIMA,FINALIZADA,ILHA DO LEITE,RUA FRANCISCO ALVES,364,"",ESTAC. SAN PARK,ILHA DO LEITE,"","",COLISÃO LATERAL,"1,0","1,0","0,0","0,0","0,0","0,0","0,0","0,0","0,0","1,0","0,0","","","","","","","","","","","","",""
1935,"202317583,0",2023-08-01T00:00:00,02:19:00,COM VÍTIMA,FINALIZADA,ESPINHEIRO,AV GOVERNADOR AGAMENON MAGALHAES,6608,"",UPE / MINISTÉRIO DO TRABALHO,ESPINHEIRO,"","",COLISÃO LATERAL,"1,0","1,0","0,0","0,0","0,0","0,0","0,0","0,0","0,0","1,0","0,0","","","","","","","","","","","","",""
1936,"202317584,0",2023-08-01T00:00:00,02:30:00,SEM VÍTIMA,FINALIZADA,AGUA FRIA,EST VELHA DE AGUA FRIA,1253,"",IGREJA PENTECOSTAL DO BRASIL,AGUA FRIA,"","",COLISÃO LATERAL,"1,0","0,0","0,0","0,0","0,0","0,0","0,0","1,0","0,0","0,0","0,0","","","","","","","","","","","","",""
1937,"202317597,0",2023-08-01T00:00:00,04:30:00,COM VÍTIMA,FINALIZADA,BOA VISTA,AV JOAO DE BARROS,1999,"",EM FRENTE A NEO ENERGIA,BOA VISTA,"","",COLISÃO LATERAL,"0,0","0,0","0,0","0,0","0,0","0,0","0,0","0,0","0,0","1,0","0,0","","","","","","","","","","","","",""
1938,"202317602,0",2023-08-01T00:00:00,05:14:00,SEM VÍTIMA,FINALIZADA,ALTO SANTA TERESINHA,RUA ALTO JOSE BONIFACIO,2226,"",NO TERMINAL  DE ONIBUS,ALTO SANTA TERESINHA,"","",COLISÃO TRASEIRA,"2,0","0,0","0,0","0,0","0,0","0,0","0,0","0,0","0,0","0,0","0,0","","","","","","","","","","","","",""
1939,"202317603,0",2023-08-01T00:00:00,05:15:00,COM VÍTIMA,FINALIZADA,IBURA,AV RECIFE,433,"",ARMAZEM CORAL,IBURA,"","",COLISÃO LATERAL,"0,0","0,0","0,0","0,0","0,0","0,0","0,0","0,0","0,0","1,0","0,0","","","","","","","","","","","","",""
1940,"202317612,0",2023-08-01T00:00:00,06:53:00,COM VÍTIMA,FINALIZADA,CAXANGA,AV CAXANGA,2296,"",UPA CAXANGÁ,CAXANGA,"","",COLISÃO LATERAL,"0,0","0,0","0,0","0,0","0,0","0,0","0,0","0,0","0,0","1,0","0,0","","","","","","","","","","","","",""
1941,"202317615,0",2023-08-01T00:00:00,07:28:00,COM VÍTIMA,FINALIZADA,CAMPO GRANDE,RUA JERONIMO VILELA,644,"",PRÓXIMO AO MERCADINHO BOM JESUS,CAMPO GRANDE,"","",ATROPELAMENTO DE PESSOA,"0,0","1,0","0,0","0,0","0,0","0,0","0,0","0,0","0,0","1,0","0,0","","","","","","","","","","","","",""
1942,"202317623,0",2023-08-02T00:00:00,07:00:00,COM VÍTIMA,FINALIZADA,TORROES,AV ENGENHEIRO ABDIAS DE CARVALHO,5920,"","EM FRENTE A DLT APOS O POSTO DA ABDIAS, E PROX AO POSTO SHELL",TORROES,"","",COLISÃO FRONTAL,"0,0","1,0","0,0","0,0","0,0","0,0","0,0","0,0","0,0","1,0","0,0","","","","","","","","","","","","",""
1943,"202317632,0",2023-08-02T00:00:00,08:43:00,COM VÍTIMA,FINALIZADA,ILHA DO RETIRO,RUA TABAIARES,"","",ED. RITA DE CASIA,ILHA DO RETIRO,"","",ATROPELAMENTO DE PESSOA,"1,0","0,0","0,0","0,0","1,0","0,0","0,0","0,0","0,0","1,0","0,0","","","","","","","","","","","","",""
1944,"202317638,0",2023-08-02T00:00:00,09:33:00,COM VÍTIMA,FINALIZADA,SOLEDADE,RUA DO PRINCIPE,682,"",PROX A UNIVERSIDADE A CATOLICA,SOLEDADE,"","",COLISÃO FRONTAL,"0,0","1,0","0,0","0,0","0,0","0,0","0,0","0,0","0,0","1,0","0,0","","","","","","","","","","","","",""
1945,"202317645,0",2023-08-02T00:00:00,10:23:00,COM VÍTIMA,FINALIZADA,IPSEP,AV SALDANHA MARINHO,315,"",VINDO PELA AV RECIFE  SENTIDO CIDADE UNIVERSITARIA,IPSEP,"","",COLISÃO LATERAL,"1,0","1,0","0,0","0,0","0,0","0,0","0,0","0,0","0,0","1,0","0,0","","","","","","","","","","","","",""
1946,"202317655,0",2023-08-02T00:00:00,12:25:00,COM VÍTIMA,FINALIZADA,NOVA DESCOBERTA,RUA CORREGO DA AREIA,1183,"",PROXIMO A PADARIA ADRIANA E TERMINAL DO CORREGO DA AREIA,NOVA DESCOBERTA,"","",QUEDA,"0,0","1,0","0,0","0,0","0,0","0,0","0,0","0,0","0,0","1,0","0,0","","","","","","","","","","","","",""
1947,"202317660,0",2023-08-02T00:00:00,12:47:00,COM VÍTIMA,CANCELADA,CURADO,BR 101 (DENTRO DA CEASA),"","",DENTRO DA CEASA/ EM FRENTE A LOJA LIBE10,CURADO,"","",COLISÃO LATERAL,"1,0","2,0","0,0","0,0","1,0","0,0","0,0","0,0","0,0","2,0","0,0","","","","","","","","","","","","",""
1948,"202317666,0",2023-08-02T00:00:00,02:03:00,SEM VÍTIMA,FINALIZADA,SANTO ANTONIO,AV MARTINS DE BARROS,"","",EM FRENTE AO FORUM THOMAZ DE AQUINO,SANTO ANTONIO,"","",COLISÃO LATERAL,"1,0","0,0","0,0","0,0","0,0","0,0","1,0","0,0","0,0","0,0","0,0","","","","","","","","","","","","",""
1949,"202317672,0",2023-08-02T00:00:00,02:47:00,SEM VÍTIMA,FINALIZADA,BOA VISTA,RUA JOAO FERNANDES VIEIRA,675,"",EM FRENTE AO HAPVIDA,BOA VISTA,"","",COLISÃO LATERAL,"1,0","0,0","0,0","0,0","0,0","0,0","0,0","1,0","0,0","0,0","0,0","","","","","","","","","","","","",""
1950,"202317674,0",2023-08-02T00:00:00,03:15:00,COM VÍTIMA,FINALIZADA,SAO JOSE,AV SUL,1450,"",APOS O PONTILHAO DO METYRO E/F A PORTELA  MATERIAL DE CONSTRUÇOES,SAO JOSE,"","",COLISÃO TRASEIRA,"0,0","2,0","0,0","0,0","0,0","0,0","0,0","0,0","0,0","1,0","0,0","","","","","","","","","","","","",""
1951,"202317676,0",2023-08-02T00:00:00,03:21:00,SEM VÍTIMA,DUPLICIDADE,BOA VISTA,AV GOVERNADOR AGAMENON MAGALHAES,675,"",HAPVIDA DO PARQUE AMORIM,BOA VISTA,"","",COLISÃO LATERAL,"1,0","0,0","0,0","0,0","0,0","0,0","0,0","1,0","0,0","0,0","0,0","","","","","","","","","","","","",""
1952,"202317677,0",2023-08-02T00:00:00,03:27:00,COM VÍTIMA,FINALIZADA,CASA AMARELA,AV NORTE MIGUEL ARRAES DE ALENCAR,11460,"",ANTES DA IGREJA DO AMOR,CASA AMARELA,"","",COLISÃO LATERAL,"0,0","0,0","0,0","0,0","0,0","0,0","0,0","0,0","0,0","1,0","0,0","","","","","","","","","","","","",""
1953,"202317678,0",2023-08-02T00:00:00,03:31:00,COM VÍTIMA,CANCELADA,ESPINHEIRO,RUA SAO SALVADOR,200,"",AO LADO DO HOSPITAL DOS SERVIDORES,ESPINHEIRO,"","",ATROPELAMENTO DE PESSOA,"1,0","0,0","0,0","0,0","1,0","0,0","0,0","0,0","0,0","1,0","0,0","","","","","","","","","","","","",""
1954,"202317680,0",2023-08-02T00:00:00,03:35:00,COM VÍTIMA,FINALIZADA,CASA FORTE,AV DEZESSETE DE AGOSTO,1055,"",MCDONALDS,CASA FORTE,"","",COLISÃO LATERAL,"0,0","0,0","0,0","0,0","0,0","0,0","0,0","0,0","0,0","1,0","0,0","","","","","","","","","","","","",""
1955,"202317687,0",2023-08-02T00:00:00,04:35:00,COM VÍTIMA,FINALIZADA,DOIS UNIDOS,AV HILDEBRANDO DE VASCONCELOS,1000,"",COLÉGIO F. PESSOA DE QUEIROZ,DOIS UNIDOS,"","",QUEDA,"0,0","0,0","0,0","0,0","0,0","0,0","0,0","0,0","0,0","1,0","0,0","","","","","","","","","","","","",""
1956,"202317706,0",2023-08-02T00:00:00,06:52:00,COM VÍTIMA,CANCELADA,IPSEP,AV RECIFE,11135,"",SAL E BRASA,IPSEP,"","",COLISÃO LATERAL,"0,0","1,0","0,0","0,0","0,0","0,0","0,0","0,0","0,0","1,0","0,0","","","","","","","","","","","","",""
1957,"202317707,0",2023-08-02T00:00:00,07:52:00,COM VÍTIMA,FINALIZADA,CAXANGA,RUA RIBEIRO PESSOA,"","",A MAIS OU MENOS A 100 METROS DA UPA DA CAXANGA,CAXANGA,"","",COLISÃO FRONTAL,"0,0","1,0","0,0","0,0","0,0","1,0","0,0","0,0","0,0","1,0","0,0","","","","","","","","","","","","",""
1958,"202317708,0",2023-08-02T00:00:00,08:02:00,COM VÍTIMA,FINALIZADA,CORDEIRO,RUA DR JOAO LACERDA,257,"",PRÓXIMO À DHPP,CORDEIRO,"","",COLISÃO TRANSVERSAL,"0,0","1,0","0,0","0,0","0,0","0,0","0,0","0,0","0,0","1,0","0,0","","","","","","","","","","","","",""
1959,"202317709,0",2023-08-02T00:00:00,08:04:00,COM VÍTIMA,CANCELADA,MADALENA,RUA JOSE OSORIO,"","",APÓS O MERC DA MADALENA - E/F À CONCESSIONÁRIA TEIXEIRA,MADALENA,"","",COLISÃO TRANSVERSAL,"0,0","1,0","0,0","0,0","0,0","0,0","0,0","0,0","0,0","1,0","0,0","","","","","","","","","","","","",""
1960,"202317711,0",2023-08-03T00:00:00,01:33:00,COM VÍTIMA,FINALIZADA,PARNAMIRIM,AV PARNAMIRIM,255,RUA SAO SEBASTIAO,PROXIMO À PONTE DA TORRE/CARREFOUR,PARNAMIRIM,"10,0","",COLISÃO TRANSVERSAL,"2,0","0,0","0,0","0,0","0,0","0,0","0,0","0,0","0,0","1,0","0,0","","","","","","","","","","","","",""
1961,"202317724,0",2023-08-03T00:00:00,07:47:00,COM VÍTIMA,FINALIZADA,SAO JOSE,AV SUL,1450,"",SEMÁFARO 260,SAO JOSE,"","",COLISÃO LATERAL,"1,0","1,0","0,0","0,0","0,0","0,0","0,0","0,0","0,0","1,0","0,0","","","","","","","","","","","","",""
1962,"202317725,0",2023-08-03T00:00:00,07:54:00,COM VÍTIMA,FINALIZADA,ESPINHEIRO,AV GOVERNADOR AGAMENON MAGALHAES,2656,"",NA DECIDA DO VIATUDO AGAMENON MAGALHAES / PROX AO EMPRESARIAL AGAMENON MAGALHAES E PROX AO SEMAFORO 711,ESPINHEIRO,"","",COLISÃO TRASEIRA,"1,0","1,0","0,0","0,0","0,0","0,0","0,0","0,0","0,0","1,0","0,0","","","","","","","","","","","","",""
1963,"202317727,0",2023-08-03T00:00:00,08:03:00,COM VÍTIMA,FINALIZADA,ENCRUZILHADA,RUA DONA ELVIRA,"","",PROX A MARTENIDADE CISAM / PROX AO SUPERMERCADO QUINTADARIA,ENCRUZILHADA,"","",COLISÃO FRONTAL,"1,0","1,0","0,0","0,0","0,0","0,0","0,0","0,0","0,0","1,0","0,0","","","","","","","","","","","","",""
1964,"202317728,0",2023-08-03T00:00:00,08:27:00,COM VÍTIMA,FINALIZADA,JOANA BEZERRA,VIADUTO CAPITAO TEMUDO,"","",COMEÇO DO VIADUTO SENTIDO BOA VIAGEM / PROX AO FORUM DE JOANA BEZERRA,JOANA BEZERRA,"","",COLISÃO LATERAL,"1,0","1,0","0,0","0,0","0,0","0,0","0,0","0,0","0,0","1,0","0,0","","","","","","","","","","","","",""
1965,"202317730,0",2023-08-03T00:00:00,08:37:00,COM VÍTIMA,CANCELADA,SAO JOSE,PTE SEIS DE MARCO,"","",EM CIMA DA PONTE VELHA / PROX A CASA DA CULTURA,SAO JOSE,"","",COLISÃO FRONTAL,"0,0","1,0","0,0","0,0","0,0","0,0","0,0","0,0","0,0","1,0","0,0","","","","","","","","","","","","",""
1966,"202317738,0",2023-08-03T00:00:00,09:23:00,COM VÍTIMA,FINALIZADA,IMBIRIBEIRA,AV SUL,"","",ATRÁS DA LOJA CAOA CHERY / PROX A ESTAÇÃO DE METRO DA IMBIRIBEIRA,IMBIRIBEIRA,"","",COLISÃO COM CICLISTA,"1,0","0,0","0,0","1,0","0,0","0,0","0,0","0,0","0,0","1,0","0,0","","","","","","","","","","","","",""
1967,"202317739,0",2023-08-03T00:00:00,09:50:00,COM VÍTIMA,FINALIZADA,BOA VISTA,AV GOVERNADOR AGAMENON MAGALHAES,1160,AV RUI BARBOSA,TRIBUNAL ELEITORAL,BOA VISTA,"","",COLISÃO TRASEIRA,"1,0","1,0","0,0","0,0","0,0","0,0","0,0","0,0","0,0","1,0","0,0","","","","","","","","","","","","",""
1968,"202317744,0",2023-08-03T00:00:00,10:21:00,COM VÍTIMA,FINALIZADA,SANTO AMARO,RUA DA AURORA,"","",REF: APOIO AO SUB SÓSTENES: REF: TRIBUNAL DE CONTAS,SANTO AMARO,"","",COLISÃO TRASEIRA,"1,0","1,0","0,0","0,0","0,0","0,0","0,0","0,0","0,0","1,0","0,0","","","","","","","","","","","","",""
1969,"202317758,0",2023-08-03T00:00:00,12:11:00,COM VÍTIMA,FINALIZADA,VASCO DA GAMA,AV VEREADOR OTACILIO AZEVEDO,1174,"",ESCOLA IRMÃ MAGNA,VASCO DA GAMA,"","",COLISÃO LATERAL,"1,0","1,0","0,0","0,0","0,0","0,0","0,0","0,0","0,0","1,0","0,0","","","","","","","","","","","","",""
1970,"202317766,0",2023-08-03T00:00:00,12:55:00,COM VÍTIMA,FINALIZADA,SANTO AMARO,AV MARIO MELO,"","",AO LADO DO COLEGIO IEP,SANTO AMARO,"171,0","",COLISÃO LATERAL,"2,0","1,0","0,0","0,0","0,0","0,0","0,0","0,0","0,0","1,0","0,0","","","","","","","","","","","","",""
1971,"202317769,0",2023-08-03T00:00:00,01:57:00,COM VÍTIMA,FINALIZADA,BOA VIAGEM,RUA DEZ DE JULHO,481,"",METRÔ AEROPORTO,BOA VIAGEM,"","",COLISÃO LATERAL,"1,0","1,0","0,0","0,0","0,0","0,0","0,0","0,0","0,0","1,0","0,0","","","","","","","","","","","","",""
1972,"202317779,0",2023-08-03T00:00:00,02:47:00,COM VÍTIMA,FINALIZADA,DOIS IRMAOS,RUA DOIS IRMAOS,371,"",E/F AO SOBRADO CARLOS PENA FILHO  E A FUNDAÇAO GILBERTO FREIRE,DOIS IRMAOS,"","",COLISÃO LATERAL,"1,0","1,0","0,0","0,0","0,0","0,0","0,0","0,0","0,0","1,0","0,0","","","","","","","","","","","","",""
1973,"202317781,0",2023-08-03T00:00:00,03:15:00,COM VÍTIMA,FINALIZADA,IMBIRIBEIRA,AV GENERAL MAC ARTHUR,1595,"",EM FRENTE A DO FRIO,IMBIRIBEIRA,"","",COLISÃO TRASEIRA,"1,0","1,0","0,0","0,0","0,0","0,0","0,0","0,0","0,0","1,0","0,0","","","","","","","","","","","","",""
1974,"202317782,0",2023-08-03T00:00:00,03:36:00,SEM VÍTIMA,FINALIZADA,MADALENA,AV ENGENHEIRO ABDIAS DE CARVALHO,336,"",MCDONALDS,MADALENA,"","",COLISÃO LATERAL,"1,0","0,0","0,0","0,0","0,0","0,0","0,0","1,0","0,0","0,0","0,0","","","","","","","","","","","","",""
1975,"202317786,0",2023-08-03T00:00:00,05:06:00,COM VÍTIMA,FINALIZADA,IMBIRIBEIRA,AV MARECHAL MASCARENHAS DE MORAES,"","","ALÇA DE RETORNO DO VIADUTO, PROXIMO A UNIDAS ALUGUEL DE CARROS",IMBIRIBEIRA,"","",TOMBAMENTO,"0,0","1,0","0,0","0,0","0,0","0,0","0,0","0,0","0,0","1,0","0,0","","","","","","","","","","","","",""
1976,"202317790,0",2023-08-03T00:00:00,06:42:00,COM VÍTIMA,FINALIZADA,MADALENA,RUA BENFICA,198,"",BATALHÃO DE CHOQUE,MADALENA,"","",COLISÃO LATERAL,"0,0","1,0","0,0","0,0","0,0","0,0","0,0","1,0","0,0","1,0","0,0","","","","","","","","","","","","",""
1977,"202317801,0",2023-08-03T00:00:00,09:58:00,COM VÍTIMA,FINALIZADA,SANTO AMARO,AV CRUZ CABUGA,"","",PROXIMO AO SHOPPING TACARUNA,SANTO AMARO,"","",COLISÃO LATERAL,"0,0","1,0","0,0","0,0","0,0","0,0","0,0","0,0","0,0","1,0","0,0","","","","","","","","","","","","",""
1978,"202317802,0",2023-08-03T00:00:00,09:58:00,COM VÍTIMA,FINALIZADA,ENCRUZILHADA,AV BEBERIBE,"","",PROX. À ACADEMIA MATCH FIT. EM FRENTE À CLÍNICA OK DOUTOR,ENCRUZILHADA,"","",COLISÃO LATERAL,"0,0","1,0","0,0","0,0","0,0","0,0","0,0","0,0","0,0","1,0","0,0","","","","","","","","","","","","",""
1979,"202317817,0",2023-08-04T00:00:00,06:33:00,COM VÍTIMA,FINALIZADA,IPUTINGA,AV MAURICIO DE NASSAU,"","",EM FRENTE AO ALTINO VENTURA,IPUTINGA,"","",QUEDA,"0,0","1,0","0,0","0,0","0,0","0,0","0,0","0,0","0,0","1,0","0,0","","","","","","","","","","","","",""
1980,"202317830,0",2023-08-04T00:00:00,08:33:00,COM VÍTIMA,FINALIZADA,SANTO AMARO,RUA DOS PALMARES,714,RUA TREZE DE MAIO,PROX AO SINDICATO DOS ADVOGADOS,SANTO AMARO,"","",COLISÃO FRONTAL,"0,0","2,0","0,0","0,0","0,0","0,0","0,0","0,0","0,0","1,0","0,0","","","","","","","","","","","","",""
1981,"202317835,0",2023-08-04T00:00:00,09:18:00,COM VÍTIMA,FINALIZADA,ARRUDA,AV PROFESSOR JOSE DOS ANJOS,"","",PROX AO ARMAZEM CASA E CONSTRUÇÃO E NA BEIRA DO CANAL,ARRUDA,"","",ATROPELAMENTO DE PESSOA,"0,0","1,0","0,0","0,0","1,0","0,0","0,0","0,0","0,0","1,0","0,0","","","","","","","","","","","","",""
1982,"202317837,0",2023-08-04T00:00:00,09:32:00,COM VÍTIMA,FINALIZADA,SANTO AMARO,AV NORTE MIGUEL ARRAES DE ALENCAR,2368,"",SOBRE PONTE LIMOEIRO,SANTO AMARO,"","",COLISÃO TRANSVERSAL,"0,0","1,0","0,0","0,0","0,0","0,0","0,0","0,0","0,0","1,0","0,0","","","","","","","","","","","","",""
1983,"202317838,0",2023-08-04T00:00:00,09:37:00,COM VÍTIMA,FINALIZADA,NOVA DESCOBERTA,RUA NOVA DESCOBERTA,"","",APOS O LARGO DONA REGINA / PROX A MILA MULTIMARCAS,NOVA DESCOBERTA,"","",COLISÃO FRONTAL,"0,0","1,0","0,0","0,0","0,0","0,0","0,0","0,0","0,0","1,0","0,0","","","","","","","","","","","","",""
1984,"202317840,0",2023-08-04T00:00:00,09:41:00,COM VÍTIMA,DUPLICIDADE,BAIRRO DO RECIFE,CAIS DO APOLO,"","",APOS A PREFEITURA SENTIDO AV. NORTE,BAIRRO DO RECIFE,"","",COLISÃO TRASEIRA,"1,0","1,0","0,0","0,0","0,0","0,0","0,0","0,0","0,0","1,0","0,0","","","","","","","","","","","","",""
1985,"202317858,0",2023-08-04T00:00:00,11:34:00,COM VÍTIMA,FINALIZADA,ROSARINHO,AV SANTOS DUMONT,"","",EM FRENTE A CASA ROSADA / EM FRENTE AO COND CASA ROSADA,ROSARINHO,"","",COLISÃO FRONTAL,"0,0","1,0","0,0","0,0","0,0","0,0","0,0","0,0","0,0","1,0","0,0","","","","","","","","","","","","",""
1986,"202317873,0",2023-08-04T00:00:00,02:41:00,COM VÍTIMA,FINALIZADA,BOA VISTA,AV CONDE DA BOA VISTA,"","",POSTO BR,BOA VISTA,"","",COLISÃO LATERAL,"0,0","0,0","0,0","0,0","0,0","0,0","0,0","0,0","0,0","1,0","0,0","","","","","","","","","","","","",""
1987,"202317878,0",2023-08-04T00:00:00,04:24:00,COM VÍTIMA,FINALIZADA,CASA AMARELA,RUA PADRE LEMOS,"","",CENTRO COMERCIAL CASA AMARELA,CASA AMARELA,"","",ATROPELAMENTO DE PESSOA,"0,0","1,0","0,0","0,0","1,0","0,0","0,0","0,0","0,0","1,0","0,0","","","","","","","","","","","","",""
1988,"202317884,0",2023-08-04T00:00:00,06:10:00,COM VÍTIMA,FINALIZADA,IMBIRIBEIRA,RUA GENERAL GOES MONTEIRO,182,"",PADARIA PAN PINHEIROS,IMBIRIBEIRA,"","",COLISÃO LATERAL,"0,0","0,0","0,0","0,0","0,0","0,0","0,0","0,0","0,0","1,0","0,0","","","","","","","","","","","","",""