_id,Protocolo,data,hora,natureza_acidente,situacao,bairro,endereco,numero,detalhe_endereco_acidente,complemento,bairro_cruzamento,num_semaforo,sentido_via,tipo,auto,moto,ciclom,ciclista,pedestre,onibus,caminhao,viatura,outros,vitimas,vitimasfatais,acidente_verificado,tempo_clima,situacao_semaforo,sinalizacao,condicao_via,conservacao_via,ponto_controle,situacao_placa,velocidade_max_via,mao_direcao,divisao_via1,divisao_via2,divisao_via3
2062,"202318487,0",2023-08-11T00:00:00,07:59:00,SEM VÍTIMA,FINALIZADA,AREIAS,AV RECIFE,232,"","PROX A LOJA ARMAZEM CORAL / NA DESCINDA DO VIATUDO DA ESTAÇÃO SANTA LUZIA, PROX AO SUPERMERCADO ATACADÃO",AREIAS,"",SUBURBIO,COLISÃO LATERAL,"1,0","0,0","0,0","0,0","0,0","0,0","1,0","0,0","0,0","0,0","0,0","","","","","","","","","","","","",""
2063,"202318503,0",2023-08-11T00:00:00,10:45:00,COM VÍTIMA,FINALIZADA,MORRO DA CONCEICAO,RUA ITACOATIARA,"","",SUB DO MORRO DA CONCEIÇÃO / EM FRENTE AO CALDO DE CANA,MORRO DA CONCEICAO,"","",COLISÃO FRONTAL,"0,0","1,0","0,0","0,0","0,0","0,0","0,0","0,0","0,0","1,0","0,0","","","","","","","","","","","","",""
2064,"202318504,0",2023-08-11T00:00:00,10:55:00,COM VÍTIMA,FINALIZADA,MADALENA,RUA REAL DA TORRE,"","",PROX AO POSTO SETA / ANTES DO MERCADO DA MADALENA,MADALENA,"","",COLISÃO LATERAL,"0,0","1,0","0,0","0,0","0,0","0,0","0,0","0,0","0,0","1,0","0,0","","","","","","","","","","","","",""
2065,"202318509,0",2023-08-11T00:00:00,12:11:00,COM VÍTIMA,FINALIZADA,BOMBA DO HEMETERIO,RUA BOMBA DO HEMETERIO,414,"",PROX AO CONSULTORIO MEDICO /  E FUNERARIA CANAA,BOMBA DO HEMETERIO,"","",COLISÃO LATERAL,"0,0","1,0","0,0","0,0","0,0","0,0","0,0","0,0","0,0","1,0","0,0","","","","","","","","","","","","",""
2066,"202318512,0",2023-08-11T00:00:00,12:44:00,COM VÍTIMA,FINALIZADA,CABANGA,AV ENGENHEIRO JOSE ESTELITA,"","",EM FRENTE A MOURA B / NO CAIS DO ESTELITA AO LADO DO CABANGA,CABANGA,"","",COLISÃO LATERAL,"1,0","0,0","0,0","0,0","0,0","0,0","0,0","0,0","0,0","1,0","0,0","","","","","","","","","","","","",""
2067,"202318520,0",2023-08-11T00:00:00,02:32:00,COM VÍTIMA,FINALIZADA,AFOGADOS,RUA SAO MIGUEL,2556,"",PROX A MATERNIDADE BANDEIRA FILHO E AO POSTO DE GASOLINA DISLURB,AFOGADOS,"","",COLISÃO LATERAL,"0,0","1,0","0,0","0,0","0,0","0,0","0,0","0,0","0,0","1,0","0,0","","","","","","","","","","","","",""
2068,"202318528,0",2023-08-11T00:00:00,02:54:00,COM VÍTIMA,FINALIZADA,IMBIRIBEIRA,AV GENERAL MAC ARTHUR,612,"",EM FRENTE AO POSTO BR APOS O LE PARQUE,IMBIRIBEIRA,"","",COLISÃO LATERAL,"1,0","0,0","0,0","0,0","0,0","0,0","0,0","0,0","0,0","1,0","0,0","","","","","","","","","","","","",""
2069,"202318545,0",2023-08-11T00:00:00,05:05:00,COM VÍTIMA,FINALIZADA,IMBIRIBEIRA,RUA ARQUITETO LUIZ NUNES,"","",SEMÁFORO 635,IMBIRIBEIRA,"","",COLISÃO LATERAL,"0,0","1,0","0,0","0,0","0,0","0,0","1,0","0,0","0,0","1,0","0,0","","","","","","","","","","","","",""
2070,"202318546,0",2023-08-11T00:00:00,05:34:00,COM VÍTIMA,FINALIZADA,PAISSANDU,AV ENGENHEIRO ABDIAS DE CARVALHO,"","",POSTO IPIRANGA E PROXIMO A BURGER KING,PAISSANDU,"",SUBURBIO,COLISÃO LATERAL,"0,0","2,0","0,0","0,0","0,0","0,0","0,0","0,0","0,0","3,0","0,0","","","","","","","","","","","","",""
2071,"202318567,0",2023-08-11T00:00:00,09:45:00,COM VÍTIMA,CANCELADA,ESPINHEIRO,RUA DO ESPINHEIRO,774,"",EM FRENTEA A PADARIA ESPINHEIRO,ESPINHEIRO,"","",COLISÃO LATERAL,"1,0","1,0","0,0","0,0","0,0","0,0","0,0","0,0","0,0","1,0","0,0","","","","","","","","","","","","",""
2072,"202318569,0",2023-08-11T00:00:00,10:48:00,SEM VÍTIMA,FINALIZADA,BOA VIAGEM,RUA DR LUIZ INACIO PESSOA DE MELO,91,"",PRÓXIMO AO MERCADO RM,BOA VIAGEM,"","",COLISÃO FRONTAL,"2,0","0,0","0,0","0,0","0,0","0,0","0,0","0,0","0,0","0,0","0,0","","","","","","","","","","","","",""
2073,"202318591,0",2023-08-12T00:00:00,07:20:00,COM VÍTIMA,FINALIZADA,AFOGADOS,RUA SANTA EDWIRGES,242,"",PROX AO CANAL E A IGREJA PREBITERIANA / DEPOIS DO ARQUIVO TRIBUNAL DE JUSTICA,AFOGADOS,"","",COLISÃO LATERAL,"1,0","1,0","0,0","0,0","0,0","0,0","0,0","0,0","0,0","1,0","0,0","","","","","","","","","","","","",""
2074,"202318600,0",2023-08-12T00:00:00,10:09:00,COM VÍTIMA,FINALIZADA,VARZEA,RUA ABATIA,269,"",PROX MERCADO BARATEIRO REAL,VARZEA,"","",COLISÃO FRONTAL,"0,0","1,0","0,0","0,0","0,0","0,0","0,0","0,0","0,0","1,0","0,0","","","","","","","","","","","","",""
2075,"202318603,0",2023-08-12T00:00:00,10:33:00,SEM VÍTIMA,CANCELADA,LINHA DO TIRO,RUA SODRELANDIA,343,"",PROX A BARRACA DE BIU,LINHA DO TIRO,"","",COLISÃO FRONTAL,"1,0","1,0","0,0","0,0","0,0","0,0","0,0","0,0","0,0","0,0","0,0","","","","","","","","","","","","",""
2076,"202318609,0",2023-08-12T00:00:00,12:28:00,COM VÍTIMA,FINALIZADA,CABANGA,VDO PAPA JOAO PAULO II,"","",ANTES DA ALÇA DA RUA IMPERIAL,CABANGA,"",BOA VIAGEM,COLISÃO LATERAL,"1,0","1,0","0,0","0,0","0,0","0,0","0,0","0,0","0,0","1,0","0,0","","","","","","","","","","","","",""
2077,"202318612,0",2023-08-12T00:00:00,12:36:00,COM VÍTIMA,FINALIZADA,SANTO AMARO,RUA DOIS DE JULHO,316,"",AO LADO DO SENAI,SANTO AMARO,"","",COLISÃO LATERAL,"1,0","1,0","0,0","0,0","0,0","0,0","0,0","0,0","0,0","1,0","0,0","","","","","","","","","","","","",""
2078,"202318616,0",2023-08-12T00:00:00,01:35:00,COM VÍTIMA,FINALIZADA,ILHA DO LEITE,RUA HENRIQUE DIAS,"","",NOVO COCO BAMBU / SENTIDO BOA VIAGEM,ILHA DO LEITE,"","",COLISÃO TRASEIRA,"2,0","0,0","0,0","0,0","0,0","0,0","0,0","0,0","0,0","2,0","0,0","","","","","","","","","","","","",""
2079,"202318618,0",2023-08-12T00:00:00,02:08:00,COM VÍTIMA,FINALIZADA,CASA AMARELA,AV NORTE MIGUEL ARRAES DE ALENCAR,"","",EM FRENTE AO RESTAURANTE PAJE,CASA AMARELA,"",CIDADE,COLISÃO TRASEIRA,"1,0","3,0","0,0","0,0","0,0","0,0","0,0","0,0","0,0","2,0","0,0","","","","","","","","","","","","",""
2080,"202318630,0",2023-08-12T00:00:00,03:41:00,COM VÍTIMA,FINALIZADA,GRACAS,AV RUI BARBOSA,"","",EM FRENTE AO COLEGIO DAMAS,GRACAS,"","",COLISÃO LATERAL,"0,0","1,0","0,0","0,0","0,0","0,0","0,0","0,0","0,0","1,0","0,0","","","","","","","","","","","","",""
2081,"202318633,0",2023-08-12T00:00:00,04:25:00,COM VÍTIMA,FINALIZADA,DOIS IRMAOS,RUA DOIS IRMAOS,1143,"",ANTES DO AÇUDE DE APIPUCOS,DOIS IRMAOS,"","",COLISÃO LATERAL,"0,0","0,0","0,0","0,0","0,0","0,0","0,0","0,0","0,0","1,0","0,0","","","","","","","","","","","","",""
2082,"202318634,0",2023-08-12T00:00:00,04:27:00,COM VÍTIMA,CANCELADA,JORDAO,AV DONA CARENTINA,287,"",TERMINAL DE ÔNIBUS,JORDAO,"","",COLISÃO LATERAL,"0,0","0,0","0,0","0,0","0,0","0,0","0,0","0,0","0,0","1,0","0,0","","","","","","","","","","","","",""
2083,"202318650,0",2023-08-12T00:00:00,08:48:00,COM VÍTIMA,CANCELADA,JORDAO,AV DONA CARENTINA,287,"",PRÓXIMO AO TERMINAL DE ÔNIBUS DO JORDÃO ALTO,JORDAO,"","",COLISÃO LATERAL,"0,0","1,0","0,0","0,0","0,0","0,0","0,0","0,0","0,0","1,0","0,0","","","","","","","","","","","","",""
2084,"202318653,0",2023-08-12T00:00:00,10:46:00,COM VÍTIMA,FINALIZADA,IMBIRIBEIRA,AV MARECHAL MASCARENHAS DE MORAES,436,"",E/F À LOJA GRILLO FLORES E POSTO YPIRANGA,IMBIRIBEIRA,"","",COLISÃO LATERAL,"1,0","1,0","0,0","0,0","0,0","0,0","0,0","0,0","0,0","1,0","0,0","","","","","","","","","","","","",""
2085,"202318654,0",2023-08-13T00:00:00,12:03:00,COM VÍTIMA,CANCELADA,IPSEP,AV SALDANHA MARINHO,407,RUA SILVEIRA NETO,PRÓXIMO AO RESTAURANTE DO LUNA,IPSEP,"","",COLISÃO LATERAL,"0,0","1,0","0,0","0,0","0,0","0,0","0,0","0,0","0,0","1,0","0,0","","","","","","","","","","","","",""
2086,"202318661,0",2023-08-13T00:00:00,04:00:00,SEM VÍTIMA,FINALIZADA,BOA VIAGEM,AV BOA VIAGEM,4558,"",EDF. MARIA LEOPOLDINA,BOA VIAGEM,"","",COLISÃO TRASEIRA,"0,0","0,0","0,0","0,0","0,0","0,0","0,0","0,0","0,0","0,0","0,0","","","","","","","","","","","","",""
2087,"202318662,0",2023-08-13T00:00:00,05:26:00,COM VÍTIMA,FINALIZADA,SANTO AMARO,AV CRUZ CABUGA,"","",E/F À IGREJA UNIVERSAL DO REINO DE DEUS,SANTO AMARO,"","",COLISÃO LATERAL,"1,0","1,0","0,0","0,0","0,0","0,0","0,0","0,0","0,0","1,0","0,0","","","","","","","","","","","","",""
2088,"202318677,0",2023-08-13T00:00:00,09:41:00,COM VÍTIMA,FINALIZADA,IMBIRIBEIRA,AV MARECHAL MASCARENHAS DE MORAES,"","",AV MARE MASCARENHAS DE MORAES 7571 EM FRENTE AO AEROPORTO NA PARTE DE CARGA QUE ESTA EM CONSTRUÇAO PROX AO HOTEL IBIS PROX AO RETORNO,IMBIRIBEIRA,"","",COLISÃO LATERAL,"0,0","1,0","0,0","0,0","0,0","0,0","0,0","0,0","0,0","1,0","0,0","","","","","","","","","","","","",""
2089,"202318685,0",2023-08-13T00:00:00,12:30:00,COM VÍTIMA,FINALIZADA,BOMBA DO HEMETERIO,RUA BOMBA DO HEMETERIO,570,"",E/F A IGREJA UNIVERSAL  PROX AO NOVO ATACAREJO,BOMBA DO HEMETERIO,"","",COLISÃO LATERAL,"0,0","0,0","0,0","0,0","0,0","0,0","0,0","0,0","0,0","1,0","0,0","","","","","","","","","","","","",""
2090,"202318689,0",2023-08-13T00:00:00,01:42:00,COM VÍTIMA,FINALIZADA,JOANA BEZERRA,RUA JARAGUARI,161,"",PROX ACADEMIA DA CIDADE E A ESTAÇÃO JOANA BEZERRA,JOANA BEZERRA,"","",COLISÃO LATERAL,"0,0","1,0","0,0","0,0","0,0","0,0","0,0","0,0","0,0","1,0","0,0","","","","","","","","","","","","",""
2091,"202318701,0",2023-08-13T00:00:00,05:31:00,COM VÍTIMA,FINALIZADA,CASA AMARELA,EST DO ARRAIAL,1888,"",PROX A ESCOLA DOM VITAL E AO ARMAZEM TOSCANO,CASA AMARELA,"","",COLISÃO LATERAL,"0,0","1,0","0,0","0,0","0,0","0,0","0,0","0,0","0,0","1,0","0,0","","","","","","","","","","","","",""
2092,"202318710,0",2023-08-13T00:00:00,07:40:00,COM VÍTIMA,FINALIZADA,JARDIM SAO PAULO,AV SAO PAULO,"","",EM FRENTE A FARMÁCIA PAGUE MENOS,JARDIM SAO PAULO,"","",COLISÃO FRONTAL,"1,0","1,0","0,0","0,0","0,0","0,0","0,0","0,0","0,0","1,0","0,0","","","","","","","","","","","","",""
2093,"202318727,0",2023-08-14T00:00:00,07:01:00,COM VÍTIMA,FINALIZADA,BOA VIAGEM,AV DES JOSE NEVES,"","","PX TUNEL,SENTIDO ATACADAO , SHOPING BOA VIAGEM",BOA VIAGEM,"","",COLISÃO LATERAL,"0,0","1,0","0,0","0,0","0,0","0,0","0,0","0,0","0,0","1,0","0,0","","","","","","","","","","","","",""
2094,"202318730,0",2023-08-14T00:00:00,07:15:00,SEM VÍTIMA,FINALIZADA,BOA VIAGEM,AV ENGENHEIRO DOMINGOS FERREIRA,2600,RUA PROFESSOR JOSE BRANDAO,LADO OPOSTO A FARMACIA INDEPENDENTE,BOA VIAGEM,"550,0",SUBURBIO,COLISÃO TRANSVERSAL,"1,0","1,0","0,0","0,0","0,0","0,0","0,0","0,0","0,0","0,0","0,0","","","","","","","","","","","","",""
2095,"202318736,0",2023-08-14T00:00:00,07:50:00,COM VÍTIMA,FINALIZADA,JIQUIA,AV DR JOSE RUFINO,488,"",EM FRENTE A LOJA ARMAZEM CORAL  / BODE DO NO  / POSTO DO JOÃO DIAS,JIQUIA,"","",COLISÃO FRONTAL,"1,0","1,0","0,0","0,0","0,0","0,0","0,0","0,0","0,0","1,0","0,0","","","","","","","","","","","","",""
2096,"202318737,0",2023-08-14T00:00:00,07:53:00,COM VÍTIMA,FINALIZADA,SANTO AMARO,AV GOVERNADOR AGAMENON MAGALHAES,"","",POSTO BR,SANTO AMARO,"","",ATROPELAMENTO DE PESSOA,"1,0","0,0","0,0","0,0","1,0","0,0","0,0","0,0","0,0","1,0","0,0","","","","","","","","","","","","",""
2097,"202318738,0",2023-08-14T00:00:00,07:58:00,COM VÍTIMA,FINALIZADA,SAO JOSE,AV SUL,"","",PX A SEDE DO GALO E POSTO DE GASOLINA SAO JOSE,SAO JOSE,"","",QUEDA,"0,0","1,0","0,0","0,0","0,0","0,0","0,0","0,0","0,0","1,0","0,0","","","","","","","","","","","","",""
2098,"202318740,0",2023-08-14T00:00:00,08:53:00,COM VÍTIMA,FINALIZADA,SANTO AMARO,AV NORTE MIGUEL ARRAES DE ALENCAR,15036,"",PX A PRAÇA DA PICANHA E A CHEVROLET VEICULOS,SANTO AMARO,"","",COLISÃO LATERAL,"0,0","1,0","0,0","0,0","0,0","0,0","0,0","0,0","0,0","1,0","0,0","","","","","","","","","","","","",""
2099,"202318741,0",2023-08-14T00:00:00,09:17:00,COM VÍTIMA,FINALIZADA,SAO JOSE,RUA DAS CALCADAS,"","",PROX A FARMACIA SUCESSO FARMA EM FRENTE AO ATACADO DOS PRESENTES,SAO JOSE,"","",COLISÃO LATERAL,"0,0","1,0","0,0","0,0","0,0","0,0","0,0","0,0","0,0","1,0","0,0","","","","","","","","","","","","",""
2100,"202318742,0",2023-08-14T00:00:00,09:20:00,COM VÍTIMA,FINALIZADA,BOA VIAGEM,AV ENGENHEIRO DOMINGOS FERREIRA,"","",PROX A FARMACIA INDEPENDENTE,BOA VIAGEM,"","",COLISÃO LATERAL,"0,0","1,0","0,0","0,0","0,0","0,0","0,0","0,0","0,0","1,0","0,0","","","","","","","","","","","","",""
2101,"202318746,0",2023-08-14T00:00:00,09:50:00,COM VÍTIMA,FINALIZADA,TORRE,RUA SOUZA BANDEIRA,496,"",PROX A PADARIA DELIA DO TRIGO PROX A CASA DO BOLO,TORRE,"","",COLISÃO LATERAL,"0,0","1,0","0,0","0,0","0,0","0,0","0,0","0,0","0,0","1,0","0,0","","","","","","","","","","","","",""
2102,"202318751,0",2023-08-14T00:00:00,10:11:00,COM VÍTIMA,FINALIZADA,ARRUDA,RUA CLARA,"","",PROX AO ARMAZEM DA VIVIANE,ARRUDA,"","",COLISÃO FRONTAL,"0,0","1,0","0,0","0,0","0,0","0,0","0,0","0,0","0,0","1,0","0,0","","","","","","","","","","","","",""
2103,"202318752,0",2023-08-14T00:00:00,10:23:00,COM VÍTIMA,FINALIZADA,CASA AMARELA,RUA ARNOLDO MAGALHAES,"","",PROX COLEGIO CARLOS DE LIMA CAVALCANTE,CASA AMARELA,"","",COLISÃO FRONTAL,"0,0","1,0","0,0","0,0","0,0","0,0","0,0","0,0","0,0","1,0","0,0","","","","","","","","","","","","",""
2104,"202318764,0",2023-08-14T00:00:00,12:00:00,COM VÍTIMA,FINALIZADA,VARZEA,AV JOAQUIM RIBEIRO,"","",PROX A FACUDADE UNINASSAL PROX A ESTACAO BRT BARREIRAS NO RETORNO,VARZEA,"0,0","",COLISÃO LATERAL,"0,0","1,0","0,0","0,0","0,0","0,0","0,0","0,0","0,0","1,0","0,0","","","","","","","","","","","","",""
2105,"202318765,0",2023-08-14T00:00:00,12:00:00,COM VÍTIMA,FINALIZADA,CAXANGA,RUA RIBEIRO PESSOA,"","",EM FRENTE A UPA DA CAXANGA / SENTIDO CAMARAGIBE,CAXANGA,"",SUBURBIO,COLISÃO FRONTAL,"1,0","1,0","0,0","0,0","0,0","0,0","0,0","0,0","0,0","1,0","0,0","","","","","","","","","","","","",""
2106,"202318776,0",2023-08-14T00:00:00,12:53:00,COM VÍTIMA,FINALIZADA,TAMARINEIRA,EST DO ARRAIAL,"","",PROX A LOJA JOSÉ ARAUJO,TAMARINEIRA,"","",COLISÃO FRONTAL,"0,0","1,0","0,0","0,0","0,0","0,0","0,0","0,0","0,0","1,0","0,0","","","","","","","","","","","","",""
2107,"202318780,0",2023-08-14T00:00:00,02:28:00,COM VÍTIMA,FINALIZADA,ESPINHEIRO,AV JOAO DE BARROS,3230,"",E/F AO POSTO SELECTA,ESPINHEIRO,"","",QUEDA,"0,0","1,0","0,0","0,0","0,0","0,0","0,0","0,0","0,0","1,0","0,0","","","","","","","","","","","","",""
2108,"202318781,0",2023-08-14T00:00:00,03:37:00,SEM VÍTIMA,FINALIZADA,SANTO AMARO,AV MARIO MELO,"","",ASSEMBLEIA DE DEUS,SANTO AMARO,"","",COLISÃO LATERAL,"0,0","1,0","0,0","0,0","0,0","0,0","0,0","1,0","0,0","0,0","0,0","","","","","","","","","","","","",""
2109,"202318783,0",2023-08-14T00:00:00,03:49:00,COM VÍTIMA,FINALIZADA,CASA FORTE,AV DEZESSETE DE AGOSTO,1553,"",HA 100 METROS DA PRAÇA DE CASA FORTE  E PROX AO ESCRITORIO CALDAS,CASA FORTE,"","",COLISÃO LATERAL,"0,0","1,0","0,0","0,0","0,0","0,0","0,0","0,0","0,0","1,0","0,0","","","","","","","","","","","","",""
2110,"202318790,0",2023-08-14T00:00:00,05:46:00,COM VÍTIMA,FINALIZADA,BONGI,RUA ISAAC MARKMAN,492,"",NEOENERGIA,BONGI,"","",COLISÃO LATERAL,"0,0","0,0","0,0","0,0","0,0","0,0","0,0","0,0","0,0","1,0","0,0","","","","","","","","","","","","",""
2111,"202318791,0",2023-08-14T00:00:00,05:46:00,COM VÍTIMA,FINALIZADA,SANTO AMARO,AV GOVERNADOR AGAMENON MAGALHAES,6078,"",PROXIMO AO POSTO POLICIAL / SENTIDO OLINDA,SANTO AMARO,"","",COLISÃO LATERAL,"0,0","1,0","0,0","0,0","0,0","0,0","0,0","0,0","0,0","1,0","0,0","","","","","","","","","","","","",""
2112,"202318792,0",2023-08-14T00:00:00,05:46:00,COM VÍTIMA,FINALIZADA,CAXANGA,AV CAXANGA,2800,"",E/F A PADARIA REPUBLICA DO PAO   E PROX A EXPOSIÇAO DE ANIMAIS,CAXANGA,"","",COLISÃO LATERAL,"0,0","0,0","0,0","0,0","0,0","0,0","0,0","0,0","0,0","1,0","0,0","","","","","","","","","","","","",""
2113,"202318807,0",2023-08-14T00:00:00,06:46:00,COM VÍTIMA,CANCELADA,BAIRRO DO RECIFE,RUA DO BRUM,621,"",PREFEITURA,BAIRRO DO RECIFE,"","",COLISÃO LATERAL,"0,0","1,0","0,0","0,0","0,0","0,0","0,0","0,0","0,0","1,0","0,0","","","","","","","","","","","","",""
2114,"202318818,0",2023-08-15T00:00:00,06:40:00,COM VÍTIMA,FINALIZADA,CORDEIRO,RUA JORNALISTA TRAJANO CHACON,"","",EM FRENTE AO PARQUE DE EXPOSIÇÕES DO CORDEIRO,CORDEIRO,"","",COLISÃO LATERAL,"0,0","1,0","0,0","0,0","0,0","1,0","0,0","0,0","0,0","1,0","0,0","","","","","","","","","","","","",""
2115,"202318831,0",2023-08-15T00:00:00,09:29:00,COM VÍTIMA,FINALIZADA,IPSEP,AV RECIFE,"","",PROX AO POSTO DE GASOLINA FEDERAL / PROX A GUSTAVO VEÍCULOS,IPSEP,"","",COLISÃO TRASEIRA,"0,0","1,0","0,0","0,0","0,0","0,0","0,0","0,0","0,0","1,0","0,0","","","","","","","","","","","","",""
2116,"202318835,0",2023-08-15T00:00:00,09:45:00,COM VÍTIMA,FINALIZADA,AFOGADOS,RUA VINTE E UM DE ABRIL,"","",EM FRENTE A PADARIA IPIRANGA,AFOGADOS,"","",COLISÃO TRASEIRA,"0,0","2,0","0,0","0,0","0,0","0,0","0,0","0,0","0,0","1,0","0,0","","","","","","","","","","","","",""
2117,"202318836,0",2023-08-15T00:00:00,09:51:00,COM VÍTIMA,FINALIZADA,AFOGADOS,RUA VINTE E UM DE ABRIL,398,"",PROX AO ARRETADO DE BOM,AFOGADOS,"","",COLISÃO LATERAL,"1,0","1,0","0,0","0,0","0,0","0,0","0,0","0,0","0,0","1,0","0,0","","","","","","","","","","","","",""
2118,"202318852,0",2023-08-15T00:00:00,11:31:00,SEM VÍTIMA,FINALIZADA,BAIRRO DO RECIFE,RUA DO OBSERVATORIO,"",RUA DE SAO JORGE,POR TRÁS DA RECEITA FEDERAL   PEGANDO A ESQUINA DA MARINHA,BAIRRO DO RECIFE,"","",COLISÃO TRASEIRA,"1,0","0,0","0,0","0,0","0,0","0,0","0,0","1,0","0,0","0,0","0,0","","","","","","","","","","","","",""
2119,"202318853,0",2023-08-15T00:00:00,11:39:00,COM VÍTIMA,FINALIZADA,IMBIRIBEIRA,AV MARECHAL MASCARENHAS DE MORAES,"","",EM FRENTE ASSOCIAÇÃO DOS FORNECEDORES DE CANA  / PROX A FACULDADE UNIVERSO,IMBIRIBEIRA,"","",COLISÃO LATERAL,"0,0","1,0","0,0","0,0","0,0","0,0","0,0","0,0","0,0","1,0","0,0","","","","","","","","","","","","",""
2120,"202318859,0",2023-08-15T00:00:00,01:35:00,COM VÍTIMA,FINALIZADA,JOANA BEZERRA,VDO PAPA JOAO PAULO II,"","",NA SUBIDA DO VIADUTO  S/T FORUM JOANA BEZERRA EO PINA,JOANA BEZERRA,"","",COLISÃO TRASEIRA,"1,0","1,0","0,0","0,0","0,0","0,0","0,0","0,0","0,0","1,0","0,0","","","","","","","","","","","","",""
2121,"202318870,0",2023-08-15T00:00:00,02:43:00,SEM VÍTIMA,FINALIZADA,SAO JOSE,RUA FLORIANO PEIXOTO,"",RUA PASSO DA PATRIA,EM FRENTE À ESTAÇÃO METRÔ DO RECIFE,SAO JOSE,"",CIDADE,COLISÃO TRASEIRA,"2,0","0,0","0,0","0,0","0,0","0,0","0,0","0,0","0,0","0,0","0,0","","","","","","","","","","","","",""
2122,"202318872,0",2023-08-15T00:00:00,02:49:00,SEM VÍTIMA,FINALIZADA,SAO JOSE,RUA PASSO DA PATRIA,383,"",EM FRENTE A MOTO CRUZ,SAO JOSE,"","",COLISÃO TRASEIRA,"1,0","0,0","0,0","0,0","0,0","0,0","0,0","1,0","0,0","0,0","0,0","","","","","","","","","","","","",""
2123,"202318881,0",2023-08-15T00:00:00,04:14:00,COM VÍTIMA,FINALIZADA,GRACAS,RUA DO FUTURO,492,"",EDF. SENHOR DO BONFIM,GRACAS,"","",COLISÃO LATERAL,"1,0","1,0","0,0","0,0","0,0","0,0","0,0","0,0","0,0","1,0","0,0","","","","","","","","","","","","",""
2124,"202318888,0",2023-08-15T00:00:00,06:17:00,SEM VÍTIMA,FINALIZADA,MADALENA,AV CAXANGA,"","",POSTO IPIRANGA,MADALENA,"",SUBURBIO,COLISÃO,"0,0","0,0","0,0","0,0","0,0","1,0","0,0","1,0","0,0","0,0","0,0","","","","","","","","","","","","",""
2125,"202318890,0",2023-08-15T00:00:00,06:43:00,COM VÍTIMA,FINALIZADA,BOA VISTA,RUA JOAO LIRA,"",RUA DA UNIAO,AO LADO DA COMPESA,BOA VISTA,"","",ATROPELAMENTO DE PESSOA,"1,0","0,0","0,0","0,0","1,0","0,0","0,0","0,0","0,0","1,0","0,0","","","","","","","","","","","","",""
2126,"202318898,0",2023-08-15T00:00:00,09:55:00,COM VÍTIMA,FINALIZADA,IMBIRIBEIRA,VIADUTO TANCREDO NEVES,"","",EM CIMA DO VIADUTO TANCREDO NEVES,IMBIRIBEIRA,"","",COLISÃO TRASEIRA,"1,0","1,0","0,0","0,0","0,0","0,0","0,0","0,0","0,0","1,0","0,0","","","","","","","","","","","","",""
2127,"202318899,0",2023-08-15T00:00:00,10:12:00,COM VÍTIMA,FINALIZADA,SAN MARTIN,RUA OUREM,"","",RESIDENCIAL QUINTA DE SANTO ANTONIO,SAN MARTIN,"","",COLISÃO LATERAL,"0,0","1,0","0,0","0,0","0,0","0,0","0,0","0,0","0,0","1,0","0,0","","","","","","","","","","","","",""
2128,"202318900,0",2023-08-15T00:00:00,10:42:00,COM VÍTIMA,FINALIZADA,JOANA BEZERRA,RUA JARAGUARI,"","",PRÓXIMO AO FORUM E ACADEMIA DA CIDADE,JOANA BEZERRA,"","",ATROPELAMENTO DE PESSOA,"0,0","0,0","0,0","0,0","1,0","1,0","0,0","0,0","0,0","1,0","0,0","","","","","","","","","","","","",""
2129,"202318901,0",2023-08-16T00:00:00,01:20:00,COM VÍTIMA,FINALIZADA,CAXANGA,AV JOAQUIM RIBEIRO,868,"",EM FRENTE AO POSTO DISLUB,CAXANGA,"","",COLISÃO LATERAL,"0,0","0,0","0,0","0,0","0,0","0,0","0,0","0,0","0,0","1,0","0,0","","","","","","","","","","","","",""
2130,"202318912,0",2023-08-16T00:00:00,06:54:00,COM VÍTIMA,FINALIZADA,SANTO AMARO,AV GOVERNADOR AGAMENON MAGALHAES,"","",EM FRENTE A FABRICA TACARUNA,SANTO AMARO,"","",COLISÃO LATERAL,"0,0","1,0","0,0","0,0","0,0","0,0","0,0","0,0","0,0","1,0","0,0","","","","","","","","","","","","",""
2131,"202318918,0",2023-08-16T00:00:00,08:05:00,COM VÍTIMA,FINALIZADA,TAMARINEIRA,RUA CONEGO BARATA,"",AV CONS ROSA E SILVA,ANTES DO SINAL 061 COMENDORIA DA PIZZA,TAMARINEIRA,"61,0","",COLISÃO FRONTAL,"1,0","1,0","0,0","0,0","0,0","0,0","0,0","0,0","0,0","1,0","0,0","","","","","","","","","","","","",""
2132,"202318939,0",2023-08-16T00:00:00,10:45:00,COM VÍTIMA,FINALIZADA,BOA VISTA,RUA DA SOLEDADE,"","",EM FRENTE AO ALTINO VENTURA,BOA VISTA,"","",COLISÃO FRONTAL,"2,0","0,0","0,0","0,0","0,0","0,0","0,0","0,0","0,0","1,0","0,0","","","","","","","","","","","","",""