_id,Protocolo,data,hora,natureza_acidente,situacao,bairro,endereco,numero,detalhe_endereco_acidente,complemento,bairro_cruzamento,num_semaforo,sentido_via,tipo,auto,moto,ciclom,ciclista,pedestre,onibus,caminhao,viatura,outros,vitimas,vitimasfatais,acidente_verificado,tempo_clima,situacao_semaforo,sinalizacao,condicao_via,conservacao_via,ponto_controle,situacao_placa,velocidade_max_via,mao_direcao,divisao_via1,divisao_via2,divisao_via3
2204,"202319406,0",2023-08-20T00:00:00,10:40:00,COM VÍTIMA,FINALIZADA,MADALENA,RUA JOSE OSORIO,"",AV VISCONDE DE ALBUQUERQUE,EM FRENTE A EXTRA FARMA,MADALENA,"50,0","",COLISÃO LATERAL,"0,0","2,0","0,0","0,0","0,0","0,0","0,0","0,0","0,0","1,0","0,0","","","","","","","","","","","","",""
2205,"202319414,0",2023-08-21T00:00:00,06:22:00,COM VÍTIMA,FINALIZADA,IBURA,RUA RIO XINGU,"","",EM FRENTE A PADARIA PAN ZILDA,IBURA,"","",COLISÃO LATERAL,"0,0","1,0","0,0","0,0","0,0","0,0","0,0","0,0","8,0","1,0","0,0","","","","","","","","","","","","",""
2206,"202319415,0",2023-08-21T00:00:00,06:37:00,COM VÍTIMA,FINALIZADA,APIPUCOS,RUA DE APIPUCOS,"",RUA CORONEL JOAO BATISTA DO REGO BARROS,PROX. AO POSTO DE SAUDE SÃO JOAO,APIPUCOS,"540,0","",COLISÃO LATERAL,"1,0","1,0","0,0","0,0","0,0","0,0","0,0","0,0","0,0","1,0","0,0","","","","","","","","","","","","",""
2207,"202319417,0",2023-08-21T00:00:00,07:11:00,COM VÍTIMA,FINALIZADA,IMBIRIBEIRA,AVENIDA CELSO FURTADO (VIA MANGUE),"","",COMPLEXO DO VIDUTO ENG. ANTONIO DE QUIEROS GALVÃO,IMBIRIBEIRA,"","",QUEDA,"0,0","1,0","0,0","0,0","0,0","0,0","0,0","0,0","0,0","2,0","0,0","","","","","","","","","","","","",""
2208,"202319418,0",2023-08-21T00:00:00,07:16:00,COM VÍTIMA,FINALIZADA,BOA VISTA,RUA GONCALVES MAIA,"","",PROX AO CONSULADO AMERICANO,BOA VISTA,"","",COLISÃO FRONTAL,"0,0","1,0","0,0","0,0","0,0","0,0","0,0","0,0","0,0","1,0","0,0","","","","","","","","","","","","",""
2209,"202319421,0",2023-08-21T00:00:00,07:44:00,SEM VÍTIMA,FINALIZADA,BOA VIAGEM,RUA VISCONDE DE JEQUITINHONHA,"","",APÓS A CAPELA DE NOSSA SRA DO LORETO,BOA VIAGEM,"",SUBURBIO,COLISÃO TRASEIRA,"3,0","0,0","0,0","0,0","0,0","0,0","0,0","0,0","0,0","0,0","0,0","","","","","","","","","","","","",""
2210,"202319433,0",2023-08-21T00:00:00,09:32:00,COM VÍTIMA,DUPLICIDADE,IMBIRIBEIRA,AV MARECHAL MASCARENHAS DE MORAES,"","",EM FRENTE A TOYLEX /PROX A VIADUTO,IMBIRIBEIRA,"","",COLISÃO LATERAL,"1,0","0,0","0,0","0,0","0,0","0,0","0,0","0,0","0,0","1,0","0,0","","","","","","","","","","","","",""
2211,"202319435,0",2023-08-21T00:00:00,09:44:00,COM VÍTIMA,FINALIZADA,IMBIRIBEIRA,AV MARECHAL MASCARENHAS DE MORAES,4555,"",TOYOLEX,IMBIRIBEIRA,"","",COLISÃO TRASEIRA,"2,0","0,0","0,0","0,0","0,0","0,0","0,0","0,0","0,0","1,0","0,0","","","","","","","","","","","","",""
2212,"202319437,0",2023-08-21T00:00:00,10:03:00,COM VÍTIMA,FINALIZADA,JOANA BEZERRA,VIADUTO CAPITAO TEMUDO,"","",SOBRE VIADUTO NO SENTIDO OLINDA / ANTES DO HOSPITAL PORTUGUÊS,JOANA BEZERRA,"","",COLISÃO FRONTAL,"0,0","1,0","0,0","0,0","0,0","0,0","0,0","0,0","0,0","1,0","0,0","","","","","","","","","","","","",""
2213,"202319439,0",2023-08-21T00:00:00,10:09:00,COM VÍTIMA,FINALIZADA,SANTO AMARO,AV GOVERNADOR AGAMENON MAGALHAES,"","","NA DESCIDA DO VIADUTO AO LADO DO SHOPPING TACARUNA, SENT. BOA VIAGEM",SANTO AMARO,"","",COLISÃO LATERAL,"0,0","1,0","0,0","0,0","0,0","0,0","0,0","0,0","0,0","1,0","0,0","","","","","","","","","","","","",""
2214,"202319441,0",2023-08-21T00:00:00,10:19:00,COM VÍTIMA,FINALIZADA,SANTO AMARO,AV CRUZ CABUGA,"","",E/F ASSEMBLEIA DE DEUS,SANTO AMARO,"","",COLISÃO TRASEIRA,"1,0","1,0","0,0","0,0","0,0","0,0","0,0","0,0","0,0","1,0","0,0","","","","","","","","","","","","",""
2215,"202319442,0",2023-08-21T00:00:00,10:23:00,COM VÍTIMA,FINALIZADA,PRADO,AV ENGENHEIRO ABDIAS DE CARVALHO,"","",PROX. A HABIB´S,PRADO,"","",COLISÃO LATERAL,"0,0","1,0","0,0","0,0","0,0","0,0","0,0","0,0","0,0","1,0","0,0","","","","","","","","","","","","",""
2216,"202319445,0",2023-08-21T00:00:00,10:56:00,COM VÍTIMA,FINALIZADA,TAMARINEIRA,AV CONS ROSA E SILVA,1108,"",POSTO SHEL,TAMARINEIRA,"","",COLISÃO LATERAL,"1,0","0,0","0,0","1,0","0,0","0,0","0,0","0,0","0,0","1,0","0,0","","","","","","","","","","","","",""
2217,"202319447,0",2023-08-21T00:00:00,11:06:00,COM VÍTIMA,FINALIZADA,IPUTINGA,AV CAXANGA,"","",EM FRENTE A LOJA DE VEICULOS SM PRIME / EM FRENTE DA ESTAÇÃO BRT PARQUE DO CORDEIRO,IPUTINGA,"","",COLISÃO FRONTAL,"0,0","1,0","0,0","0,0","0,0","0,0","0,0","0,0","0,0","1,0","0,0","","","","","","","","","","","","",""
2218,"202319458,0",2023-08-21T00:00:00,01:19:00,COM VÍTIMA,FINALIZADA,ILHA DO RETIRO,AV ENGENHEIRO ABDIAS DE CARVALHO,"","",DE FRENTE A LOJA DO SPORT,ILHA DO RETIRO,"","",COLISÃO TRASEIRA,"1,0","1,0","0,0","0,0","0,0","0,0","0,0","0,0","0,0","1,0","0,0","","","","","","","","","","","","",""
2219,"202319473,0",2023-08-21T00:00:00,04:34:00,COM VÍTIMA,FINALIZADA,AGUA FRIA,RUA NAZARE,64,"",PROXIMO AO MERCADO PUBLICO DE ÁGUA FRIA E PROXIMO A NEXOS TELECON,AGUA FRIA,"","",COLISÃO LATERAL,"0,0","1,0","0,0","0,0","0,0","0,0","0,0","0,0","0,0","1,0","0,0","","","","","","","","","","","","",""
2220,"202319475,0",2023-08-21T00:00:00,12:00:00,COM VÍTIMA,FINALIZADA,BONGI,AV ENGENHEIRO ABDIAS DE CARVALHO,2248,"",PROXIMO AO TROCÃO E PROXIMO AO SR AUTO PEÇAS,BONGI,"","",CHOQUE,"1,0","0,0","0,0","0,0","0,0","0,0","0,0","0,0","0,0","1,0","0,0","","","","","","","","","","","","",""
2221,"202319478,0",2023-08-21T00:00:00,06:25:00,COM VÍTIMA,FINALIZADA,BOA VIAGEM,AV CONSELHEIRO AGUIAR,"","",SEMÁFORO 005,BOA VIAGEM,"","",COLISÃO LATERAL,"1,0","1,0","0,0","0,0","0,0","0,0","0,0","0,0","0,0","1,0","0,0","","","","","","","","","","","","",""
2222,"202319481,0",2023-08-21T00:00:00,06:51:00,COM VÍTIMA,FINALIZADA,MANGABEIRA,AV NORTE MIGUEL ARRAES DE ALENCAR,"","",SESC CASA AMARELA,MANGABEIRA,"","",COLISÃO LATERAL,"0,0","0,0","0,0","0,0","0,0","0,0","0,0","0,0","0,0","1,0","0,0","","","","","","","","","","","","",""
2223,"202319489,0",2023-08-21T00:00:00,08:31:00,COM VÍTIMA,FINALIZADA,MADALENA,RUA REAL DA TORRE,"","",PROXIMO À ESCOLA JOAQUIM TÁVORA E AO TÚNEL DA ABOLIÇÃO,MADALENA,"","",COLISÃO LATERAL,"1,0","1,0","0,0","0,0","0,0","0,0","0,0","0,0","0,0","1,0","0,0","","","","","","","","","","","","",""
2224,"202319490,0",2023-08-21T00:00:00,08:31:00,COM VÍTIMA,FINALIZADA,BOA VISTA,RUA DOM BOSCO,1000,"",PROXIMO AO SAMU,BOA VISTA,"","",COLISÃO LATERAL,"1,0","1,0","0,0","0,0","0,0","0,0","0,0","0,0","0,0","1,0","0,0","","","","","","","","","","","","",""
2225,"202319492,0",2023-08-21T00:00:00,09:04:00,COM VÍTIMA,FINALIZADA,SANTO AMARO,AV GOVERNADOR AGAMENON MAGALHAES,7954,"",PROX AO POSTO DE COMBUSTÍVEL DISLUB,SANTO AMARO,"",SUBURBIO,COLISÃO LATERAL,"0,0","2,0","0,0","0,0","0,0","0,0","0,0","0,0","0,0","1,0","0,0","","","","","","","","","","","","",""
2226,"202319493,0",2023-08-21T00:00:00,09:18:00,COM VÍTIMA,FINALIZADA,BARRO,AV DR JOSE RUFINO,"","",SOBRE O VIADUTO DA BR-101,BARRO,"","",COLISÃO FRONTAL,"0,0","0,0","0,0","0,0","0,0","0,0","0,0","0,0","0,0","1,0","0,0","","","","","","","","","","","","",""
2227,"202319500,0",2023-08-22T00:00:00,03:16:00,SEM VÍTIMA,FINALIZADA,SAO JOSE,RUA REALEZA,5,"",AO LADO DO NÚMERO 05,SAO JOSE,"",CIDADE,CHOQUE,"1,0","0,0","0,0","0,0","0,0","0,0","0,0","0,0","0,0","0,0","0,0","","","","","","","","","","","","",""
2228,"202319503,0",2023-08-22T00:00:00,06:54:00,COM VÍTIMA,FINALIZADA,SAN MARTIN,AV JOAO CABRAL DE MELO NETO,134,"",RESTAURANTE XODO,SAN MARTIN,"","",COLISÃO LATERAL,"1,0","1,0","0,0","0,0","0,0","0,0","0,0","0,0","0,0","1,0","0,0","","","","","","","","","","","","",""
2229,"202319515,0",2023-08-22T00:00:00,07:16:00,COM VÍTIMA,FINALIZADA,IBURA,AV SANTOS,"","",PX A COMPESA,IBURA,"","",COLISÃO LATERAL,"0,0","1,0","0,0","0,0","0,0","0,0","0,0","0,0","0,0","1,0","0,0","","","","","","","","","","","","",""
2230,"202319521,0",2023-08-22T00:00:00,08:32:00,COM VÍTIMA,FINALIZADA,SAN MARTIN,AV GENERAL SAN MARTIN,"","",PROX A PRAÇA GENERAL SAN MARTIN,SAN MARTIN,"","",COLISÃO LATERAL,"1,0","1,0","0,0","0,0","0,0","0,0","0,0","0,0","0,0","1,0","0,0","","","","","","","","","","","","",""
2231,"202319526,0",2023-08-22T00:00:00,09:24:00,SEM VÍTIMA,FINALIZADA,SANTO AMARO,RUA TREZE DE MAIO,"","",EM FRENTE A ESCOLA ESTADUAL JOSÉ MARIA,SANTO AMARO,"","",COLISÃO,"1,0","0,0","0,0","0,0","0,0","0,0","0,0","1,0","0,0","0,0","0,0","","","","","","","","","","","","",""
2232,"202319545,0",2023-08-22T00:00:00,10:41:00,COM VÍTIMA,FINALIZADA,MADALENA,AV CAXANGA,"","",EM FRENTE AO COMPAZ MIGUEL ARRAES / SENTIDO RECIFE  PROX AO SEMÁFORO,MADALENA,"","",COLISÃO FRONTAL,"0,0","1,0","0,0","0,0","0,0","0,0","0,0","0,0","0,0","1,0","0,0","","","","","","","","","","","","",""
2233,"202319546,0",2023-08-22T00:00:00,10:49:00,SEM VÍTIMA,FINALIZADA,BOA VIAGEM,AV CONSELHEIRO AGUIAR,"",RUA PADRE BERNADINO PESSOA,SEMÁFORO 125 / PROX A FARMACIA SANTA MARIA,BOA VIAGEM,"","",COLISÃO FRONTAL,"2,0","1,0","0,0","0,0","0,0","0,0","0,0","0,0","0,0","0,0","0,0","","","","","","","","","","","","",""
2234,"202319560,0",2023-08-22T00:00:00,01:51:00,COM VÍTIMA,FINALIZADA,BOA VIAGEM,AV VINTE DE JANEIRO,651,"",AO LADO DO ANTIGO  GAPAO DA SADIA E A  PROX AO COLEGIO DOURADO  EA FEIJOADA DO LEOPOLDO,BOA VIAGEM,"","",COLISÃO LATERAL,"0,0","1,0","0,0","0,0","0,0","0,0","0,0","0,0","0,0","1,0","0,0","","","","","","","","","","","","",""
2235,"202319571,0",2023-08-22T00:00:00,03:34:00,COM VÍTIMA,FINALIZADA,SANTO AMARO,AV GOVERNADOR AGAMENON MAGALHAES,"","",ENTRADA DO SHOP TACARUNA LADO DA AGAMENON,SANTO AMARO,"","",COLISÃO LATERAL,"1,0","1,0","0,0","0,0","0,0","0,0","1,0","0,0","0,0","1,0","0,0","","","","","","","","","","","","",""
2236,"202319573,0",2023-08-22T00:00:00,04:15:00,SEM VÍTIMA,FINALIZADA,AFOGADOS,RUA NICOLAU PEREIRA,"","","",AFOGADOS,"73,0",CIDADE,COLISÃO,"1,0","0,0","0,0","0,0","0,0","0,0","0,0","1,0","0,0","0,0","0,0","","","","","","","","","","","","",""
2237,"202319574,0",2023-08-22T00:00:00,04:25:00,COM VÍTIMA,FINALIZADA,MADALENA,AV CAXANGA,409,"",CENTRAL DAS BATERIAS,MADALENA,"","",COLISÃO FRONTAL,"2,0","1,0","0,0","1,0","0,0","0,0","0,0","0,0","0,0","1,0","0,0","","","","","","","","","","","","",""
2238,"202319584,0",2023-08-22T00:00:00,06:31:00,COM VÍTIMA,FINALIZADA,BOA VIAGEM,RUA RIBEIRO DE BRITO,772,"",PROX AO SHOP RECIFE/PADARIA RIO SERGIO,BOA VIAGEM,"","",COLISÃO LATERAL,"1,0","1,0","0,0","0,0","0,0","0,0","0,0","0,0","0,0","1,0","0,0","","","","","","","","","","","","",""
2239,"202319597,0",2023-08-22T00:00:00,10:41:00,COM VÍTIMA,FINALIZADA,BOA VISTA,RUA DO PROGRESSO,269,RUA DAS NINFAS,"",BOA VISTA,"","",COLISÃO FRONTAL,"2,0","0,0","0,0","0,0","0,0","0,0","0,0","0,0","0,0","1,0","0,0","","","","","","","","","","","","",""
2240,"202319612,0",2023-08-23T00:00:00,08:10:00,COM VÍTIMA,FINALIZADA,AREIAS,AV DR JOSE RUFINO,2323,"",NA FRENTE DA IGREJA PREBISTERIANA E COLEGIO INCENTIVO,AREIAS,"","",COLISÃO LATERAL,"0,0","1,0","0,0","0,0","0,0","0,0","0,0","0,0","0,0","1,0","0,0","","","","","","","","","","","","",""
2241,"202319613,0",2023-08-23T00:00:00,08:11:00,COM VÍTIMA,FINALIZADA,CASA AMARELA,AV NORTE MIGUEL ARRAES DE ALENCAR,12396,"",EM FRENTE A BARRO LIMA,CASA AMARELA,"","",COLISÃO LATERAL,"0,0","1,0","0,0","0,0","0,0","0,0","0,0","0,0","0,0","1,0","0,0","","","","","","","","","","","","",""
2242,"202319614,0",2023-08-23T00:00:00,08:11:00,COM VÍTIMA,FINALIZADA,MACAXEIRA,AV NORTE MIGUEL ARRAES DE ALENCAR,10379,"",APOS O PARQUE DA MACAXEIRA  PROXIMO A ESCOLA ESTADUAL MARIA AMALIA,MACAXEIRA,"","",COLISÃO LATERAL,"0,0","1,0","0,0","0,0","0,0","0,0","0,0","0,0","0,0","1,0","0,0","","","","","","","","","","","","",""
2243,"202319628,0",2023-08-23T00:00:00,09:57:00,COM VÍTIMA,FINALIZADA,BEBERIBE,AV BEBERIBE,"","",PROX A PIZZARIA REI DO ARUMADINHO PROX A MB RASTREAMENTO,BEBERIBE,"","",COLISÃO LATERAL,"0,0","1,0","0,0","0,0","0,0","0,0","0,0","0,0","0,0","1,0","0,0","","","","","","","","","","","","",""
2244,"202319641,0",2023-08-23T00:00:00,12:57:00,COM VÍTIMA,FINALIZADA,CASA AMARELA,AV PEDRO ALLAIN,87,"",PX RETIFICA PADRA E LOJAO DAS CLINICAS,CASA AMARELA,"","",COLISÃO LATERAL,"0,0","0,0","1,0","0,0","0,0","0,0","0,0","0,0","0,0","1,0","0,0","","","","","","","","","","","","",""
2245,"202319644,0",2023-08-23T00:00:00,03:11:00,COM VÍTIMA,FINALIZADA,ILHA DO RETIRO,RUA TABAIARES,56,"",POR TRAS DO GINASIO DO SPORT E PROXIMO AO SEBRAE,ILHA DO RETIRO,"","",COLISÃO LATERAL,"0,0","1,0","0,0","0,0","0,0","0,0","0,0","0,0","0,0","1,0","0,0","","","","","","","","","","","","",""
2246,"202319645,0",2023-08-23T00:00:00,03:14:00,COM VÍTIMA,FINALIZADA,ILHA DO LEITE,RUA FRANCISCO ALVES,1460,"",AO LADO DO HOSPITAL ESPERANÇA E EM FRENTE A CASA LUX OTICA,ILHA DO LEITE,"","",COLISÃO LATERAL,"0,0","1,0","0,0","0,0","0,0","0,0","0,0","0,0","0,0","1,0","0,0","","","","","","","","","","","","",""
2247,"202319647,0",2023-08-23T00:00:00,04:31:00,COM VÍTIMA,FINALIZADA,IMBIRIBEIRA,VIADUTO TANCREDO NEVES,"","",DESCIDA DO VIADUTO,IMBIRIBEIRA,"","",COLISÃO FRONTAL,"1,0","1,0","0,0","0,0","0,0","0,0","0,0","0,0","0,0","1,0","0,0","","","","","","","","","","","","",""
2248,"202319653,0",2023-08-23T00:00:00,06:23:00,SEM VÍTIMA,FINALIZADA,BOA VIAGEM,RUA ERNESTO DE PAULA SANTOS,"",RUA JONATHAS DE VASCONCELOS,EM FRENTE AO POSTO PETROBRAS,BOA VIAGEM,"",CIDADE,COLISÃO,"1,0","0,0","0,0","0,0","0,0","0,0","1,0","0,0","0,0","0,0","0,0","","","","","","","","","","","","",""
2249,"202319661,0",2023-08-23T00:00:00,07:30:00,COM VÍTIMA,FINALIZADA,IPSEP,AV RECIFE,"","","",IPSEP,"393,0","",COLISÃO LATERAL,"0,0","1,0","0,0","0,0","0,0","0,0","0,0","0,0","0,0","1,0","0,0","","","","","","","","","","","","",""
2250,"202319662,0",2023-08-23T00:00:00,08:35:00,SEM VÍTIMA,FINALIZADA,SANTO AMARO,RUA ISRAEL FONSECA,93,"",EM FRENTE AO Nº 93,SANTO AMARO,"",SUBURBIO,COLISÃO,"1,0","1,0","0,0","0,0","0,0","0,0","0,0","0,0","0,0","0,0","0,0","","","","","","","","","","","","",""
2251,"202319665,0",2023-08-23T00:00:00,10:38:00,COM VÍTIMA,FINALIZADA,BOA VIAGEM,AV CONSELHEIRO AGUIAR,"",RUA ATLANTICO,JHONY GASTROBAR,BOA VIAGEM,"","",COLISÃO TRASEIRA,"1,0","1,0","0,0","0,0","0,0","0,0","0,0","0,0","0,0","1,0","0,0","","","","","","","","","","","","",""
2252,"202319668,0",2023-08-24T00:00:00,12:02:00,COM VÍTIMA,FINALIZADA,PINA,AV HERCULANO BANDEIRA,543,"",PRÓXIMO AO ATACADO DOS PRESENTES,PINA,"","",COLISÃO LATERAL,"1,0","1,0","0,0","0,0","0,0","0,0","0,0","0,0","0,0","1,0","0,0","","","","","","","","","","","","",""
2253,"202319672,0",2023-08-24T00:00:00,06:06:00,COM VÍTIMA,FINALIZADA,SANTO AMARO,AV MARIO MELO,"","","",SANTO AMARO,"171,0","",COLISÃO TRANSVERSAL,"0,0","2,0","0,0","0,0","0,0","0,0","0,0","0,0","0,0","2,0","0,0","","","","","","","","","","","","",""
2254,"202319707,0",2023-08-24T00:00:00,12:49:00,SEM VÍTIMA,FINALIZADA,SANTO AMARO,RUA DO POMBAL,"",PRC DO CAMPO SANTO,SESC DE SANTO AMARO,SANTO AMARO,"",SUBURBIO,COLISÃO,"1,0","0,0","0,0","0,0","0,0","0,0","0,0","0,0","0,0","0,0","0,0","","","","","","","","","","","","",""
2255,"202319709,0",2023-08-24T00:00:00,12:56:00,COM VÍTIMA,FINALIZADA,JORDAO,AV MARIA IRENE,"","",ANTES DO ATACAREJO   EDF JAYME RAMALHO,JORDAO,"","",COLISÃO FRONTAL,"1,0","1,0","0,0","0,0","0,0","0,0","0,0","0,0","0,0","2,0","0,0","","","","","","","","","","","","",""
2256,"202319711,0",2023-08-24T00:00:00,01:23:00,COM VÍTIMA,FINALIZADA,DOIS IRMAOS,RUA MANUEL DE MEDEIROS,252,"",EM FRENTE A UFRPE E PROXIMO AO HOSPITAL VETERINARIO DA UFRPE,DOIS IRMAOS,"","",COLISÃO LATERAL,"0,0","1,0","0,0","0,0","0,0","0,0","0,0","0,0","0,0","1,0","0,0","","","","","","","","","","","","",""
2257,"202319729,0",2023-08-24T00:00:00,06:07:00,COM VÍTIMA,CANCELADA,DOIS IRMAOS,AV DA RECUPERACAO,259,"",EM FRENTE AO TRADICIONAL CALDO DE CANA / FONTE DA ÁGUA MINERAL NOVA ERA,DOIS IRMAOS,"","",COLISÃO LATERAL,"0,0","0,0","0,0","0,0","0,0","0,0","0,0","0,0","0,0","1,0","0,0","","","","","","","","","","","","",""
2258,"202319731,0",2023-08-24T00:00:00,06:44:00,COM VÍTIMA,FINALIZADA,IMBIRIBEIRA,RUA ITAJAI,779,"",MOTEL IMPERIO,IMBIRIBEIRA,"","",COLISÃO LATERAL,"0,0","1,0","0,0","0,0","0,0","0,0","0,0","0,0","0,0","1,0","0,0","","","","","","","","","","","","",""
2259,"202319739,0",2023-08-24T00:00:00,07:18:00,COM VÍTIMA,FINALIZADA,CABANGA,AV ENGENHEIRO JOSE ESTELITA,879,"","",CABANGA,"",CIDADE,COLISÃO LATERAL,"0,0","1,0","0,0","0,0","0,0","0,0","0,0","0,0","0,0","2,0","0,0","","","","","","","","","","","","",""
2260,"202319746,0",2023-08-24T00:00:00,08:57:00,COM VÍTIMA,FINALIZADA,IBURA,AV DOIS RIOS,"",RUA RIO XINGU,EM FRENTE AO POSTO BR,IBURA,"","",COLISÃO FRONTAL,"1,0","1,0","0,0","0,0","0,0","0,0","0,0","0,0","0,0","2,0","0,0","","","","","","","","","","","","",""
2261,"202319749,0",2023-08-24T00:00:00,10:06:00,COM VÍTIMA,CANCELADA,IBURA,AV DOIS RIOS,301,"",PRÓXIMO À CLÍNICA À CLÍNICA ARNALDO MARQUES,IBURA,"","",COLISÃO LATERAL,"0,0","1,0","0,0","0,0","0,0","0,0","0,0","0,0","0,0","1,0","0,0","","","","","","","","","","","","",""
2262,"202319751,0",2023-08-25T00:00:00,12:21:00,COM VÍTIMA,CANCELADA,SANTO AMARO,AV GOVERNADOR AGAMENON MAGALHAES,"",RUA ODORICO MENDES,PRÓXIMO AO IC E CEPLANC,SANTO AMARO,"","",COLISÃO TRASEIRA,"0,0","2,0","0,0","0,0","0,0","0,0","0,0","0,0","0,0","2,0","0,0","","","","","","","","","","","","",""
2263,"202319752,0",2023-08-25T00:00:00,06:29:00,COM VÍTIMA,FINALIZADA,MACAXEIRA,AV NORTE MIGUEL ARRAES DE ALENCAR,"","",PROX. AO PARQUE E INTEGRAÇÃO DA MACAXEIRA,MACAXEIRA,"","",COLISÃO LATERAL,"0,0","1,0","0,0","0,0","0,0","0,0","0,0","0,0","0,0","1,0","0,0","","","","","","","","","","","","",""
2264,"202319763,0",2023-08-25T00:00:00,08:01:00,SEM VÍTIMA,FINALIZADA,DOIS UNIDOS,AV HILDEBRANDO DE VASCONCELOS,24,"",PROX AO DEPOSITO DE BEBIDA ALBURQUEQUE,DOIS UNIDOS,"","",COLISÃO LATERAL,"1,0","0,0","0,0","0,0","0,0","1,0","0,0","0,0","0,0","0,0","0,0","","","","","","","","","","","","",""
2265,"202319768,0",2023-08-25T00:00:00,08:30:00,COM VÍTIMA,FINALIZADA,CASA AMARELA,AV NORTE MIGUEL ARRAES DE ALENCAR,4895,"",IGREJA DO AMOR,CASA AMARELA,"","",COLISÃO LATERAL,"1,0","0,0","0,0","1,0","0,0","0,0","0,0","0,0","0,0","1,0","0,0","","","","","","","","","","","","",""
2266,"202319770,0",2023-08-25T00:00:00,08:56:00,SEM VÍTIMA,FINALIZADA,BOA VISTA,RUA DA SAUDADE,"","",AO LADO DO EDIFÍCIO MARAJÓ,BOA VISTA,"308,0","",COLISÃO TRASEIRA,"3,0","0,0","0,0","0,0","0,0","0,0","0,0","0,0","0,0","0,0","0,0","","","","","","","","","","","","",""
2267,"202319780,0",2023-08-25T00:00:00,11:16:00,COM VÍTIMA,FINALIZADA,BOA VIAGEM,RUA ANTONIO FALCAO,80,"",EMBAIXO DO VIADUTO DA VIA MANGUE,BOA VIAGEM,"","",COLISÃO LATERAL,"0,0","1,0","0,0","0,0","0,0","0,0","0,0","0,0","0,0","1,0","0,0","","","","","","","","","","","","",""
2268,"202319784,0",2023-08-25T00:00:00,11:31:00,COM VÍTIMA,FINALIZADA,IMBIRIBEIRA,RUA DUQUE ESTRADA,59,"","CRUZAMENTO COM A RUA BARAO DE AGUA BRANCA , PROX AO LE PARK",IMBIRIBEIRA,"","",COLISÃO LATERAL,"0,0","1,0","0,0","0,0","0,0","0,0","0,0","0,0","0,0","1,0","0,0","","","","","","","","","","","","",""
2269,"202319801,0",2023-08-25T00:00:00,01:50:00,COM VÍTIMA,FINALIZADA,BOA VISTA,RUA PRINCESA IZABEL,107,"",E/F A CAMARA  MUNICIPAL DOS VEREADORES,BOA VISTA,"","",COLISÃO LATERAL,"1,0","1,0","0,0","0,0","0,0","0,0","0,0","0,0","0,0","1,0","0,0","","","","","","","","","","","","",""
2270,"202319807,0",2023-08-25T00:00:00,02:26:00,COM VÍTIMA,FINALIZADA,IMBIRIBEIRA,RUA ITAJUBA,243,"",PROX AO PANDEIRÃO E AO ARMAZEM ALICERPE,IMBIRIBEIRA,"","",COLISÃO LATERAL,"0,0","1,0","0,0","0,0","0,0","0,0","0,0","0,0","0,0","1,0","0,0","","","","","","","","","","","","",""
2271,"202319814,0",2023-08-25T00:00:00,04:26:00,COM VÍTIMA,FINALIZADA,AFOGADOS,AV SUL,1880,"",MARMOARIA,AFOGADOS,"","",COLISÃO LATERAL,"1,0","0,0","0,0","1,0","0,0","0,0","0,0","0,0","0,0","1,0","0,0","","","","","","","","","","","","",""
2272,"202319819,0",2023-08-25T00:00:00,05:58:00,COM VÍTIMA,FINALIZADA,NOVA DESCOBERTA,AV VEREADOR OTACILIO AZEVEDO,366,"",PROXIMO A FABRICA DA KINITOS E PROXIMO AO PSF DA VILA DA BOA VISTA,NOVA DESCOBERTA,"","",COLISÃO LATERAL,"0,0","1,0","0,0","0,0","0,0","0,0","0,0","0,0","0,0","1,0","0,0","","","","","","","","","","","","",""
2273,"202319821,0",2023-08-25T00:00:00,06:12:00,COM VÍTIMA,FINALIZADA,SANTO AMARO,AV GOVERNADOR AGAMENON MAGALHAES,8659,"",JEEP / SENTIDO OLINDA,SANTO AMARO,"","",COLISÃO LATERAL,"0,0","0,0","0,0","0,0","0,0","0,0","0,0","0,0","0,0","1,0","0,0","","","","","","","","","","","","",""
2274,"202319822,0",2023-08-25T00:00:00,06:25:00,COM VÍTIMA,FINALIZADA,ARRUDA,AV BEBERIBE,"","",DE FRENTE AO ESTÁDIO DO SANTA CRUZ,ARRUDA,"","",COLISÃO LATERAL,"0,0","0,0","0,0","1,0","0,0","1,0","0,0","0,0","0,0","1,0","0,0","","","","","","","","","","","","",""
2275,"202319827,0",2023-08-25T00:00:00,07:25:00,COM VÍTIMA,FINALIZADA,MADALENA,RUA JOSE OSORIO,680,"",TEXEIRA PRIME,MADALENA,"","",COLISÃO FRONTAL,"0,0","2,0","0,0","0,0","0,0","0,0","0,0","0,0","0,0","2,0","0,0","","","","","","","","","","","","",""
2276,"202319832,0",2023-08-25T00:00:00,08:30:00,COM VÍTIMA,CANCELADA,VASCO DA GAMA,RUA DOIS DE FEVEREIRO,368,"","",VASCO DA GAMA,"","",COLISÃO LATERAL,"0,0","1,0","0,0","0,0","0,0","0,0","0,0","0,0","0,0","1,0","0,0","","","","","","","","","","","","",""