_id,Protocolo,data,hora,natureza_acidente,situacao,bairro,endereco,numero,detalhe_endereco_acidente,complemento,bairro_cruzamento,num_semaforo,sentido_via,tipo,auto,moto,ciclom,ciclista,pedestre,onibus,caminhao,viatura,outros,vitimas,vitimasfatais,acidente_verificado,tempo_clima,situacao_semaforo,sinalizacao,condicao_via,conservacao_via,ponto_controle,situacao_placa,velocidade_max_via,mao_direcao,divisao_via1,divisao_via2,divisao_via3
2349,"202320330,0",2023-08-31T00:00:00,12:31:00,COM VÍTIMA,FINALIZADA,DOIS IRMAOS,RUA MANUEL DE MEDEIROS,271,"",EM FRENTE A UFRPE E AO PREDIO DA CEGOE,DOIS IRMAOS,"","",COLISÃO LATERAL,"0,0","1,0","0,0","0,0","0,0","0,0","0,0","0,0","0,0","1,0","0,0","","","","","","","","","","","","",""
2350,"202320343,0",2023-08-31T00:00:00,04:00:00,COM VÍTIMA,FINALIZADA,SANTO ANTONIO,AV DANTAS BARRETO,2546,"",PROXIMO AO TERMINAL DA 1002 E NO FINAL DO CAMELODROMO,SANTO ANTONIO,"","",COLISÃO LATERAL,"0,0","1,0","0,0","0,0","0,0","0,0","0,0","0,0","0,0","1,0","0,0","","","","","","","","","","","","",""
2351,"202320350,0",2023-08-31T00:00:00,06:09:00,COM VÍTIMA,FINALIZADA,TORRE,AV BEIRA RIO,1313,"",PONTE DA TORRE / QUADRA DE FUTEBOL,TORRE,"","",COLISÃO LATERAL,"1,0","1,0","0,0","0,0","0,0","0,0","0,0","0,0","0,0","1,0","0,0","","","","","","","","","","","","",""
2352,"202320357,0",2023-09-01T00:00:00,03:54:00,SEM VÍTIMA,FINALIZADA,TAMARINEIRA,RUA GOMES COUTINHO,120,"",TORRES DA TAMARINEIRA,TAMARINEIRA,"","",COLISÃO LATERAL,"4,0","0,0","0,0","0,0","0,0","0,0","0,0","0,0","0,0","0,0","0,0","","","","","","","","","","","","",""
2353,"202320386,0",2023-09-01T00:00:00,09:36:00,COM VÍTIMA,FINALIZADA,BOA VIAGEM,AVENIDA CELSO FURTADO (VIA MANGUE),"","","SENT. CENTRO,  APOS O ASSAI ATACADISTA",BOA VIAGEM,"","",COLISÃO,"0,0","1,0","0,0","0,0","0,0","0,0","0,0","0,0","0,0","1,0","0,0","","","","","","","","","","","","",""
2354,"202320387,0",2023-09-01T00:00:00,09:36:00,COM VÍTIMA,FINALIZADA,APIPUCOS,RUA DE APIPUCOS,235,"",EM FRENTE AO EDF. SARDENHA// APOS O LARGO DO APIPUCOS,APIPUCOS,"","",COLISÃO,"0,0","1,0","0,0","0,0","0,0","0,0","0,0","0,0","0,0","1,0","0,0","","","","","","","","","","","","",""
2355,"202320390,0",2023-09-01T00:00:00,10:13:00,COM VÍTIMA,FINALIZADA,AFOGADOS,RUA VINTE E UM DE ABRIL,"","",PROX A GALERIA CENTER / ESTAÇÃO IPIRANGA / CLUBE FERROVIARIO,AFOGADOS,"","",COLISÃO LATERAL,"2,0","1,0","0,0","0,0","0,0","0,0","0,0","0,0","0,0","1,0","0,0","","","","","","","","","","","","",""
2356,"202320399,0",2023-09-01T00:00:00,12:03:00,COM VÍTIMA,FINALIZADA,DOIS UNIDOS,AV HILDEBRANDO DE VASCONCELOS,"","",PROX A PADARIA ESTELANÇA,DOIS UNIDOS,"","",COLISÃO,"0,0","1,0","0,0","0,0","0,0","0,0","0,0","0,0","0,0","1,0","0,0","","","","","","","","","","","","",""
2357,"202320406,0",2023-09-01T00:00:00,12:45:00,COM VÍTIMA,FINALIZADA,TORROES,AV ENGENHEIRO ABDIAS DE CARVALHO,"","",DEPOIS DA UPA / SENTIDO CURADO PROX A LOMBADA ELETRONICA,TORROES,"271,0","",COLISÃO LATERAL,"0,0","2,0","0,0","0,0","0,0","0,0","0,0","0,0","0,0","1,0","0,0","","","","","","","","","","","","",""
2358,"202320421,0",2023-09-01T00:00:00,03:49:00,COM VÍTIMA,FINALIZADA,BONGI,AV ENGENHEIRO ABDIAS DE CARVALHO,2266,"",BIG CAR,BONGI,"","",COLISÃO LATERAL,"0,0","0,0","0,0","0,0","0,0","0,0","0,0","0,0","0,0","1,0","0,0","","","","","","","","","","","","",""
2359,"202320424,0",2023-09-01T00:00:00,04:46:00,COM VÍTIMA,FINALIZADA,SAO JOSE,RUA DA CONCORDIA,818,"",EM FRENTE A CASA DAS PLACAS E PROXIMO AO SINDICATO DOS TRABALHADORES,SAO JOSE,"","",COLISÃO LATERAL,"0,0","1,0","0,0","0,0","0,0","0,0","0,0","0,0","0,0","1,0","0,0","","","","","","","","","","","","",""
2360,"202320426,0",2023-09-01T00:00:00,05:18:00,COM VÍTIMA,FINALIZADA,CAXANGA,PTE PROFESSOR MORAES REGO,37,"",HOSPITAL BARÃO DE LUCENA,CAXANGA,"","",COLISÃO LATERAL,"0,0","0,0","0,0","0,0","0,0","0,0","0,0","0,0","0,0","1,0","0,0","","","","","","","","","","","","",""
2361,"202320428,0",2023-09-01T00:00:00,05:50:00,COM VÍTIMA,FINALIZADA,MONTEIRO,AV DEZESSETE DE AGOSTO,211,"",HOSPITAL ERMIRIO DE MORAES,MONTEIRO,"","",COLISÃO LATERAL,"0,0","0,0","0,0","0,0","0,0","0,0","0,0","0,0","0,0","1,0","0,0","","","","","","","","","","","","",""
2362,"202320430,0",2023-09-01T00:00:00,06:09:00,COM VÍTIMA,FINALIZADA,ROSARINHO,RUA DR JOSE MARIA,1045,"",PORTAL DA PICANHA,ROSARINHO,"","",COLISÃO LATERAL,"0,0","0,0","0,0","0,0","0,0","0,0","0,0","0,0","0,0","1,0","0,0","","","","","","","","","","","","",""
2363,"202320432,0",2023-09-01T00:00:00,06:22:00,COM VÍTIMA,FINALIZADA,IPSEP,RUA PINTOR ANTONIO ALBUQUERQUE,311,"",ASSOCIAÇÃO DOS MOTORISTAS DE PE,IPSEP,"","",COLISÃO LATERAL,"0,0","0,0","0,0","0,0","0,0","0,0","0,0","0,0","0,0","1,0","0,0","","","","","","","","","","","","",""
2364,"202320440,0",2023-09-01T00:00:00,07:15:00,VÍTIMA FATAL,FINALIZADA,FUNDAO,AV BEBERIBE,"","",PROXIMO AO COLEGIO PEDRO AUGUSTO,FUNDAO,"",CIDADE,ATROPELAMENTO DE PESSOA,"0,0","0,0","0,0","0,0","1,0","1,0","0,0","0,0","0,0","0,0","1,0","","","","","","","","","","","","",""
2365,"202320451,0",2023-09-01T00:00:00,10:58:00,COM VÍTIMA,CANCELADA,PORTO DA MADEIRA,AV BEBERIBE,4024,"",E/F À ANTIGA PIZZARIA DO GORDO,PORTO DA MADEIRA,"","",COLISÃO TRANSVERSAL,"0,0","1,0","0,0","0,0","0,0","0,0","0,0","0,0","0,0","1,0","0,0","","","","","","","","","","","","",""
2366,"202320453,0",2023-09-02T00:00:00,12:27:00,COM VÍTIMA,CANCELADA,CAXANGA,RUA RIBEIRO PESSOA,324,"",EM FRENTE AO CONDOMINIO FICCOS BENJAMIM,CAXANGA,"","",COLISÃO,"1,0","1,0","0,0","0,0","0,0","0,0","0,0","0,0","0,0","1,0","0,0","","","","","","","","","","","","",""
2367,"202320455,0",2023-09-02T00:00:00,01:38:00,COM VÍTIMA,CANCELADA,IPSEP,RUA JEAN EMILE FAVRE,1655,AV RECIFE,"",IPSEP,"","",COLISÃO LATERAL,"1,0","1,0","0,0","0,0","0,0","0,0","0,0","0,0","0,0","1,0","0,0","","","","","","","","","","","","",""
2368,"202320456,0",2023-09-02T00:00:00,01:47:00,SEM VÍTIMA,FINALIZADA,CASA FORTE,AV DEZESSETE DE AGOSTO,1986,"",EM FRENTE AO LABORATORIO MARCELO MAGALHAES,CASA FORTE,"","",COLISÃO FRONTAL,"2,0","0,0","0,0","0,0","0,0","0,0","0,0","0,0","0,0","0,0","0,0","","","","","","","","","","","","",""
2369,"202320461,0",2023-09-02T00:00:00,05:37:00,COM VÍTIMA,FINALIZADA,CORDEIRO,AV CAXANGA,"","",EM FRENTE AO GOLF CLUB,CORDEIRO,"",CIDADE,QUEDA,"0,0","1,0","0,0","0,0","1,0","0,0","1,0","0,0","0,0","1,0","0,0","","","","","","","","","","","","",""
2370,"202320477,0",2023-09-02T00:00:00,09:45:00,COM VÍTIMA,FINALIZADA,IMBIRIBEIRA,VIADUTO TANCREDO NEVES,"","","EM CIMA DO VIADUTO, APOS O RESTAURANTE SAL E BRASA",IMBIRIBEIRA,"","",COLISÃO LATERAL,"0,0","1,0","0,0","0,0","0,0","0,0","0,0","0,0","0,0","1,0","0,0","","","","","","","","","","","","",""
2371,"202320483,0",2023-09-02T00:00:00,10:27:00,COM VÍTIMA,FINALIZADA,BEBERIBE,AV BEBERIBE,"","",PROX. A BEBERIBE AUTO PEÇAS E PRAÇA DA CONVENÇÃO,BEBERIBE,"","",COLISÃO LATERAL,"0,0","1,0","0,0","0,0","0,0","0,0","0,0","0,0","0,0","1,0","0,0","","","","","","","","","","","","",""
2372,"202320485,0",2023-09-02T00:00:00,11:19:00,COM VÍTIMA,FINALIZADA,SAO JOSE,RUA IMPERIAL,"","","PROX. AO CRISTAL EXECUTIVO HOTEL, AO LADO DO SEMAFORO 511",SAO JOSE,"","",COLISÃO LATERAL,"0,0","1,0","0,0","0,0","0,0","0,0","0,0","0,0","0,0","1,0","0,0","","","","","","","","","","","","",""
2373,"202320486,0",2023-09-02T00:00:00,11:21:00,COM VÍTIMA,FINALIZADA,BOA VIAGEM,RUA CARLOS PEREIRA FALCAO,"","",PROX. AO EMPRESARIAL IBRAHIM NEJAIM,BOA VIAGEM,"","",COLISÃO LATERAL,"0,0","1,0","0,0","0,0","0,0","0,0","0,0","0,0","0,0","1,0","0,0","","","","","","","","","","","","",""
2374,"202320494,0",2023-09-02T00:00:00,12:56:00,COM VÍTIMA,FINALIZADA,AGUA FRIA,AV BEBERIBE,1869,"",LOJA DOMINANTE,AGUA FRIA,"","",COLISÃO LATERAL,"1,0","1,0","0,0","0,0","0,0","0,0","0,0","0,0","0,0","1,0","0,0","","","","","","","","","","","","",""
2375,"202320495,0",2023-09-02T00:00:00,01:43:00,COM VÍTIMA,FINALIZADA,TORRE,RUA JOSE BONIFACIO,3306,"",EM FRENTE AO CARREFOUR,TORRE,"","",COLISÃO LATERAL,"0,0","0,0","0,0","0,0","0,0","0,0","0,0","0,0","0,0","1,0","0,0","","","","","","","","","","","","",""
2376,"202320498,0",2023-09-02T00:00:00,02:56:00,COM VÍTIMA,FINALIZADA,AGUA FRIA,EST VELHA DE AGUA FRIA,619,"",O BOTICARIO,AGUA FRIA,"","",COLISÃO LATERAL,"1,0","1,0","0,0","0,0","0,0","0,0","0,0","0,0","0,0","1,0","0,0","","","","","","","","","","","","",""
2377,"202320499,0",2023-09-02T00:00:00,03:01:00,COM VÍTIMA,FINALIZADA,IBURA,LAD DA COHAB,87,"",ANTIGO HOTEL GIRADOURO,IBURA,"","",COLISÃO TRASEIRA,"0,0","1,0","0,0","0,0","0,0","1,0","0,0","0,0","0,0","2,0","0,0","","","","","","","","","","","","",""
2378,"202320500,0",2023-09-02T00:00:00,03:22:00,COM VÍTIMA,FINALIZADA,BOA VIAGEM,RUA VISCONDE DE CABO FRIO,59,"",POUSADA MARAVILHA,BOA VIAGEM,"","",COLISÃO FRONTAL,"1,0","1,0","0,0","0,0","0,0","0,0","0,0","0,0","0,0","1,0","0,0","","","","","","","","","","","","",""
2379,"202320501,0",2023-09-02T00:00:00,03:26:00,COM VÍTIMA,FINALIZADA,AREIAS,RUA IPOJUCA,163,"",MINI SHOPPING,AREIAS,"","",CHOQUE,"0,0","1,0","0,0","0,0","0,0","0,0","0,0","0,0","0,0","1,0","0,0","","","","","","","","","","","","",""
2380,"202320515,0",2023-09-02T00:00:00,09:08:00,COM VÍTIMA,FINALIZADA,JOANA BEZERRA,VIADUTO CAPITAO TEMUDO,"","",EM CIMA DO VIADUTO CAPITÃO TEMUDO,JOANA BEZERRA,"","",COLISÃO LATERAL,"1,0","1,0","0,0","0,0","0,0","0,0","0,0","0,0","0,0","1,0","0,0","","","","","","","","","","","","",""
2381,"202320527,0",2023-09-03T00:00:00,07:54:00,COM VÍTIMA,FINALIZADA,SANTO AMARO,AV MARIO MELO,"",AV CRUZ CABUGA,"",SANTO AMARO,"","",COLISÃO LATERAL,"0,0","0,0","0,0","0,0","0,0","0,0","0,0","0,0","0,0","1,0","0,0","","","","","","","","","","","","",""
2382,"202320535,0",2023-09-03T00:00:00,09:53:00,COM VÍTIMA,FINALIZADA,CASA AMARELA,RUA PADRE LEMOS,572,"",PROX FERREIRA PINTO E A KINITOS,CASA AMARELA,"","",COLISÃO LATERAL,"0,0","1,0","0,0","0,0","0,0","0,0","0,0","0,0","0,0","1,0","0,0","","","","","","","","","","","","",""
2383,"202320537,0",2023-09-03T00:00:00,10:29:00,COM VÍTIMA,FINALIZADA,IBURA,RUA VISCONDE DE AZUARA,537,"",ALTO DA BELA VISTA IBURA DE BAIXO,IBURA,"","",COLISÃO FRONTAL,"0,0","1,0","0,0","0,0","0,0","0,0","0,0","0,0","0,0","1,0","0,0","","","","","","","","","","","","",""
2384,"202320543,0",2023-09-03T00:00:00,11:34:00,COM VÍTIMA,FINALIZADA,SAO JOSE,RUA ANDRE VIDAL DE NEGREIROS,850,"",E/F FORTE DE CINCO PONTES,SAO JOSE,"","","","0,0","1,0","0,0","0,0","0,0","0,0","0,0","0,0","0,0","1,0","0,0","","","","","","","","","","","","",""
2385,"202320544,0",2023-09-03T00:00:00,11:37:00,COM VÍTIMA,FINALIZADA,AGUA FRIA,AV ANIBAL BENEVOLO,651,"",EM FRENTE AO CLUBE BELA VISTA AO LADO DO VIA SHOW,AGUA FRIA,"","",COLISÃO LATERAL,"0,0","1,0","0,0","0,0","0,0","0,0","0,0","0,0","0,0","1,0","0,0","","","","","","","","","","","","",""
2386,"202320566,0",2023-09-03T00:00:00,03:33:00,COM VÍTIMA,FINALIZADA,BOA VIAGEM,AV ENGENHEIRO DOMINGOS FERREIRA,2428,"",PROX AO MEDICAL CENTER,BOA VIAGEM,"","",COLISÃO LATERAL,"0,0","1,0","0,0","0,0","0,0","0,0","0,0","0,0","0,0","1,0","0,0","","","","","","","","","","","","",""
2387,"202320573,0",2023-09-03T00:00:00,04:48:00,COM VÍTIMA,FINALIZADA,TEJIPIO,RUA FALCAO DE LACERDA,1114,"",PROX A ESTAÇAO DO METRO E/F AO CARTORIO DE TEJIPIO,TEJIPIO,"","",COLISÃO FRONTAL,"1,0","1,0","0,0","0,0","0,0","0,0","0,0","0,0","0,0","1,0","0,0","","","","","","","","","","","","",""
2388,"202320575,0",2023-09-03T00:00:00,06:09:00,COM VÍTIMA,FINALIZADA,TOTO,AV LIBERDADE,"","",PROX AO BIDU KRAUSE  E O BAR DO AMARELINDO,TOTO,"","",COLISÃO LATERAL,"0,0","1,0","0,0","0,0","0,0","0,0","0,0","0,0","0,0","1,0","0,0","","","","","","","","","","","","",""
2389,"202320586,0",2023-09-03T00:00:00,08:04:00,COM VÍTIMA,FINALIZADA,MADALENA,RUA ARLINDO GOUVEIA,145,"",EDFº MARIA CARMEN E  MARIA DA GLORIA,MADALENA,"","",ATROPELAMENTO DE PESSOA,"1,0","0,0","0,0","0,0","1,0","0,0","0,0","0,0","0,0","1,0","0,0","","","","","","","","","","","","",""
2390,"202320587,0",2023-09-03T00:00:00,08:54:00,SEM VÍTIMA,CANCELADA,BOMBA DO HEMETERIO,RUA BOMBA DO HEMETERIO,36,"",EM FRENTE AO POSTO DE GASOLINA,BOMBA DO HEMETERIO,"","",CHOQUE,"0,0","0,0","0,0","0,0","0,0","0,0","0,0","0,0","0,0","0,0","0,0","","","","","","","","","","","","",""
2391,"202320589,0",2023-09-03T00:00:00,10:59:00,COM VÍTIMA,CANCELADA,IBURA,AV DOIS RIOS,"",RUA RIO XINGU,PROX. A ACADEMIA MOTIVO,IBURA,"","",COLISÃO TRANSVERSAL,"1,0","1,0","0,0","0,0","0,0","0,0","0,0","0,0","0,0","1,0","0,0","","","","","","","","","","","","",""
2392,"202320590,0",2023-09-04T00:00:00,12:58:00,COM VÍTIMA,FINALIZADA,IPSEP,RUA BLUMENAU,"","",PROX. AO BAR DE LUCIANO,IPSEP,"","",COLISÃO TRANSVERSAL,"0,0","1,0","0,0","0,0","0,0","0,0","0,0","0,0","0,0","1,0","0,0","","","","","","","","","","","","",""
2393,"202320602,0",2023-09-04T00:00:00,08:47:00,COM VÍTIMA,FINALIZADA,BOA VIAGEM,AV BOA VIAGEM,998,"","APOS ACADAMIA DA CIDADE // ED. CALIFORNIA ,E/F AS QUADRAS",BOA VIAGEM,"","",COLISÃO LATERAL,"0,0","1,0","0,0","0,0","0,0","0,0","0,0","0,0","0,0","1,0","0,0","","","","","","","","","","","","",""
2394,"202320612,0",2023-09-04T00:00:00,10:00:00,COM VÍTIMA,FINALIZADA,MONTEIRO,AV DEZESSETE DE AGOSTO,"","",EM FRENTE AO COLEGIO SILVA JARDIM,MONTEIRO,"","",COLISÃO LATERAL,"0,0","1,0","0,0","0,0","0,0","0,0","0,0","0,0","0,0","1,0","0,0","","","","","","","","","","","","",""
2395,"202320616,0",2023-09-04T00:00:00,11:04:00,COM VÍTIMA,FINALIZADA,PINA,AV REPUBLICA ARABE UNIDA,"","",ENTRE O EMPRESARIAL TRADE CENTER E SHOPPING RIO MAR,PINA,"","",COLISÃO LATERAL,"0,0","1,0","0,0","0,0","0,0","0,0","0,0","0,0","0,0","1,0","0,0","","","","","","","","","","","","",""
2396,"202320622,0",2023-09-04T00:00:00,12:57:00,SEM VÍTIMA,FINALIZADA,"",AV ARMINDO MOURA,"","",AV. BOA VIAGEM,"","84,0",SUBURBIO,"","1,0","1,0","0,0","0,0","0,0","0,0","0,0","0,0","0,0","0,0","0,0","","","","","","","","","","","","",""
2397,"202320623,0",2023-09-04T00:00:00,01:09:00,SEM VÍTIMA,FINALIZADA,SAO JOSE,RUA BARAO DA VITORIA,194,"",AO LADO DA LOJA MOTOKEIRO,SAO JOSE,"",SUBURBIO,"","1,0","0,0","0,0","0,0","0,0","0,0","0,0","1,0","0,0","0,0","0,0","","","","","","","","","","","","",""
2398,"202320624,0",2023-09-04T00:00:00,01:15:00,COM VÍTIMA,FINALIZADA,TAMARINEIRA,RUA CONEGO BARATA,637,"",EM FRENTE AO ESPAÇO DE REVENDEDORES O BOTICARIO/ SENTIDO ESTRADA VELHA DE AGUA FRIA,TAMARINEIRA,"","",COLISÃO LATERAL,"1,0","1,0","0,0","0,0","0,0","0,0","0,0","0,0","0,0","1,0","0,0","","","","","","","","","","","","",""
2399,"202320625,0",2023-09-04T00:00:00,01:30:00,COM VÍTIMA,FINALIZADA,BOA VIAGEM,AV CONSELHEIRO AGUIAR,1538,"",PROX AO EMPRESARIAL JOÃO ROMA E ANTES DA PIZZARIA HUT,BOA VIAGEM,"","",COLISÃO LATERAL,"0,0","1,0","0,0","0,0","0,0","0,0","0,0","0,0","0,0","1,0","0,0","","","","","","","","","","","","",""
2400,"202320626,0",2023-09-04T00:00:00,01:38:00,COM VÍTIMA,FINALIZADA,SANTO AMARO,AV CRUZ CABUGA,"","",EM FRENTE A CAIXA ECONOMICA FEDERALE EM FRENTE AO COLEGIO SIZENANDO SILVEIRA,SANTO AMARO,"","",COLISÃO LATERAL,"0,0","1,0","0,0","0,0","0,0","0,0","0,0","0,0","0,0","1,0","0,0","","","","","","","","","","","","",""
2401,"202320629,0",2023-09-04T00:00:00,02:42:00,COM VÍTIMA,FINALIZADA,BRASILIA TEIMOSA,RUA FRANCISCO VALPASSOS,"","",AO LADO DO PATIO DA FEIRA  APOS A ESCOLA ESTATUAL  CHATEAU BRIAND,BRASILIA TEIMOSA,"","",ATROPELAMENTO DE PESSOA,"0,0","0,0","0,0","0,0","1,0","1,0","0,0","0,0","0,0","1,0","0,0","","","","","","","","","","","","",""
2402,"202320631,0",2023-09-04T00:00:00,02:52:00,COM VÍTIMA,FINALIZADA,VARZEA,AV JOAQUIM RIBEIRO,839,"",PROX A UPA DA CAXANGÁ E AO POSTO DE GASOLINA SHELL,VARZEA,"","",COLISÃO LATERAL,"0,0","1,0","0,0","0,0","0,0","0,0","0,0","0,0","0,0","1,0","0,0","","","","","","","","","","","","",""
2403,"202320636,0",2023-09-04T00:00:00,03:27:00,COM VÍTIMA,FINALIZADA,ILHA DO LEITE,RUA GENERAL JOAQUIM INACIO,401,"",306 POR TRAS DO COLEGIO SALESIANO,ILHA DO LEITE,"","",COLISÃO LATERAL,"0,0","1,0","0,0","0,0","0,0","0,0","0,0","0,0","0,0","1,0","0,0","","","","","","","","","","","","",""
2404,"202320639,0",2023-09-04T00:00:00,04:21:00,COM VÍTIMA,FINALIZADA,BOA VIAGEM,AV ENGENHEIRO DOMINGOS FERREIRA,2300,"",EM FRENTE AO HOTEL GABRIEL BACELAR E PROX A ESCOLA MUNICIPAL OSVALDO LIMA FILHO,BOA VIAGEM,"","",COLISÃO LATERAL,"0,0","1,0","0,0","0,0","0,0","0,0","0,0","0,0","0,0","1,0","0,0","","","","","","","","","","","","",""
2405,"202320643,0",2023-09-04T00:00:00,05:08:00,COM VÍTIMA,FINALIZADA,APIPUCOS,RUA DE APIPUCOS,1230,"",11º BATALHÃO DA POLICIA MILITAR,APIPUCOS,"","",ATROPELAMENTO DE PESSOA,"0,0","1,0","0,0","0,0","1,0","0,0","0,0","0,0","0,0","1,0","0,0","","","","","","","","","","","","",""
2406,"202320645,0",2023-09-04T00:00:00,05:13:00,COM VÍTIMA,FINALIZADA,MORRO DA CONCEICAO,AV NORTE MIGUEL ARRAES DE ALENCAR,"","",EM FRENTE A UPINHA MOACIR ANDRE GOMES,MORRO DA CONCEICAO,"","",COLISÃO LATERAL,"0,0","1,0","0,0","0,0","0,0","0,0","0,0","0,0","0,0","1,0","0,0","","","","","","","","","","","","",""
2407,"202320647,0",2023-09-04T00:00:00,05:39:00,COM VÍTIMA,FINALIZADA,SAO JOSE,LARGO DA PAZ,"","",PROX ESTAÇAO DO LARGO DA PAZ,SAO JOSE,"","",COLISÃO LATERAL,"0,0","0,0","0,0","0,0","0,0","0,0","0,0","0,0","0,0","1,0","0,0","","","","","","","","","","","","",""
2408,"202320649,0",2023-09-04T00:00:00,05:46:00,COM VÍTIMA,FINALIZADA,IPSEP,AV RECIFE,"",RUA ADOLFO FARO,ESQUINA COM POSTO DE COMBUSTIVEL FEDERAL,IPSEP,"","",COLISÃO LATERAL,"1,0","1,0","0,0","0,0","0,0","0,0","0,0","0,0","0,0","2,0","0,0","","","","","","","","","","","","",""
2409,"202320650,0",2023-09-04T00:00:00,05:49:00,COM VÍTIMA,FINALIZADA,SANTO ANTONIO,AV GUARARAPES,203,"",EM FRENTE A CAIXA ECONOMICA E PROXIMO AOS CORREIOS,SANTO ANTONIO,"","",COLISÃO LATERAL,"0,0","1,0","0,0","0,0","0,0","0,0","0,0","0,0","0,0","1,0","0,0","","","","","","","","","","","","",""
2410,"202320652,0",2023-09-04T00:00:00,06:15:00,COM VÍTIMA,FINALIZADA,TAMARINEIRA,AV NORTE MIGUEL ARRAES DE ALENCAR,9375,RUA CONEGO BARATA,PROX AO ATACADO DOS PRESENTES,TAMARINEIRA,"","",COLISÃO LATERAL,"0,0","1,0","0,0","0,0","0,0","0,0","0,0","0,0","0,0","1,0","0,0","","","","","","","","","","","","",""
2411,"202320664,0",2023-09-04T00:00:00,08:37:00,COM VÍTIMA,FINALIZADA,PRADO,AV ENGENHEIRO ABDIAS DE CARVALHO,"",EST DOS REMEDIOS,DROGASIL,PRADO,"","",COLISÃO LATERAL,"0,0","2,0","0,0","0,0","0,0","0,0","0,0","0,0","0,0","2,0","0,0","","","","","","","","","","","","",""
2412,"202320674,0",2023-09-05T00:00:00,06:01:00,COM VÍTIMA,FINALIZADA,IMBIRIBEIRA,AV MARECHAL MASCARENHAS DE MORAES,"","",EM FRENTE A CONCESSIONÁRIA RENAULT,IMBIRIBEIRA,"",SUBURBIO,COLISÃO FRONTAL,"0,0","0,0","0,0","0,0","0,0","0,0","0,0","0,0","0,0","1,0","0,0","","","","","","","","","","","","",""
2413,"202320676,0",2023-09-05T00:00:00,07:08:00,COM VÍTIMA,FINALIZADA,ARRUDA,AV BEBERIBE,"","",ARMAZEM CORAL // ESTADIO DO SANTA CRUZ,ARRUDA,"","","","0,0","1,0","0,0","0,0","0,0","0,0","0,0","0,0","0,0","1,0","0,0","","","","","","","","","","","","",""
2414,"202320679,0",2023-09-05T00:00:00,07:25:00,COM VÍTIMA,FINALIZADA,ENCRUZILHADA,AV BEBERIBE,"",RUA PROFESSOR MIRANDA CURIO,EM FRENTE A AUTO ESCOLA BELEM// PROXIMO AO MERCADO DA ENCRUZILHADA // E EM FRENTE AO NÚMERO 247,ENCRUZILHADA,"","",COLISÃO LATERAL,"2,0","1,0","0,0","0,0","0,0","0,0","0,0","0,0","0,0","1,0","0,0","","","","","","","","","","","","",""
2415,"202320680,0",2023-09-05T00:00:00,08:16:00,COM VÍTIMA,FINALIZADA,AREIAS,AV RECIFE,10953,"",E/F ATACADÃO  ANTIGO MAKRO,AREIAS,"","","","0,0","1,0","0,0","0,0","0,0","0,0","0,0","0,0","0,0","1,0","0,0","","","","","","","","","","","","",""
2416,"202320681,0",2023-09-05T00:00:00,08:19:00,COM VÍTIMA,FINALIZADA,VARZEA,AV AFONSO OLINDENSE,962,"",E/F A EMPRESA BIOLOGICO // PROXIMO AO DESFIO JOVEM  ( PROGRAMA DA IGREJA),VARZEA,"","",COLISÃO LATERAL,"0,0","1,0","0,0","0,0","0,0","0,0","0,0","0,0","0,0","1,0","0,0","","","","","","","","","","","","",""
2417,"202320696,0",2023-09-05T00:00:00,09:18:00,COM VÍTIMA,FINALIZADA,BOA VIAGEM,RUA BARAO DE SOUZA LEAO,1144,"",EM FRENTE A SORVETERIA CHIQUINHO /// EM FRENTE AO ESTACIONAMENTO DO HOSPITAL ALFA,BOA VIAGEM,"","",ATROPELAMENTO DE PESSOA,"1,0","0,0","0,0","0,0","1,0","0,0","0,0","0,0","0,0","1,0","0,0","","","","","","","","","","","","",""
2418,"202320708,0",2023-09-05T00:00:00,11:07:00,COM VÍTIMA,FINALIZADA,SAN MARTIN,AV GENERAL SAN MARTIN,"","",EM FRENTE A PRAÇA NEWTON PEIXE,SAN MARTIN,"","",COLISÃO,"0,0","0,0","0,0","1,0","0,0","0,0","0,0","0,0","0,0","1,0","0,0","","","","","","","","","","","","",""
2419,"202320712,0",2023-09-05T00:00:00,12:05:00,COM VÍTIMA,FINALIZADA,JARDIM SAO PAULO,AV LIBERDADE,"","",EM FRENTE AO PRESIDIO ANIBAL BRUNO,JARDIM SAO PAULO,"","",COLISÃO,"0,0","1,0","0,0","0,0","0,0","0,0","0,0","0,0","0,0","1,0","0,0","","","","","","","","","","","","",""
2420,"202320722,0",2023-09-05T00:00:00,02:45:00,SEM VÍTIMA,FINALIZADA,AFOGADOS,LARGO DA PAZ,"","",E/F A PRAÇA ESQUINA DO BRADESCO,AFOGADOS,"","",COLISÃO LATERAL,"1,0","0,0","0,0","0,0","0,0","0,0","1,0","0,0","0,0","0,0","0,0","","","","","","","","","","","","",""