_id,Protocolo,data,hora,natureza_acidente,situacao,bairro,endereco,numero,detalhe_endereco_acidente,complemento,bairro_cruzamento,num_semaforo,sentido_via,tipo,auto,moto,ciclom,ciclista,pedestre,onibus,caminhao,viatura,outros,vitimas,vitimasfatais,acidente_verificado,tempo_clima,situacao_semaforo,sinalizacao,condicao_via,conservacao_via,ponto_controle,situacao_placa,velocidade_max_via,mao_direcao,divisao_via1,divisao_via2,divisao_via3
2566,"202321500,0",2023-09-16T00:00:00,05:30:00,COM VÍTIMA,FINALIZADA,SANCHO,RUA PAULINO DE FARIAS,659,"",PROX AO HOSPITAL OTAVIO DE FREITAS,SANCHO,"","",COLISÃO LATERAL,"0,0","0,0","0,0","0,0","0,0","0,0","0,0","0,0","0,0","1,0","0,0","","","","","","","","","","","","",""
2567,"202321501,0",2023-09-16T00:00:00,06:21:00,COM VÍTIMA,FINALIZADA,CAXANGA,AV CAXANGA,"","",EM FRENTE DA ESTAÇÃO DO BRT DEPOIS DA PONTE DA CAXANGÁ,CAXANGA,"",CIDADE,COLISÃO TRASEIRA,"1,0","1,0","0,0","0,0","0,0","0,0","0,0","0,0","0,0","1,0","0,0","","","","","","","","","","","","",""
2568,"202321504,0",2023-09-16T00:00:00,06:58:00,COM VÍTIMA,FINALIZADA,JAQUEIRA,AV SANTOS DUMONT,34,"","",JAQUEIRA,"","",COLISÃO,"1,0","1,0","0,0","0,0","0,0","0,0","0,0","0,0","0,0","1,0","0,0","","","","","","","","","","","","",""
2569,"202321511,0",2023-09-16T00:00:00,09:03:00,COM VÍTIMA,FINALIZADA,PRADO,RUA GOMES TABORDA,442,"",EM FRENTE AO BAILE PERFUMADO E MADEIREIRA SÃO JUDAS TADEU,PRADO,"","",QUEDA,"1,0","1,0","0,0","0,0","0,0","0,0","0,0","0,0","0,0","1,0","0,0","","","","","","","","","","","","",""
2570,"202321513,0",2023-09-16T00:00:00,09:18:00,COM VÍTIMA,DUPLICIDADE,PRADO,RUA GOMES TABORDA,"","",MADEIRA SÃO JUDAS TADEU,PRADO,"","",QUEDA,"0,0","1,0","0,0","0,0","0,0","0,0","0,0","0,0","0,0","1,0","0,0","","","","","","","","","","","","",""
2571,"202321514,0",2023-09-16T00:00:00,09:52:00,COM VÍTIMA,FINALIZADA,IPSEP,AV RECIFE,6729,"","PRÓXIMO AO ARMAZÉM CORAL, SAÍDA DO IBURA",IPSEP,"","",COLISÃO,"0,0","0,0","0,0","0,0","0,0","0,0","0,0","0,0","0,0","1,0","0,0","","","","","","","","","","","","",""
2572,"202321516,0",2023-09-16T00:00:00,11:20:00,COM VÍTIMA,FINALIZADA,BOMBA DO HEMETERIO,COR DO BARTOLOMEU,484,"",EM FRENTE A SORVETERIA SORVETÃO,BOMBA DO HEMETERIO,"","",COLISÃO LATERAL,"2,0","1,0","0,0","0,0","0,0","0,0","0,0","0,0","0,0","2,0","0,0","","","","","","","","","","","","",""
2573,"202321526,0",2023-09-17T00:00:00,05:19:00,SEM VÍTIMA,FINALIZADA,IMBIRIBEIRA,RUA JOSE DA SILVA LUCENA,241,"","",IMBIRIBEIRA,"","",COLISÃO LATERAL,"2,0","0,0","0,0","0,0","0,0","0,0","0,0","0,0","0,0","0,0","0,0","","","","","","","","","","","","",""
2574,"202321532,0",2023-09-17T00:00:00,07:16:00,COM VÍTIMA,FINALIZADA,DOIS IRMAOS,RUA MANUEL DE MEDEIROS,"","",EM FRENTE AO LAFEPE,DOIS IRMAOS,"","",QUEDA,"0,0","1,0","0,0","0,0","0,0","0,0","0,0","0,0","0,0","1,0","0,0","","","","","","","","","","","","",""
2575,"202321553,0",2023-09-17T00:00:00,10:35:00,COM VÍTIMA,FINALIZADA,BOA VISTA,RUA DA SOLEDADE,"","",RUA POR TRAS DO ALTINO VENTURA,BOA VISTA,"","",COLISÃO LATERAL,"2,0","0,0","0,0","0,0","0,0","0,0","0,0","0,0","0,0","1,0","0,0","","","","","","","","","","","","",""
2576,"202321555,0",2023-09-17T00:00:00,11:32:00,COM VÍTIMA,FINALIZADA,JORDAO,RUA ALBERTO LUNDGREN,"","",NA SUBIDA DO BALAIO PROX A FEIRA DO TROCA,JORDAO,"","",COLISÃO TRASEIRA,"1,0","2,0","0,0","0,0","0,0","0,0","0,0","0,0","0,0","3,0","0,0","","","","","","","","","","","","",""
2577,"202321578,0",2023-09-17T00:00:00,04:29:00,COM VÍTIMA,FINALIZADA,IPUTINGA,RUA SAO MATEUS,1060,"",CONDOMINIO JARDIM RENASCENÇA,IPUTINGA,"","",COLISÃO LATERAL,"1,0","1,0","0,0","0,0","0,0","0,0","0,0","0,0","0,0","1,0","0,0","","","","","","","","","","","","",""
2578,"202321592,0",2023-09-17T00:00:00,08:44:00,SEM VÍTIMA,CANCELADA,CIDADE UNIVERSITARIA,AV PROFESSOR ARTUR DE SA,826,"",HOSPITAL DAS CLINICAS,CIDADE UNIVERSITARIA,"","",COLISÃO FRONTAL,"2,0","0,0","0,0","0,0","0,0","0,0","0,0","0,0","0,0","0,0","0,0","","","","","","","","","","","","",""
2579,"202321593,0",2023-09-17T00:00:00,10:09:00,COM VÍTIMA,FINALIZADA,BOA VIAGEM,AV ENGENHEIRO DOMINGOS FERREIRA,"","",RUA CEL BENEDITO CHAVES,BOA VIAGEM,"","",COLISÃO LATERAL,"1,0","1,0","0,0","0,0","0,0","0,0","0,0","0,0","0,0","1,0","0,0","","","","","","","","","","","","",""
2580,"202321596,0",2023-09-18T00:00:00,12:18:00,SEM VÍTIMA,FINALIZADA,DOIS UNIDOS,1TR CORREGO DO CURIO,69,"","POR TRÁS DA UPA DE NOVA DESCOBERTA. OBS: O LOGRADOURO CORRETO É A ""RUA CÓRREGO DO CURIÓ"", QUE NÃO TEM CADASTRO NESTA PLANILHA,   E QUE JÁ FOI SOLICITADO AO GCM IVO AURÉLIO.",DOIS UNIDOS,"",SUBURBIO,CHOQUE,"0,0","0,0","0,0","0,0","0,0","0,0","0,0","1,0","1,0","0,0","0,0","","","","","","","","","","","","",""
2581,"202321607,0",2023-09-18T00:00:00,07:16:00,COM VÍTIMA,FINALIZADA,PRADO,RUA SANTA EDWIRGES,"",AV ENGENHEIRO ABDIAS DE CARVALHO,PROX. A ENGEFRIO,PRADO,"","",QUEDA,"1,0","1,0","0,0","0,0","0,0","0,0","0,0","0,0","0,0","1,0","0,0","","","","","","","","","","","","",""
2582,"202321611,0",2023-09-18T00:00:00,07:25:00,COM VÍTIMA,FINALIZADA,IMBIRIBEIRA,AV MARECHAL MASCARENHAS DE MORAES,"",RUA MIS JOEL CARLSON,NO SEMAFORO 287,IMBIRIBEIRA,"","",COLISÃO LATERAL,"1,0","1,0","0,0","0,0","0,0","0,0","0,0","0,0","0,0","1,0","0,0","","","","","","","","","","","","",""
2583,"202321618,0",2023-09-18T00:00:00,08:32:00,COM VÍTIMA,FINALIZADA,TEJIPIO,RUA FALCAO DE LACERDA,"","",EM FRENTE A PRAÇA DE TEJIPIO  / PROX A OFICINA GUILMARA,TEJIPIO,"","",COLISÃO,"0,0","1,0","0,0","0,0","0,0","0,0","0,0","0,0","0,0","1,0","0,0","","","","","","","","","","","","",""
2584,"202321619,0",2023-09-18T00:00:00,08:35:00,COM VÍTIMA,FINALIZADA,CASA AMARELA,AV NORTE MIGUEL ARRAES DE ALENCAR,5600,"","EM FRENTE A AGENCIA DE EMPREGOS, SENT. MACAXEIRA",CASA AMARELA,"","",COLISÃO TRASEIRA,"0,0","1,0","0,0","0,0","0,0","1,0","0,0","0,0","0,0","1,0","0,0","","","","","","","","","","","","",""
2585,"202321621,0",2023-09-18T00:00:00,08:38:00,COM VÍTIMA,FINALIZADA,ARRUDA,AV PROFESSOR JOSE DOS ANJOS,"","",PROX A PONTE E LOJA DEMILLA MODAS,ARRUDA,"","",COLISÃO,"0,0","1,0","0,0","0,0","0,0","0,0","0,0","0,0","0,0","1,0","0,0","","","","","","","","","","","","",""
2586,"202321624,0",2023-09-16T00:00:00,12:00:00,COM VÍTIMA,FINALIZADA,IMBIRIBEIRA,AV MARECHAL MASCARENHAS DE MORAES,4704,"","APOS VIADUTO TANCREDO NEVES, SENTIDO AEROPORTO",IMBIRIBEIRA,"116,0",SUBURBIO,COLISÃO TRASEIRA,"1,0","1,0","0,0","0,0","0,0","0,0","0,0","0,0","0,0","1,0","0,0","","","","","","","","","","","","",""
2587,"202321625,0",2023-09-18T00:00:00,09:38:00,COM VÍTIMA,FINALIZADA,SAN MARTIN,AV GENERAL SAN MARTIN,"","",PROXIMO  A DROGASIL,SAN MARTIN,"","",COLISÃO TRASEIRA,"1,0","1,0","0,0","0,0","0,0","0,0","0,0","0,0","0,0","1,0","0,0","","","","","","","","","","","","",""
2588,"202321626,0",2023-09-18T00:00:00,09:40:00,COM VÍTIMA,FINALIZADA,CABANGA,AV ENGENHEIRO JOSE ESTELITA,"","",SOB O VIADUTO DO CAPITÃO TEMUDO,CABANGA,"","",COLISÃO,"1,0","1,0","0,0","0,0","0,0","0,0","0,0","0,0","0,0","1,0","0,0","","","","","","","","","","","","",""
2589,"202321627,0",2023-09-18T00:00:00,09:48:00,COM VÍTIMA,FINALIZADA,SANTO AMARO,AV NORTE MIGUEL ARRAES DE ALENCAR,"",AV CRUZ CABUGA,"",SANTO AMARO,"","",COLISÃO,"1,0","1,0","0,0","0,0","0,0","0,0","0,0","0,0","0,0","1,0","0,0","","","","","","","","","","","","",""
2590,"202321631,0",2023-09-18T00:00:00,10:34:00,COM VÍTIMA,FINALIZADA,MADALENA,AV BEIRA RIO,591,"",EM FRENTE AO EDF. SOBRADO DO  CAPIBARIBE,MADALENA,"","",COLISÃO TRASEIRA,"1,0","1,0","0,0","0,0","0,0","0,0","0,0","0,0","0,0","1,0","0,0","","","","","","","","","","","","",""
2591,"202321635,0",2023-09-18T00:00:00,10:50:00,COM VÍTIMA,FINALIZADA,IBURA,AV DOIS RIOS,"","",EM FRENTE A IGREJA DOS MORMONS / PROX A UPINHA,IBURA,"","",COLISÃO,"0,0","1,0","0,0","0,0","0,0","0,0","0,0","0,0","0,0","1,0","0,0","","","","","","","","","","","","",""
2592,"202321641,0",2023-09-18T00:00:00,11:47:00,COM VÍTIMA,DUPLICIDADE,CAXANGA,AV PROFESSOR MORAES REGO,"","",EM FRENTE AO HOSPITAL HAPVIDA E AO POSTO BR,CAXANGA,"","",COLISÃO,"0,0","1,0","0,0","0,0","0,0","0,0","0,0","0,0","0,0","1,0","0,0","","","","","","","","","","","","",""
2593,"202321643,0",2023-09-18T00:00:00,12:01:00,COM VÍTIMA,FINALIZADA,VARZEA,RUA MARECHAL MANOEL LUIS OSORIO,"","",PROX AO HAPVIDA,VARZEA,"","",COLISÃO,"0,0","1,0","0,0","0,0","0,0","0,0","0,0","0,0","0,0","1,0","0,0","","","","","","","","","","","","",""
2594,"202321645,0",2023-09-18T00:00:00,12:08:00,COM VÍTIMA,FINALIZADA,MADALENA,AV BEIRA RIO,"",RUA JOSE OSORIO,PROX A PONTE DE CAPUNGA / PROX A A FACULDADE MAURICIO DE NASSAU,MADALENA,"387,0","",CHOQUE,"1,0","0,0","0,0","0,0","0,0","0,0","0,0","0,0","0,0","1,0","0,0","","","","","","","","","","","","",""
2595,"202321652,0",2023-09-18T00:00:00,01:05:00,COM VÍTIMA,FINALIZADA,CASA AMARELA,EST DO ARRAIAL,"","",E/F AO SITIO DA TRINDADE,CASA AMARELA,"","",COLISÃO TRASEIRA,"1,0","1,0","0,0","0,0","0,0","0,0","0,0","0,0","0,0","1,0","0,0","","","","","","","","","","","","",""
2596,"202321667,0",2023-09-18T00:00:00,04:32:00,COM VÍTIMA,FINALIZADA,NOVA DESCOBERTA,AV CHAGAS FERREIRA,"","",PROX AO CAMPO DO DALICIA  E NA SUB DO ALTO SANTA TEREZA,NOVA DESCOBERTA,"","",COLISÃO FRONTAL,"1,0","1,0","0,0","0,0","0,0","1,0","0,0","0,0","0,0","4,0","0,0","","","","","","","","","","","","",""
2597,"202321668,0",2023-09-18T00:00:00,04:35:00,COM VÍTIMA,FINALIZADA,AFOGADOS,RUA SAO MIGUEL,"",RUA LUIZ PEREIRA DE FARIAS,REPASSADA PELO COP,AFOGADOS,"","",COLISÃO,"1,0","0,0","0,0","0,0","0,0","0,0","0,0","0,0","0,0","1,0","0,0","","","","","","","","","","","","",""
2598,"202321671,0",2023-09-18T00:00:00,04:52:00,COM VÍTIMA,FINALIZADA,BOA VIAGEM,RUA PROFESSOR SIMOES BARBOSA,558,"","",BOA VIAGEM,"","",COLISÃO,"0,0","0,0","0,0","0,0","0,0","0,0","0,0","0,0","0,0","1,0","0,0","","","","","","","","","","","","",""
2599,"202321672,0",2023-09-18T00:00:00,05:28:00,COM VÍTIMA,FINALIZADA,CAMPO GRANDE,RUA ODORICO MENDES,301,"",EM FRENTE AO CLUBE DAS PÁS,CAMPO GRANDE,"","",COLISÃO TRASEIRA,"1,0","1,0","0,0","0,0","0,0","0,0","0,0","0,0","0,0","1,0","0,0","","","","","","","","","","","","",""
2600,"202321673,0",2023-09-18T00:00:00,05:30:00,COM VÍTIMA,FINALIZADA,JIQUIA,RUA SAO MIGUEL,"","",E/F A DROGARIA BONGI,JIQUIA,"","",COLISÃO LATERAL,"1,0","1,0","0,0","0,0","0,0","0,0","0,0","0,0","0,0","1,0","0,0","","","","","","","","","","","","",""
2601,"202321674,0",2023-09-18T00:00:00,05:52:00,COM VÍTIMA,FINALIZADA,CIDADE UNIVERSITARIA,AV PROFESSOR ARTUR DE SA,1185,"",EM FRENTE A UFPE E PROXIMO AO POSTO BR,CIDADE UNIVERSITARIA,"","",COLISÃO LATERAL,"0,0","1,0","0,0","0,0","0,0","0,0","0,0","0,0","0,0","1,0","0,0","","","","","","","","","","","","",""
2602,"202321675,0",2023-09-18T00:00:00,05:56:00,COM VÍTIMA,FINALIZADA,CAMPO GRANDE,RUA SAO CAETANO,704,"",EM FRENTE A PIZZARIA DE SIRLANE,CAMPO GRANDE,"","",COLISÃO LATERAL,"0,0","1,0","0,0","0,0","0,0","0,0","0,0","0,0","0,0","1,0","0,0","","","","","","","","","","","","",""
2603,"202321683,0",2023-09-18T00:00:00,11:19:00,COM VÍTIMA,FINALIZADA,SANTO AMARO,RUA TREZE DE MAIO,"",RUA FREI CASSIMIRO,EN FRENTE A MODESTO BORRACHARIA,SANTO AMARO,"","",COLISÃO TRANSVERSAL,"1,0","1,0","0,0","0,0","0,0","0,0","0,0","0,0","0,0","1,0","0,0","","","","","","","","","","","","",""
2604,"202321700,0",2023-09-19T00:00:00,07:18:00,COM VÍTIMA,FINALIZADA,TORROES,AV ENGENHEIRO ABDIAS DE CARVALHO,"","","PROX. AO POSTO DE GASOLINA BR, AO LADO DO ANTIGO YOKI",TORROES,"","",COLISÃO LATERAL,"0,0","1,0","0,0","0,0","0,0","0,0","0,0","0,0","0,0","1,0","0,0","","","","","","","","","","","","",""
2605,"202321703,0",2023-09-19T00:00:00,07:38:00,COM VÍTIMA,FINALIZADA,TAMARINEIRA,EST VELHA DE AGUA FRIA,"","",PROX. AO DENOX,TAMARINEIRA,"","",COLISÃO LATERAL,"0,0","1,0","0,0","0,0","0,0","0,0","0,0","0,0","0,0","1,0","0,0","","","","","","","","","","","","",""
2606,"202321708,0",2023-09-19T00:00:00,08:29:00,COM VÍTIMA,FINALIZADA,TORREAO,AV GOVERNADOR AGAMENON MAGALHAES,"","",PROX. AO HOSPITAL HAP VIDA SENT. BOA VIAGEM,TORREAO,"","",COLISÃO LATERAL,"0,0","1,0","0,0","0,0","0,0","0,0","0,0","0,0","0,0","1,0","0,0","","","","","","","","","","","","",""
2607,"202321710,0",2023-09-19T00:00:00,08:53:00,COM VÍTIMA,FINALIZADA,MADALENA,RUA JOSE OSORIO,865,"",PROX. A MORAIS MULTIMARCAS VEICULOS,MADALENA,"","",COLISÃO LATERAL,"1,0","1,0","0,0","0,0","0,0","0,0","0,0","0,0","0,0","2,0","0,0","","","","","","","","","","","","",""
2608,"202321711,0",2023-09-19T00:00:00,08:59:00,COM VÍTIMA,FINALIZADA,SAN MARTIN,RUA COMENDADOR FRANCO FERREIRA,"","",AO LADO DA CAVALARIA E PROX A PRAÇA DE EVENTOS DE SAN MARTINS,SAN MARTIN,"","",COLISÃO,"1,0","1,0","0,0","0,0","0,0","0,0","0,0","0,0","0,0","1,0","0,0","","","","","","","","","","","","",""
2609,"202321713,0",2023-09-19T00:00:00,09:05:00,COM VÍTIMA,FINALIZADA,CASA AMARELA,AV DR EURICO CHAVES,"","",PROX. AO BREGOSO BURGUER E BARBEARIA NAVALHA,CASA AMARELA,"","",COLISÃO LATERAL,"0,0","1,0","0,0","0,0","0,0","0,0","0,0","0,0","0,0","1,0","0,0","","","","","","","","","","","","",""
2610,"202321719,0",2023-09-19T00:00:00,10:11:00,COM VÍTIMA,FINALIZADA,CASA AMARELA,RUA CONS PERETTI,106,"",PROX A TRATORIA DA DANI / PROX A BARBEARIA LA ROSA /,CASA AMARELA,"","",COLISÃO,"0,0","1,0","0,0","0,0","0,0","0,0","0,0","0,0","0,0","1,0","0,0","","","","","","","","","","","","",""
2611,"202321738,0",2023-09-19T00:00:00,12:40:00,COM VÍTIMA,FINALIZADA,SANTO AMARO,RUA DO HOSPICIO,"","",EM FRENTE A CÂMARA DE VEREADORES,SANTO AMARO,"","",COLISÃO LATERAL,"1,0","1,0","0,0","0,0","0,0","0,0","0,0","0,0","0,0","1,0","0,0","","","","","","","","","","","","",""
2612,"202321741,0",2023-09-19T00:00:00,01:06:00,COM VÍTIMA,FINALIZADA,ENGENHO DO MEIO,RUA ANTONIO CURADO,892,"",EM FRENTE AO CLUBE DA SUDENE,ENGENHO DO MEIO,"","",COLISÃO,"0,0","1,0","0,0","0,0","0,0","0,0","0,0","0,0","0,0","1,0","0,0","","","","","","","","","","","","",""
2613,"202321742,0",2023-09-19T00:00:00,01:10:00,COM VÍTIMA,FINALIZADA,ILHA DO LEITE,RUA MARQUES AMORIM,30,"",EM FRENTE AO EMPRESARIAL ILHA DO LEITE,ILHA DO LEITE,"","",COLISÃO LATERAL,"1,0","1,0","0,0","0,0","0,0","0,0","0,0","0,0","0,0","1,0","0,0","","","","","","","","","","","","",""
2614,"202321746,0",2023-09-19T00:00:00,01:44:00,COM VÍTIMA,FINALIZADA,BOA VIAGEM,AV ENGENHEIRO DOMINGOS FERREIRA,"",RUA BRUNO VELOSO,REALIZAR VARREDURA,BOA VIAGEM,"","",COLISÃO TRASEIRA,"0,0","0,0","0,0","0,0","0,0","0,0","0,0","0,0","0,0","1,0","0,0","","","","","","","","","","","","",""
2615,"202321747,0",2023-09-19T00:00:00,02:05:00,COM VÍTIMA,FINALIZADA,ENCRUZILHADA,AV BEBERIBE,"","",EM FRENTE A ESCOLA NUCLEO ATITUDE E A FERREIRA PINTO,ENCRUZILHADA,"","",QUEDA,"0,0","1,0","0,0","0,0","0,0","0,0","0,0","0,0","0,0","1,0","0,0","","","","","","","","","","","","",""
2616,"202321756,0",2023-09-19T00:00:00,03:57:00,COM VÍTIMA,FINALIZADA,BOA VIAGEM,RUA ANTONIO FALCAO,"","",NO SEMAFORO 006  E/F AO EMPRESARIAL OTAVIANO DIAS,BOA VIAGEM,"","",COLISÃO LATERAL,"1,0","1,0","0,0","0,0","0,0","0,0","0,0","0,0","0,0","1,0","0,0","","","","","","","","","","","","",""
2617,"202321777,0",2023-09-19T00:00:00,08:22:00,COM VÍTIMA,FINALIZADA,CASA FORTE,AV DEZESSETE DE AGOSTO,"","",EM FRENTE AO POSTO DE SAUDE ERMILIO DE MORAES E AO POSTO DE COMBUSTIVEL AMIGÃO,CASA FORTE,"","",COLISÃO LATERAL,"0,0","1,0","0,0","0,0","0,0","0,0","0,0","0,0","0,0","1,0","0,0","","","","","","","","","","","","",""
2618,"202321779,0",2023-09-19T00:00:00,09:34:00,COM VÍTIMA,CANCELADA,IBURA,RUA JOSE LEONCIO GALVAO,108,AV RIO LARGO,PRÓXIMO À ECO ESTAÇÃO DA PREFEITURA,IBURA,"","",COLISÃO,"0,0","1,0","0,0","0,0","0,0","0,0","0,0","0,0","0,0","1,0","0,0","","","","","","","","","","","","",""
2619,"202321780,0",2023-09-19T00:00:00,11:18:00,COM VÍTIMA,FINALIZADA,AREIAS,AV RECIFE,"","",E/F AO CONDOMINIO INGNEZ ANDREAZA - SENTIDO AEROPORTO,AREIAS,"","",ATROPELAMENTO DE PESSOA,"0,0","0,0","0,0","0,0","1,0","0,0","1,0","0,0","0,0","1,0","0,0","","","","","","","","","","","","",""
2620,"202321781,0",2023-09-19T00:00:00,11:21:00,COM VÍTIMA,CANCELADA,IMBIRIBEIRA,AV MARECHAL MASCARENHAS DE MORAES,30,"",PRÓXIMO ÀS LOJAS FERREIRA COSTA E CASAS BAHIA,IMBIRIBEIRA,"","",COLISÃO,"0,0","1,0","0,0","0,0","0,0","0,0","0,0","0,0","0,0","1,0","0,0","","","","","","","","","","","","",""
2621,"202321798,0",2023-09-20T00:00:00,07:17:00,COM VÍTIMA,FINALIZADA,AREIAS,AV RECIFE,"","",EM FRENTE AO ATACADÃO / E O ANTIGO MACRO,AREIAS,"","",COLISÃO,"0,0","1,0","0,0","0,0","0,0","0,0","0,0","0,0","0,0","1,0","0,0","","","","","","","","","","","","",""
2622,"202321799,0",2023-09-20T00:00:00,07:17:00,COM VÍTIMA,FINALIZADA,VARZEA,RUA EDUARDO PRADO,54,"",AO LADO DA INTEGRAÇÃO COSME DAMIÃO / PROX A FARMACIA PRIMAVERA,VARZEA,"","",COLISÃO LATERAL,"2,0","0,0","0,0","0,0","0,0","0,0","0,0","0,0","0,0","1,0","0,0","","","","","","","","","","","","",""
2623,"202321801,0",2023-09-20T00:00:00,07:38:00,COM VÍTIMA,FINALIZADA,IMBIRIBEIRA,AV MARECHAL MASCARENHAS DE MORAES,"","",EM FRENTE AO AEROPORTO / PROX A LOCADORA DE AUTOMOVEL UNIDAS,IMBIRIBEIRA,"","",COLISÃO,"0,0","1,0","0,0","0,0","0,0","0,0","0,0","0,0","0,0","1,0","0,0","","","","","","","","","","","","",""
2624,"202321802,0",2023-09-20T00:00:00,07:38:00,COM VÍTIMA,FINALIZADA,JAQUEIRA,RUA PADRE ROMA,"","",PROX. AO BAR DO NENO E CIRURGICA MEDINI,JAQUEIRA,"","",COLISÃO LATERAL,"0,0","1,0","0,0","0,0","0,0","0,0","0,0","0,0","0,0","1,0","0,0","","","","","","","","","","","","",""
2625,"202321805,0",2023-09-20T00:00:00,07:53:00,COM VÍTIMA,FINALIZADA,ESPINHEIRO,VDO INDEPENDENCIA,"","",NA DESCIDA DO VIADUTO QUE PASSA POR CIMA DA AVENIDA NORTE - SENTIDO BOA VIAGEM,ESPINHEIRO,"","",COLISÃO TRANSVERSAL,"0,0","1,0","0,0","0,0","0,0","1,0","0,0","0,0","0,0","1,0","0,0","","","","","","","","","","","","",""
2626,"202321806,0",2023-09-20T00:00:00,07:57:00,COM VÍTIMA,DUPLICIDADE,SANTO AMARO,AV GOVERNADOR AGAMENON MAGALHAES,"","",EM CIMA DO VIADUTO JOÃO DE BARROS / SENTIDO DERBY,SANTO AMARO,"","",COLISÃO,"0,0","1,0","0,0","0,0","0,0","0,0","0,0","0,0","0,0","1,0","0,0","","","","","","","","","","","","",""
2627,"202321811,0",2023-09-20T00:00:00,08:31:00,COM VÍTIMA,FINALIZADA,JORDAO,AV MARIA IRENE,"","","NA SAIDA DO TUNEL FELIPE CAMARÃO, SENT. JORDAO",JORDAO,"","",COLISÃO COM CICLISTA,"0,0","1,0","0,0","1,0","0,0","0,0","0,0","0,0","0,0","2,0","0,0","","","","","","","","","","","","",""
2628,"202321813,0",2023-09-20T00:00:00,08:34:00,COM VÍTIMA,FINALIZADA,CAXANGA,AV JOAQUIM RIBEIRO,"","",ENCIMA DA PONTE DA CAXANGA / PROX A UPA,CAXANGA,"","",COLISÃO,"0,0","1,0","0,0","0,0","0,0","0,0","0,0","0,0","0,0","1,0","0,0","","","","","","","","","","","","",""
2629,"202321828,0",2023-09-20T00:00:00,09:58:00,COM VÍTIMA,FINALIZADA,AGUA FRIA,AV BEBERIBE,2352,"","EM FRENTE A ACADEMIA  CIA DO CORPO, PROX. AO SUPERMERCADO DOIS IRMÃOS",AGUA FRIA,"","",ATROPELAMENTO DE PESSOA,"0,0","1,0","0,0","0,0","1,0","0,0","0,0","0,0","0,0","1,0","0,0","","","","","","","","","","","","",""
2630,"202321829,0",2023-09-20T00:00:00,10:06:00,SEM VÍTIMA,FINALIZADA,BOA VIAGEM,RUA COSMORAMA,"","",EM FRENTE A ESCOLA ESTADUAL AUGUSTO SEVERO,BOA VIAGEM,"","",COLISÃO FRONTAL,"1,0","0,0","0,0","0,0","0,0","0,0","0,0","1,0","0,0","0,0","0,0","","","","","","","","","","","","",""
2631,"202321852,0",2023-09-20T00:00:00,01:27:00,COM VÍTIMA,FINALIZADA,PONTO DE PARADA,RUA PORCIUNCULA,12,"","",PONTO DE PARADA,"","",COLISÃO,"0,0","0,0","0,0","0,0","0,0","0,0","0,0","0,0","0,0","1,0","0,0","","","","","","","","","","","","",""
2632,"202321854,0",2023-09-20T00:00:00,01:52:00,COM VÍTIMA,FINALIZADA,BOA VISTA,RUA JOAQUIM FELIPE,104,"","",BOA VISTA,"","",COLISÃO,"0,0","0,0","0,0","0,0","0,0","0,0","0,0","0,0","0,0","1,0","0,0","","","","","","","","","","","","",""
2633,"202321870,0",2023-09-20T00:00:00,06:19:00,COM VÍTIMA,FINALIZADA,DERBY,AV GOVERNADOR AGAMENON MAGALHAES,1593,"",EM FRENTE AO HR,DERBY,"","",COLISÃO,"0,0","1,0","0,0","0,0","0,0","0,0","0,0","0,0","0,0","1,0","0,0","","","","","","","","","","","","",""
2634,"202321877,0",2023-09-20T00:00:00,08:51:00,COM VÍTIMA,FINALIZADA,ARRUDA,AV BEBERIBE,"","",EM FRENTE AO CAMPO DO SANTA CRUZ,ARRUDA,"","",ATROPELAMENTO DE PESSOA,"0,0","1,0","0,0","0,0","1,0","0,0","0,0","0,0","0,0","1,0","0,0","","","","","","","","","","","","",""
2635,"202321878,0",2023-09-20T00:00:00,07:50:00,COM VÍTIMA,FINALIZADA,BOA VISTA,RUA DO HOSPICIO,176,"",EM FRENTE A FIGUEIRA CLAÇADOS,BOA VISTA,"","",COLISÃO,"0,0","0,0","0,0","0,0","0,0","0,0","0,0","0,0","0,0","1,0","0,0","","","","","","","","","","","","",""
2636,"202321879,0",2023-09-20T00:00:00,07:50:00,COM VÍTIMA,FINALIZADA,AFOGADOS,EST DOS REMEDIOS,10,"",PRÓXIMO À FARMACIA DO TRABALHADOR E DA IGREJA CATÓLICA,AFOGADOS,"","",COLISÃO,"0,0","0,0","0,0","0,0","0,0","0,0","0,0","0,0","0,0","1,0","0,0","","","","","","","","","","","","",""
2637,"202321880,0",2023-09-20T00:00:00,09:21:00,SEM VÍTIMA,FINALIZADA,IMBIRIBEIRA,AV MARECHAL MASCARENHAS DE MORAES,"","",PRÓXIMO AO AEROPORTO,IMBIRIBEIRA,"","",CHOQUE,"0,0","0,0","0,0","0,0","0,0","0,0","0,0","0,0","0,0","0,0","0,0","","","","","","","","","","","","",""