_id,Protocolo,data,hora,natureza_acidente,situacao,bairro,endereco,numero,detalhe_endereco_acidente,complemento,bairro_cruzamento,num_semaforo,sentido_via,tipo,auto,moto,ciclom,ciclista,pedestre,onibus,caminhao,viatura,outros,vitimas,vitimasfatais,acidente_verificado,tempo_clima,situacao_semaforo,sinalizacao,condicao_via,conservacao_via,ponto_controle,situacao_placa,velocidade_max_via,mao_direcao,divisao_via1,divisao_via2,divisao_via3
2638,"202321894,0",2023-09-21T00:00:00,07:44:00,COM VÍTIMA,FINALIZADA,DOIS IRMAOS,RUA RIBEIRO PESSOA,345,"",PROX A UPA DA CAXANGA / EM FRENTE AO PINTO FORMOSO,DOIS IRMAOS,"","",COLISÃO FRONTAL,"1,0","1,0","0,0","0,0","0,0","0,0","0,0","0,0","0,0","1,0","0,0","","","","","","","","","","","","",""
2639,"202321895,0",2023-09-21T00:00:00,08:05:00,COM VÍTIMA,FINALIZADA,SAN MARTIN,AV GENERAL SAN MARTIN,"","",PROX AO RESTAURANTE CHO DAN NORDESTINO / PROX AO GIRADOURO DE SAN MARTINS SENTIDO AV RECIFE,SAN MARTIN,"","",COLISÃO FRONTAL,"1,0","1,0","0,0","0,0","0,0","0,0","0,0","0,0","0,0","2,0","0,0","","","","","","","","","","","","",""
2640,"202321900,0",2023-09-21T00:00:00,08:45:00,COM VÍTIMA,CANCELADA,PRADO,AV ENGENHEIRO ABDIAS DE CARVALHO,"","",EM FRENTE KANTAM / PROX A ENGEFRIO,PRADO,"","",COLISÃO,"0,0","1,0","0,0","0,0","0,0","0,0","0,0","0,0","0,0","1,0","0,0","","","","","","","","","","","","",""
2641,"202321904,0",2023-09-21T00:00:00,08:57:00,SEM VÍTIMA,FINALIZADA,AFOGADOS,AV SUL,"","",TERMINAL INTEGRADO DE AFOGADOS,AFOGADOS,"",CIDADE,COLISÃO LATERAL,"1,0","0,0","0,0","0,0","0,0","0,0","1,0","0,0","0,0","0,0","0,0","","","","","","","","","","","","",""
2642,"202321905,0",2023-09-21T00:00:00,09:00:00,COM VÍTIMA,FINALIZADA,CORDEIRO,AV GENERAL SAN MARTIN,"","","CRUZAMENTO COM A GOMES TABORDA, ANTIGA RUA DA LAMA / PROX A FARMACIA PAGUE MENOS / PROX AO SUPERMERCADO IDEAL ATACAREJO",CORDEIRO,"","",COLISÃO,"0,0","1,0","0,0","0,0","0,0","0,0","0,0","0,0","0,0","1,0","0,0","","","","","","","","","","","","",""
2643,"202321907,0",2023-09-21T00:00:00,09:31:00,COM VÍTIMA,FINALIZADA,ARRUDA,AV PROFESSOR JOSE DOS ANJOS,"","",PROX. AO BOMPREÇO E O CAMPO DO ARRUDA,ARRUDA,"","",COLISÃO LATERAL,"0,0","1,0","0,0","0,0","0,0","0,0","0,0","0,0","0,0","1,0","0,0","","","","","","","","","","","","",""
2644,"202321916,0",2023-09-21T00:00:00,11:44:00,SEM VÍTIMA,FINALIZADA,MADALENA,AV VISCONDE DE ALBUQUERQUE,"",RUA BARTOLOMEU DE GUSMAO,NA DESCIDA DA PONTE DA CAPUNGA,MADALENA,"","",COLISÃO TRANSVERSAL,"0,0","0,0","0,0","0,0","0,0","0,0","0,0","0,0","0,0","0,0","0,0","","","","","","","","","","","","",""
2645,"202321931,0",2023-09-21T00:00:00,03:30:00,SEM VÍTIMA,FINALIZADA,PARNAMIRIM,AV PARNAMIRIM,196,RUA TITO ROSAS,EM FRENTE AO POSTO SHELL,PARNAMIRIM,"10,0",CIDADE,COLISÃO TRASEIRA,"1,0","0,0","0,0","0,0","0,0","1,0","0,0","0,0","0,0","0,0","0,0","","","","","","","","","","","","",""
2646,"202321934,0",2023-09-21T00:00:00,04:16:00,COM VÍTIMA,FINALIZADA,CASA AMARELA,AV NORTE MIGUEL ARRAES DE ALENCAR,"","",PROX YAMAHA E A MATARNIDADE BARROS LIMA,CASA AMARELA,"",CIDADE,COLISÃO TRASEIRA,"1,0","1,0","0,0","0,0","0,0","0,0","0,0","0,0","0,0","2,0","0,0","","","","","","","","","","","","",""
2647,"202321935,0",2023-09-21T00:00:00,04:21:00,SEM VÍTIMA,FINALIZADA,SAO JOSE,RUA IMPERIAL,1911,"","",SAO JOSE,"",SUBURBIO,COLISÃO TRASEIRA,"1,0","0,0","0,0","0,0","0,0","0,0","0,0","1,0","0,0","0,0","0,0","","","","","","","","","","","","",""
2648,"202321936,0",2023-09-21T00:00:00,04:47:00,COM VÍTIMA,FINALIZADA,CAMPO GRANDE,RUA ODORICO MENDES,681,"",EM FRENTE AO CLUBE DAS PÁS,CAMPO GRANDE,"","",COLISÃO LATERAL,"0,0","1,0","0,0","0,0","0,0","0,0","0,0","0,0","0,0","1,0","0,0","","","","","","","","","","","","",""
2649,"202321938,0",2023-09-21T00:00:00,04:57:00,COM VÍTIMA,FINALIZADA,IPSEP,AV RECIFE,1386,"",EM FRENTE A RECIFE MOTOS E AO LADO DO DEPOSITO RECURSO NATURAL,IPSEP,"","",COLISÃO LATERAL,"0,0","1,0","0,0","0,0","0,0","0,0","0,0","0,0","0,0","1,0","0,0","","","","","","","","","","","","",""
2650,"202321940,0",2023-09-21T00:00:00,05:11:00,COM VÍTIMA,FINALIZADA,IMBIRIBEIRA,AV MARECHAL MASCARENHAS DE MORAES,12,"",PROXIMO A LASER ELETRO,IMBIRIBEIRA,"","",COLISÃO LATERAL,"0,0","1,0","0,0","0,0","0,0","0,0","0,0","0,0","0,0","1,0","0,0","","","","","","","","","","","","",""
2651,"202321942,0",2023-09-21T00:00:00,05:38:00,COM VÍTIMA,FINALIZADA,LINHA DO TIRO,RUA PROFESSOR JOSE AMARINO DOS REIS,314,"",APÓS A ASSEMBLEIA DE DEUS,LINHA DO TIRO,"","",COLISÃO LATERAL,"0,0","1,0","0,0","0,0","0,0","0,0","0,0","0,0","0,0","1,0","0,0","","","","","","","","","","","","",""
2652,"202321944,0",2023-09-21T00:00:00,05:47:00,COM VÍTIMA,FINALIZADA,SANTO AMARO,AV NORTE MIGUEL ARRAES DE ALENCAR,654,"",POUCO ANTES DO SEMAFORO 036,SANTO AMARO,"",SUBURBIO,COLISÃO TRASEIRA,"1,0","1,0","0,0","0,0","0,0","0,0","0,0","0,0","0,0","1,0","0,0","","","","","","","","","","","","",""
2653,"202321957,0",2023-09-21T00:00:00,08:34:00,COM VÍTIMA,FINALIZADA,JARDIM SAO PAULO,RUA LEOBINA PEREIRA,"",RUA LEANDRO BARRETO,"",JARDIM SAO PAULO,"","",COLISÃO,"0,0","1,0","0,0","0,0","0,0","0,0","0,0","0,0","0,0","1,0","0,0","","","","","","","","","","","","",""
2654,"202321958,0",2023-09-21T00:00:00,09:51:00,COM VÍTIMA,FINALIZADA,SANTO AMARO,AV CRUZ CABUGA,"","",LADO OPOSTO À ACADEMIA HAVANNA - E/ F À ESTAÇÃO BRT - SENTIDO SUBURBIO,SANTO AMARO,"","",COLISÃO COM CICLISTA,"0,0","1,0","0,0","1,0","0,0","0,0","0,0","0,0","0,0","2,0","0,0","","","","","","","","","","","","",""
2655,"202321959,0",2023-09-22T00:00:00,12:59:00,COM VÍTIMA,CANCELADA,BOA VIAGEM,AV BOA VIAGEM,462,"",PRÓXIMO AO PRIMEIRO JARDIM,BOA VIAGEM,"","",COLISÃO,"0,0","1,0","0,0","0,0","0,0","0,0","0,0","0,0","0,0","1,0","0,0","","","","","","","","","","","","",""
2656,"202321973,0",2023-09-22T00:00:00,07:31:00,COM VÍTIMA,FINALIZADA,IMBIRIBEIRA,AV MARECHAL MASCARENHAS DE MORAES,"","",PROX EM FRENTE AO POSTO DE GASOLINA BR /PROX AO GERALDÃO SENTIDO AEROPORTO,IMBIRIBEIRA,"","",COLISÃO TRASEIRA,"0,0","1,0","0,0","0,0","0,0","0,0","0,0","0,0","0,0","1,0","0,0","","","","","","","","","","","","",""
2657,"202321974,0",2023-09-22T00:00:00,07:34:00,COM VÍTIMA,FINALIZADA,AREIAS,AV DR JOSE RUFINO,"","",APOS O SENAI VINDO DE AFOGADOS RECIFE E VINDO DE JABOATAO APOS LINHA FERREA,AREIAS,"","",COLISÃO LATERAL,"1,0","1,0","0,0","0,0","0,0","0,0","0,0","0,0","0,0","1,0","0,0","","","","","","","","","","","","",""
2658,"202321978,0",2023-09-22T00:00:00,08:53:00,COM VÍTIMA,FINALIZADA,JORDAO,AV MARIA IRENE,"","",EM FRENTE AO QUARTEL DA AERONAUTICA,JORDAO,"","",COLISÃO LATERAL,"0,0","1,0","0,0","0,0","0,0","0,0","0,0","0,0","0,0","1,0","0,0","","","","","","","","","","","","",""
2659,"202321981,0",2023-09-22T00:00:00,09:14:00,COM VÍTIMA,FINALIZADA,PINA,AVENIDA CELSO FURTADO (VIA MANGUE),"","",SENTIDO BOA VIAGEM NA SUBIDA DO VIADUTO,PINA,"","",COLISÃO,"0,0","1,0","0,0","0,0","0,0","0,0","0,0","0,0","0,0","1,0","0,0","","","","","","","","","","","","",""
2660,"202321997,0",2023-09-22T00:00:00,10:42:00,SEM VÍTIMA,FINALIZADA,AFOGADOS,RUA SANTO ANGELO,"",RUA SANTOS ARAUJO,AO LADO DA ANTIGA SOUZA CRUZ,AFOGADOS,"","",COLISÃO LATERAL,"1,0","0,0","0,0","0,0","0,0","0,0","1,0","0,0","0,0","0,0","0,0","","","","","","","","","","","","",""
2661,"202321998,0",2023-09-22T00:00:00,11:08:00,COM VÍTIMA,FINALIZADA,CAJUEIRO,AV CIDADE DE MONTEIRO,375,"",PROX AO ARMAZEM CORAL,CAJUEIRO,"","",COLISÃO,"0,0","1,0","0,0","0,0","0,0","0,0","0,0","0,0","0,0","1,0","0,0","","","","","","","","","","","","",""
2662,"202322002,0",2023-09-22T00:00:00,11:32:00,COM VÍTIMA,FINALIZADA,IPUTINGA,AV MAURICIO DE NASSAU,"",EST DO BARBALHO,PROX A CASA DE PLACAS,IPUTINGA,"","",COLISÃO,"1,0","1,0","0,0","0,0","0,0","0,0","0,0","0,0","0,0","1,0","0,0","","","","","","","","","","","","",""
2663,"202322010,0",2023-09-22T00:00:00,12:43:00,COM VÍTIMA,FINALIZADA,BREJO DA GUABIRABA,COR JOSE IDALINO,"","",PACTE DENTRO DO CENTRO DE CIDADANIA DO BAIRRO / EM FRENTE AO ARMAZEM BARATAÇO,BREJO DA GUABIRABA,"","",COLISÃO,"0,0","1,0","0,0","0,0","0,0","0,0","0,0","0,0","0,0","1,0","0,0","","","","","","","","","","","","",""
2664,"202322013,0",2023-09-22T00:00:00,01:30:00,COM VÍTIMA,FINALIZADA,CAJUEIRO,AV BEBERIBE,"","",PROXIMO A PRAÇA DO FUNDÃO E A HORTFRUT NOSSA SENHORA APARECIDA,CAJUEIRO,"","",COLISÃO LATERAL,"0,0","1,0","0,0","0,0","0,0","0,0","0,0","0,0","0,0","1,0","0,0","","","","","","","","","","","","",""
2665,"202322016,0",2023-09-22T00:00:00,02:28:00,COM VÍTIMA,FINALIZADA,PINA,AV DR DIRCEU VELLOSO TOSCANO DE BRITO,356,"",PROXIMO AO 19º BATALHÃO E AO SHOPPING RIO MAR,PINA,"","",ATROPELAMENTO DE PESSOA,"0,0","1,0","0,0","0,0","1,0","0,0","0,0","0,0","0,0","1,0","0,0","","","","","","","","","","","","",""
2666,"202322020,0",2023-09-22T00:00:00,02:44:00,COM VÍTIMA,FINALIZADA,CAMPO GRANDE,RUA MARIO SETE,575,"",PROXIMO A IGREJA DO BOM PARTO,CAMPO GRANDE,"","",COLISÃO LATERAL,"2,0","1,0","0,0","0,0","0,0","0,0","0,0","0,0","0,0","1,0","0,0","","","","","","","","","","","","",""
2667,"202322026,0",2023-09-22T00:00:00,03:37:00,COM VÍTIMA,FINALIZADA,CABANGA,AV ENGENHEIRO JOSE ESTELITA,"","",PROXIMO AO CABANGA IATE CLUBE,CABANGA,"","",COLISÃO LATERAL,"0,0","1,0","0,0","0,0","0,0","0,0","0,0","0,0","0,0","1,0","0,0","","","","","","","","","","","","",""
2668,"202322030,0",2023-09-22T00:00:00,04:32:00,COM VÍTIMA,FINALIZADA,BRASILIA TEIMOSA,RUA FRANCISCO VALPASSOS,58,"",EM FRENTE A REFIBRA TELECON,BRASILIA TEIMOSA,"","",COLISÃO LATERAL,"0,0","1,0","0,0","0,0","0,0","1,0","0,0","0,0","0,0","1,0","0,0","","","","","","","","","","","","",""
2669,"202322044,0",2023-09-23T00:00:00,02:08:00,COM VÍTIMA,FINALIZADA,BOA VIAGEM,AV ENGENHEIRO DOMINGOS FERREIRA,"",RUA PROFESSOR JOSE BRANDAO,"",BOA VIAGEM,"550,0","",COLISÃO,"2,0","0,0","0,0","0,0","0,0","0,0","0,0","0,0","0,0","2,0","0,0","","","","","","","","","","","","",""
2670,"202322048,0",2023-09-23T00:00:00,03:30:00,COM VÍTIMA,FINALIZADA,PINA,AV BOA VIAGEM,980,"",EM FRENTE AS QUADRAS DE TENIS,PINA,"","",CHOQUE,"2,0","0,0","0,0","0,0","0,0","0,0","0,0","0,0","0,0","1,0","0,0","","","","","","","","","","","","",""
2671,"202322049,0",2023-09-23T00:00:00,05:33:00,COM VÍTIMA,FINALIZADA,IPSEP,AV RECIFE,"",RUA JEAN EMILE FAVRE,"",IPSEP,"","",QUEDA,"1,0","1,0","0,0","0,0","0,0","0,0","0,0","0,0","0,0","2,0","0,0","","","","","","","","","","","","",""
2672,"202322090,0",2023-09-23T00:00:00,11:38:00,COM VÍTIMA,CANCELADA,JAQUEIRA,AV RUI BARBOSA,"","",APOIS PARQUE DA JAQUEIRA / PROX AO COLEGIO DAMAS,JAQUEIRA,"","",COLISÃO,"0,0","1,0","0,0","0,0","0,0","0,0","0,0","0,0","0,0","1,0","0,0","","","","","","","","","","","","",""
2673,"202322092,0",2023-09-23T00:00:00,11:38:00,COM VÍTIMA,FINALIZADA,CASA AMARELA,RUA PADRE LEMOS,"","",EM FRENTE AO POSTO DE GASOLINA BR / NA ENTRADA DO VASCO DA GAMA,CASA AMARELA,"","",COLISÃO,"1,0","1,0","0,0","0,0","0,0","0,0","0,0","0,0","0,0","1,0","0,0","","","","","","","","","","","","",""
2674,"202322097,0",2023-09-23T00:00:00,12:03:00,COM VÍTIMA,FINALIZADA,MADALENA,EST DOS REMEDIOS,"",AV ENGENHEIRO ABDIAS DE CARVALHO,PROX A MADALENA,MADALENA,"","",COLISÃO TRASEIRA,"1,0","1,0","0,0","0,0","0,0","0,0","0,0","0,0","0,0","1,0","0,0","","","","","","","","","","","","",""
2675,"202322100,0",2023-09-23T00:00:00,12:47:00,SEM VÍTIMA,FINALIZADA,IMBIRIBEIRA,RUA ALVARO AMORIM,208,RUA ARQUITETO LUIZ NUNES,EM FRENTE AO NÚMERO 208,IMBIRIBEIRA,"",SUBURBIO,COLISÃO TRASEIRA,"2,0","0,0","0,0","0,0","0,0","0,0","0,0","0,0","0,0","0,0","0,0","","","","","","","","","","","","",""
2676,"202322103,0",2023-09-23T00:00:00,01:38:00,COM VÍTIMA,FINALIZADA,BARRO,RUA BARAO DE LADARIO,127,"",PROXIMO AO HOTEL OLYMPIKUS,BARRO,"","",COLISÃO,"0,0","1,0","0,0","0,0","0,0","0,0","0,0","0,0","0,0","1,0","0,0","","","","","","","","","","","","",""
2677,"202322111,0",2023-09-23T00:00:00,05:04:00,COM VÍTIMA,FINALIZADA,AREIAS,AV RECIFE,4841,"",EM FRENTE AO CARREFOUR /SENTIDO CEASA,AREIAS,"","",QUEDA,"0,0","1,0","0,0","0,0","0,0","0,0","0,0","0,0","0,0","1,0","0,0","","","","","","","","","","","","",""
2678,"202322116,0",2023-09-23T00:00:00,05:35:00,COM VÍTIMA,FINALIZADA,ESTANCIA,RUA MORAIS E SILVA,548,"",EM FRENTE A GALERIA MARGARIDA,ESTANCIA,"","",COLISÃO LATERAL,"1,0","1,0","0,0","0,0","0,0","0,0","0,0","0,0","0,0","2,0","0,0","","","","","","","","","","","","",""
2679,"202322119,0",2023-09-23T00:00:00,06:26:00,COM VÍTIMA,FINALIZADA,ARRUDA,AV BEBERIBE,"","",ESTADIO CLUBE  DO SANTA CRUZ,ARRUDA,"","",COLISÃO,"0,0","1,0","0,0","0,0","0,0","0,0","0,0","0,0","0,0","1,0","0,0","","","","","","","","","","","","",""
2680,"202322127,0",2023-09-23T00:00:00,06:42:00,COM VÍTIMA,CANCELADA,IMBIRIBEIRA,AV MARECHAL MASCARENHAS DE MORAES,18,"",ANTES DO ATACADÃO SENTIDO AEROPORTO,IMBIRIBEIRA,"","",COLISÃO,"0,0","1,0","0,0","0,0","0,0","0,0","0,0","0,0","0,0","1,0","0,0","","","","","","","","","","","","",""
2681,"202322128,0",2023-09-23T00:00:00,07:04:00,COM VÍTIMA,FINALIZADA,MADALENA,RUA REAL DA TORRE,"","","APÓS O PONTO DO AÇAI, EM FRENTE AO POSTO DE GASOLINA SETA",MADALENA,"","",COLISÃO,"0,0","1,0","0,0","0,0","0,0","0,0","0,0","0,0","0,0","1,0","0,0","","","","","","","","","","","","",""
2682,"202322132,0",2023-09-23T00:00:00,07:39:00,SEM VÍTIMA,CANCELADA,MADALENA,RUA BENFICA,"","",COM A ESTRADA DOS REMENDIOS,MADALENA,"","",COLISÃO,"1,0","1,0","0,0","0,0","0,0","0,0","0,0","0,0","0,0","0,0","0,0","","","","","","","","","","","","",""
2683,"202322135,0",2023-09-23T00:00:00,07:56:00,COM VÍTIMA,FINALIZADA,PORTO DA MADEIRA,AV BEBERIBE,"","",E/F AO BAR DALVA D'OLIVEIRA,PORTO DA MADEIRA,"","",COLISÃO,"0,0","1,0","0,0","0,0","0,0","0,0","0,0","0,0","0,0","1,0","0,0","","","","","","","","","","","","",""
2684,"202322140,0",2023-09-23T00:00:00,08:32:00,COM VÍTIMA,CANCELADA,AFOGADOS,RUA JOSE MIRANDA,2,"","EM FRENTE A TABACARIA VINTE DE ABRIL, ANTES DO BAR ARRETADO DE BOM",AFOGADOS,"","",COLISÃO,"0,0","1,0","0,0","0,0","0,0","0,0","0,0","0,0","0,0","1,0","0,0","","","","","","","","","","","","",""
2685,"202322141,0",2023-09-23T00:00:00,08:58:00,COM VÍTIMA,CANCELADA,CASA FORTE,AV DEZESSETE DE AGOSTO,"","",E/F AO SHOPPING PLAZA E BANCO DO BRASIL,CASA FORTE,"",SUBURBIO,QUEDA,"0,0","1,0","0,0","0,0","0,0","0,0","0,0","0,0","0,0","1,0","0,0","","","","","","","","","","","","",""
2686,"202322143,0",2023-09-23T00:00:00,09:39:00,COM VÍTIMA,FINALIZADA,MANGABEIRA,AV NORTE MIGUEL ARRAES DE ALENCAR,4607,"",PRÓXIMO À ENTRADA DA MANGABEIRA,MANGABEIRA,"","",COLISÃO TRASEIRA,"1,0","1,0","0,0","0,0","0,0","0,0","0,0","0,0","0,0","1,0","0,0","","","","","","","","","","","","",""
2687,"202322146,0",2023-09-23T00:00:00,10:05:00,COM VÍTIMA,CANCELADA,IBURA,AV DOIS RIOS,578,"",PRÓXIMO A FREVO  E IGREJA EVANGELICA EL SHADAI,IBURA,"","",COLISÃO,"1,0","1,0","0,0","0,0","0,0","0,0","0,0","0,0","0,0","1,0","0,0","","","","","","","","","","","","",""
2688,"202322148,0",2023-09-23T00:00:00,11:00:00,COM VÍTIMA,CANCELADA,BOA VIAGEM,AV BOA VIAGEM,560,"",EM FRENTE AO RESTAURANTE CASQUINHO DO TIO,BOA VIAGEM,"","",COLISÃO TRASEIRA,"2,0","1,0","0,0","0,0","0,0","0,0","0,0","0,0","0,0","1,0","0,0","","","","","","","","","","","","",""
2689,"202322149,0",2023-09-23T00:00:00,11:30:00,COM VÍTIMA,FINALIZADA,BOA VIAGEM,RUA JOAO DIAS MARTINS,255,"",APÓS O MAR HOTEL,BOA VIAGEM,"","",COLISÃO LATERAL,"2,0","0,0","0,0","0,0","0,0","0,0","0,0","0,0","0,0","1,0","0,0","","","","","","","","","","","","",""
2690,"202322150,0",2023-09-23T00:00:00,11:40:00,SEM VÍTIMA,FINALIZADA,SANTO AMARO,AV CRUZ CABUGA,"","",MERCADO DE SANTO AMARO,SANTO AMARO,"",SUBURBIO,CHOQUE,"1,0","0,0","0,0","0,0","0,0","0,0","0,0","0,0","0,0","0,0","0,0","","","","","","","","","","","","",""
2691,"202322151,0",2023-09-24T00:00:00,12:32:00,COM VÍTIMA,CANCELADA,DOIS UNIDOS,AV HILDEBRANDO DE VASCONCELOS,1619,"","NA ENTRADA DE DOIS UNIDOS, NA PONTE",DOIS UNIDOS,"","",COLISÃO,"0,0","0,0","0,0","0,0","0,0","0,0","0,0","0,0","0,0","1,0","0,0","","","","","","","","","","","","",""
2692,"202322156,0",2023-09-24T00:00:00,06:12:00,COM VÍTIMA,FINALIZADA,IBURA,AV PERNAMBUCO,"","",UR 3 / NA CURVA ANTES DA HAMBURGUERIA TITANIUM / PX AO COLEGIO POLE VALENTE,IBURA,"","",COLISÃO LATERAL,"0,0","1,0","0,0","0,0","0,0","0,0","0,0","0,0","0,0","1,0","0,0","","","","","","","","","","","","",""
2693,"202322168,0",2023-09-24T00:00:00,09:10:00,COM VÍTIMA,FINALIZADA,AREIAS,AV DR JOSE RUFINO,1495,"",EM  FRENTE A IGREJA PRESBITERIANA,AREIAS,"","",COLISÃO LATERAL,"1,0","1,0","0,0","0,0","0,0","0,0","0,0","0,0","0,0","1,0","0,0","","","","","","","","","","","","",""
2694,"202322169,0",2023-09-24T00:00:00,09:17:00,COM VÍTIMA,FINALIZADA,CABANGA,RUA NOVA DA CABANGA,"","",PROX AO CAMPO DE FUTEBOL E AO VIADUTO CAPITAO TEMUDO,CABANGA,"","",COLISÃO LATERAL,"0,0","1,0","0,0","0,0","0,0","0,0","0,0","0,0","0,0","1,0","0,0","","","","","","","","","","","","",""
2695,"202322187,0",2023-09-24T00:00:00,01:41:00,COM VÍTIMA,FINALIZADA,FUNDAO,RUA CORONEL URBANO RIBEIRO DE SENA,2696,"",AO ALDO A PADARIA SUBLIME PÃO,FUNDAO,"","",ATROPELAMENTO DE PESSOA,"0,0","0,0","0,0","0,0","1,0","0,0","1,0","0,0","0,0","1,0","0,0","","","","","","","","","","","","",""
2696,"202322200,0",2023-09-24T00:00:00,04:58:00,COM VÍTIMA,FINALIZADA,BOA VIAGEM,AV ENGENHEIRO DOMINGOS FERREIRA,2284,"",E/F A FARMACIA PAGUE MENOS,BOA VIAGEM,"","",COLISÃO TRASEIRA,"1,0","1,0","0,0","0,0","0,0","0,0","0,0","0,0","0,0","1,0","0,0","","","","","","","","","","","","",""
2697,"202322202,0",2023-09-24T00:00:00,05:03:00,COM VÍTIMA,FINALIZADA,BAIRRO DO RECIFE,CAIS DO APOLO,"",AV MILITAR,PROXIMO A PCR,BAIRRO DO RECIFE,"","",COLISÃO,"1,0","0,0","0,0","0,0","0,0","0,0","0,0","0,0","0,0","1,0","0,0","","","","","","","","","","","","",""
2698,"202322210,0",2023-09-24T00:00:00,08:07:00,COM VÍTIMA,FINALIZADA,CASA AMARELA,RUA PROFESSOR ALVARO LIMA,1284,"",EST DO ENCANAMENTO,CASA AMARELA,"","",COLISÃO LATERAL,"1,0","1,0","0,0","0,0","0,0","0,0","0,0","0,0","0,0","1,0","0,0","","","","","","","","","","","","",""
2699,"202322232,0",2023-09-25T00:00:00,06:55:00,COM VÍTIMA,FINALIZADA,CAXANGA,AV CAXANGA,5034,"",PROX. A IGREJA ASSEMBLEIA DE DEUS  NOVAS DE PAZ,CAXANGA,"","",COLISÃO LATERAL,"0,0","1,0","0,0","0,0","0,0","0,0","0,0","1,0","0,0","1,0","0,0","","","","","","","","","","","","",""
2700,"202322233,0",2023-09-25T00:00:00,07:09:00,COM VÍTIMA,FINALIZADA,SANTO AMARO,AV DR JAYME DA FONTE,"","",AO LADO DA COMPESA,SANTO AMARO,"","",COLISÃO LATERAL,"1,0","1,0","0,0","0,0","0,0","0,0","0,0","0,0","0,0","1,0","0,0","","","","","","","","","","","","",""
2701,"202322241,0",2023-09-25T00:00:00,09:10:00,COM VÍTIMA,FINALIZADA,JAQUEIRA,RUA MUNIZ TAVARES,"","",PROX. A PRAÇA FLEMING E PET SHOP CÃO Q RI,JAQUEIRA,"","",COLISÃO LATERAL,"0,0","1,0","0,0","0,0","0,0","0,0","0,0","0,0","0,0","1,0","0,0","","","","","","","","","","","","",""
2702,"202322250,0",2023-09-25T00:00:00,10:11:00,COM VÍTIMA,FINALIZADA,SAO JOSE,AV SUL,"","",PROX AO QUARTEL DA ROCAN,SAO JOSE,"","",COLISÃO TRASEIRA,"0,0","1,0","0,0","0,0","0,0","0,0","0,0","0,0","0,0","1,0","0,0","","","","","","","","","","","","",""
2703,"202322256,0",2023-09-25T00:00:00,10:58:00,SEM VÍTIMA,FINALIZADA,SANTO AMARO,AV CRUZ CABUGA,767,"",LADO OPOSTO A CASA DA INDÚSTRIA,SANTO AMARO,"",SUBURBIO,CHOQUE,"0,0","0,0","0,0","0,0","0,0","0,0","0,0","0,0","1,0","0,0","0,0","","","","","","","","","","","","",""
2704,"202322263,0",2023-09-25T00:00:00,12:09:00,COM VÍTIMA,FINALIZADA,IMBIRIBEIRA,RUA ARQUITETO LUIZ NUNES,"","",AO LADO ESCOLA ANITA GARIBALDA / PROX A LAGOA DO ARAÇA,IMBIRIBEIRA,"632,0","",COLISÃO TRASEIRA,"0,0","1,0","0,0","0,0","0,0","0,0","0,0","0,0","0,0","1,0","0,0","","","","","","","","","","","","",""
2705,"202322267,0",2023-09-25T00:00:00,12:35:00,COM VÍTIMA,FINALIZADA,BOA VIAGEM,RUA DOS NAVEGANTES,"","",PROX AO EDIFICIO ANDA LUCIA,BOA VIAGEM,"","",COLISÃO,"0,0","1,0","0,0","0,0","0,0","0,0","0,0","0,0","0,0","1,0","0,0","","","","","","","","","","","","",""
2706,"202322269,0",2023-09-25T00:00:00,12:58:00,COM VÍTIMA,FINALIZADA,BOA VIAGEM,AV CONSELHEIRO AGUIAR,"",RUA FELIX DE BRITO E MELO,POR TRAS DA PADARIA BOA VIAGEM,BOA VIAGEM,"","",ATROPELAMENTO DE PESSOA,"1,0","0,0","0,0","0,0","1,0","0,0","0,0","0,0","0,0","1,0","0,0","","","","","","","","","","","","",""
2707,"202322272,0",2023-09-25T00:00:00,01:22:00,COM VÍTIMA,FINALIZADA,SAO JOSE,RUA FLORIANO PEIXOTO,3128,"",AO LADO DA CASA DA CULTURA / PROXIMO A ESTAÇÃO DO METRO DO RECIFE,SAO JOSE,"","",COLISÃO FRONTAL,"1,0","1,0","0,0","0,0","0,0","0,0","0,0","0,0","0,0","1,0","0,0","","","","","","","","","","","","",""
2708,"202322274,0",2023-09-25T00:00:00,01:56:00,COM VÍTIMA,FINALIZADA,BEBERIBE,RUA COMPOSITOR VINICIUS DE MORAIS,189,"",POR TRAS DO MERCADO DE BEBERIBE NA PISTA NOVA,BEBERIBE,"","",COLISÃO,"0,0","1,0","0,0","0,0","0,0","0,0","0,0","0,0","0,0","1,0","0,0","","","","","","","","","","","","",""
2709,"202322278,0",2023-09-25T00:00:00,02:17:00,COM VÍTIMA,FINALIZADA,CORDEIRO,AV MAURICIO DE NASSAU,685,"",PROXIMO AO GOE,CORDEIRO,"","",COLISÃO LATERAL,"1,0","1,0","0,0","0,0","0,0","0,0","0,0","0,0","0,0","1,0","0,0","","","","","","","","","","","","",""
2710,"202322280,0",2023-09-25T00:00:00,02:40:00,COM VÍTIMA,FINALIZADA,MADALENA,RUA REAL DA TORRE,256,"",DEPOIS DO MERCADO DA MADALENA E PROX A MARCOS EQUIPADORA  ANTES DO TUNEL DA ABOLIÇÃO,MADALENA,"","",COLISÃO,"2,0","0,0","0,0","0,0","0,0","0,0","0,0","0,0","0,0","1,0","0,0","","","","","","","","","","","","",""