_id,Protocolo,data,hora,natureza_acidente,situacao,bairro,endereco,numero,detalhe_endereco_acidente,complemento,bairro_cruzamento,num_semaforo,sentido_via,tipo,auto,moto,ciclom,ciclista,pedestre,onibus,caminhao,viatura,outros,vitimas,vitimasfatais,acidente_verificado,tempo_clima,situacao_semaforo,sinalizacao,condicao_via,conservacao_via,ponto_controle,situacao_placa,velocidade_max_via,mao_direcao,divisao_via1,divisao_via2,divisao_via3
2784,"202322814,0",2023-09-30T00:00:00,09:39:00,COM VÍTIMA,FINALIZADA,IMBIRIBEIRA,RUA JOAQUIM BANDEIRA,"","",EMBAIXO DO PONTILHÃO DA ESTAÇÃO ANTONIO FALCAO,IMBIRIBEIRA,"","",COLISÃO LATERAL,"0,0","1,0","0,0","0,0","0,0","0,0","0,0","0,0","0,0","1,0","0,0","","","","","","","","","","","","",""
2785,"202322820,0",2023-09-30T00:00:00,10:01:00,COM VÍTIMA,FINALIZADA,SAO JOSE,AV SUL,"","","EM FRENTE A EMPRESA PORTELA, SENT. CAIS DE SANTA RITA",SAO JOSE,"","",COLISÃO LATERAL,"0,0","1,0","0,0","0,0","0,0","0,0","0,0","0,0","0,0","1,0","0,0","","","","","","","","","","","","",""
2786,"202322821,0",2023-09-30T00:00:00,10:03:00,COM VÍTIMA,FINALIZADA,IBURA,AV RIO SAO FRANCISCO,"","","PROX. AO COLEGIO POLIVALENTE , E PARAD DAS IGREJAS",IBURA,"","",COLISÃO LATERAL,"0,0","1,0","0,0","0,0","0,0","0,0","0,0","0,0","0,0","1,0","0,0","","","","","","","","","","","","",""
2787,"202322823,0",2023-09-30T00:00:00,10:32:00,COM VÍTIMA,FINALIZADA,PORTO DA MADEIRA,AV BEBERIBE,"","",EM FRENTE AO REI DO ARRUMADINHO E O CONJUNTO JOAO PAULO II,PORTO DA MADEIRA,"","",COLISÃO LATERAL,"0,0","1,0","0,0","0,0","0,0","0,0","0,0","0,0","0,0","1,0","0,0","","","","","","","","","","","","",""
2788,"202322826,0",2023-09-30T00:00:00,10:41:00,COM VÍTIMA,FINALIZADA,CORDEIRO,AV GENERAL SAN MARTIN,"","",EM FRENTE AO HOSPITAL GETULIO VARGAS,CORDEIRO,"","",COLISÃO LATERAL,"0,0","1,0","0,0","0,0","0,0","0,0","0,0","0,0","0,0","1,0","0,0","","","","","","","","","","","","",""
2789,"202322830,0",2023-09-30T00:00:00,11:19:00,COM VÍTIMA,FINALIZADA,TORROES,EST DO FORTE DO ARRAIAL N. DO B. JESUS,1592,"",PROX AO ARMAZÉM CASA MODERNA,TORROES,"","",COLISÃO,"1,0","1,0","0,0","0,0","0,0","0,0","0,0","0,0","0,0","1,0","0,0","","","","","","","","","","","","",""
2790,"202322831,0",2023-09-30T00:00:00,11:19:00,COM VÍTIMA,FINALIZADA,MACAXEIRA,AV NORTE MIGUEL ARRAES DE ALENCAR,"","",EM FRENTE AO PARQUE DA MACAXEIRA,MACAXEIRA,"","",COLISÃO LATERAL,"0,0","1,0","0,0","0,0","0,0","0,0","0,0","0,0","0,0","1,0","0,0","","","","","","","","","","","","",""
2791,"202322832,0",2023-09-30T00:00:00,11:56:00,COM VÍTIMA,DUPLICIDADE,CORDEIRO,EST DO FORTE DO ARRAIAL N. DO B. JESUS,"","",EM FRENTE AO ARMAZEM CASA MODERNA,CORDEIRO,"","",COLISÃO LATERAL,"0,0","1,0","0,0","0,0","0,0","0,0","0,0","0,0","0,0","1,0","0,0","","","","","","","","","","","","",""
2792,"202322852,0",2023-09-30T00:00:00,03:11:00,COM VÍTIMA,FINALIZADA,TORROES,AV ENGENHEIRO ABDIAS DE CARVALHO,"","",PROX AO POSTO SHEL ANTES DA UPA DO TORROES,TORROES,"","",COLISÃO LATERAL,"0,0","1,0","0,0","0,0","0,0","0,0","0,0","0,0","0,0","1,0","0,0","","","","","","","","","","","","",""
2793,"202322861,0",2023-09-30T00:00:00,06:11:00,COM VÍTIMA,FINALIZADA,IBURA,RUA JORNALISTA EDSON REGIS,"","",AO LADO DO MOTEL CRISTAL,IBURA,"",SUBURBIO,COLISÃO FRONTAL,"1,0","1,0","0,0","0,0","0,0","0,0","0,0","0,0","0,0","1,0","0,0","","","","","","","","","","","","",""
2794,"202322863,0",2023-09-30T00:00:00,06:42:00,COM VÍTIMA,FINALIZADA,ALTO JOSE BONIFACIO,RUA ALTO JOSE BONIFACIO,522,"",ANTES DO COLEGIO CAIO PEREIRA,ALTO JOSE BONIFACIO,"","",COLISÃO FRONTAL,"0,0","2,0","0,0","0,0","0,0","0,0","0,0","0,0","0,0","2,0","0,0","","","","","","","","","","","","",""
2795,"202322867,0",2023-09-30T00:00:00,07:26:00,COM VÍTIMA,FINALIZADA,CASA FORTE,AV DEZESSETE DE AGOSTO,"","",EM FRENTE AO CENTRO MÉDICO SENADOR JOSÉ HERMÍNIO DE MORAIS E AO LADO DO POSTO DISLUB,CASA FORTE,"","",COLISÃO,"2,0","1,0","0,0","0,0","0,0","0,0","0,0","0,0","0,0","1,0","0,0","","","","","","","","","","","","",""
2796,"202322880,0",2023-09-30T00:00:00,09:50:00,COM VÍTIMA,FINALIZADA,PARNAMIRIM,AV PARNAMIRIM,"","",EM  FRENTE A DROGRASIL,PARNAMIRIM,"","",QUEDA,"0,0","1,0","0,0","0,0","0,0","0,0","0,0","0,0","0,0","1,0","0,0","","","","","","","","","","","","",""
2797,"202322926,0",2023-10-01T00:00:00,12:54:00,COM VÍTIMA,FINALIZADA,BOA VIAGEM,RUA RIO AZUL,367,"",EM FRENTE AO RESTAURANTE MARINHOS,BOA VIAGEM,"","",COLISÃO TRASEIRA,"1,0","1,0","0,0","0,0","0,0","0,0","0,0","0,0","0,0","1,0","0,0","","","","","","","","","","","","",""
2798,"202322927,0",2023-10-01T00:00:00,01:44:00,COM VÍTIMA,FINALIZADA,IMBIRIBEIRA,AV MARECHAL MASCARENHAS DE MORAES,39,"",EM FRENTE AO GERALDÃO // POSTO DE GASOLINA BR,IMBIRIBEIRA,"","",COLISÃO,"0,0","1,0","0,0","0,0","0,0","0,0","0,0","0,0","0,0","1,0","0,0","","","","","","","","","","","","",""
2799,"202322931,0",2023-10-01T00:00:00,02:19:00,COM VÍTIMA,FINALIZADA,BOA VIAGEM,RUA ERNESTO DE PAULA SANTOS,315,"",PROXIMO AO RESTAURANTE E RODIZIO MUNDO ANIMAL,BOA VIAGEM,"","",COLISÃO,"0,0","1,0","0,0","0,0","0,0","0,0","0,0","0,0","0,0","1,0","0,0","","","","","","","","","","","","",""
2800,"202322939,0",2023-10-01T00:00:00,04:05:00,COM VÍTIMA,FINALIZADA,ALTO JOSE DO PINHO,RUA DA MACAIBA,689,"",PROXIMO A LOJA KATIA MODAS,ALTO JOSE DO PINHO,"","",COLISÃO,"0,0","1,0","0,0","0,0","0,0","0,0","0,0","0,0","0,0","1,0","0,0","","","","","","","","","","","","",""
2801,"202322943,0",2023-10-01T00:00:00,06:41:00,COM VÍTIMA,CANCELADA,NOVA DESCOBERTA,AV VEREADOR OTACILIO AZEVEDO,3375,"",APOS O SUPERMERCADO TODO DIA DE NOVA DESCOBERTA,NOVA DESCOBERTA,"","",COLISÃO,"0,0","1,0","0,0","0,0","0,0","0,0","0,0","0,0","0,0","1,0","0,0","","","","","","","","","","","","",""
2802,"202322962,0",2023-10-01T00:00:00,10:55:00,COM VÍTIMA,FINALIZADA,TAMARINEIRA,RUA CONEGO BARATA,"","",E/F AO HOSP. ULISSES PERNAMBUCANO,TAMARINEIRA,"","",COLISÃO LATERAL,"1,0","2,0","0,0","0,0","0,0","0,0","0,0","0,0","0,0","1,0","0,0","","","","","","","","","","","","",""
2803,"202322968,0",2023-10-02T00:00:00,07:19:00,COM VÍTIMA,FINALIZADA,SANTO AMARO,PTE DO LIMOEIRO,"","",SENTIDO AV NORTE / PROX AO QUARTEL,SANTO AMARO,"","",COLISÃO,"0,0","1,0","0,0","0,0","0,0","0,0","0,0","0,0","0,0","1,0","0,0","","","","","","","","","","","","",""
2804,"202322997,0",2023-10-02T00:00:00,10:47:00,COM VÍTIMA,FINALIZADA,ILHA JOANA BEZERRA,AV GOVERNADOR AGAMENON MAGALHAES,"","",EMBAIXO DA PASSARELA ANTES DA PONTE SENT. OLINDA,ILHA JOANA BEZERRA,"","",CHOQUE,"1,0","0,0","0,0","0,0","0,0","0,0","0,0","0,0","0,0","2,0","0,0","","","","","","","","","","","","",""
2805,"202323001,0",2023-10-02T00:00:00,11:11:00,COM VÍTIMA,FINALIZADA,TAMARINEIRA,RUA PADRE ROMA,"","",ANTES DO POSTO  ALBERT SABIN,TAMARINEIRA,"","",COLISÃO,"0,0","1,0","0,0","0,0","0,0","0,0","0,0","0,0","0,0","1,0","0,0","","","","","","","","","","","","",""
2806,"202323004,0",2023-10-02T00:00:00,11:33:00,COM VÍTIMA,FINALIZADA,SANTO AMARO,AV GOVERNADOR AGAMENON MAGALHAES,"","","APOS O VIADUTO DA JOAO DE BARROS, SENT. DERBY",SANTO AMARO,"","",COLISÃO LATERAL,"0,0","1,0","0,0","0,0","0,0","0,0","0,0","0,0","0,0","1,0","0,0","","","","","","","","","","","","",""
2807,"202323007,0",2023-10-02T00:00:00,12:14:00,COM VÍTIMA,FINALIZADA,MADALENA,RUA REAL DA TORRE,"","",PROX AO POSTO SETTA / E A LOJA AÇAI,MADALENA,"","",COLISÃO,"1,0","0,0","0,0","0,0","0,0","0,0","0,0","0,0","0,0","1,0","0,0","","","","","","","","","","","","",""
2808,"202323008,0",2023-10-02T00:00:00,12:17:00,COM VÍTIMA,FINALIZADA,BOA VIAGEM,AV ENGENHEIRO DOMINGOS FERREIRA,"","",PROX AO POSTO BR / EM FRENTE AO BAR BARBARICO,BOA VIAGEM,"","",COLISÃO,"0,0","1,0","0,0","0,0","0,0","0,0","0,0","0,0","0,0","1,0","0,0","","","","","","","","","","","","",""
2809,"202323013,0",2023-10-02T00:00:00,01:07:00,COM VÍTIMA,FINALIZADA,BOA VIAGEM,AV ENGENHEIRO DOMINGOS FERREIRA,2600,"",EM FRENTE AO RESTAURANTE BARBARICO,BOA VIAGEM,"","",COLISÃO TRASEIRA,"1,0","1,0","0,0","0,0","0,0","0,0","0,0","0,0","0,0","1,0","0,0","","","","","","","","","","","","",""
2810,"202323014,0",2023-10-02T00:00:00,01:22:00,COM VÍTIMA,FINALIZADA,JORDAO,RUA ALBERTO LUNDGREN,54,"",PROXIMO AO NUCLEO DA POLICIA/ PRAÇA DO JORDÃO,JORDAO,"","",COLISÃO LATERAL,"0,0","1,0","0,0","0,0","0,0","0,0","0,0","1,0","0,0","1,0","0,0","","","","","","","","","","","","",""
2811,"202323016,0",2023-10-02T00:00:00,01:36:00,COM VÍTIMA,FINALIZADA,JOANA BEZERRA,AV BEIRA RIO,3549,"",PROX AO CAMPO DO BARRO E A ACADEMIA DA CIDADE,JOANA BEZERRA,"","",COLISÃO,"0,0","1,0","0,0","0,0","0,0","0,0","0,0","0,0","0,0","1,0","0,0","","","","","","","","","","","","",""
2812,"202323026,0",2023-10-02T00:00:00,03:18:00,COM VÍTIMA,FINALIZADA,BOA VIAGEM,AV ENGENHEIRO DOMINGOS FERREIRA,2986,"",EM FRENTE A ROMARRI DECORAÇÕES,BOA VIAGEM,"","",COLISÃO LATERAL,"2,0","1,0","0,0","0,0","0,0","0,0","0,0","0,0","0,0","1,0","0,0","","","","","","","","","","","","",""
2813,"202323039,0",2023-10-02T00:00:00,07:02:00,COM VÍTIMA,FINALIZADA,ARRUDA,AV BEBERIBE,"","",PRÓXIMO AO BATEPAPO/ LOGO APÓS O ARMAZÉM CANAL DA CONSTRUÇÃO,ARRUDA,"","",COLISÃO,"1,0","1,0","0,0","0,0","0,0","0,0","0,0","0,0","0,0","2,0","0,0","","","","","","","","","","","","",""
2814,"202323053,0",2023-10-02T00:00:00,07:35:00,COM VÍTIMA,FINALIZADA,IPUTINGA,EST DO BARBALHO,"","",PROXIMO AO ANTIGO HIPER BOMPREÇO,IPUTINGA,"","",COLISÃO,"0,0","1,0","0,0","0,0","0,0","0,0","0,0","0,0","0,0","1,0","0,0","","","","","","","","","","","","",""
2815,"202323054,0",2023-10-02T00:00:00,08:08:00,COM VÍTIMA,FINALIZADA,VARZEA,AV CAXANGA,4894,"",EM FRENTE AO GOLF CLUB PXÓXIMO  A PARADA DO BRT,VARZEA,"",SUBURBIO,COLISÃO,"0,0","1,0","0,0","0,0","0,0","0,0","0,0","0,0","0,0","1,0","0,0","","","","","","","","","","","","",""
2816,"202323061,0",2023-10-02T00:00:00,10:24:00,COM VÍTIMA,FINALIZADA,DERBY,AV GOVERNADOR AGAMENON MAGALHAES,"",PRC DO DERBY,ESTAÇÃO DO BRT,DERBY,"75,0",SUBURBIO,QUEDA,"0,0","1,0","0,0","0,0","0,0","0,0","0,0","0,0","0,0","2,0","0,0","","","","","","","","","","","","",""
2817,"202323081,0",2023-10-03T00:00:00,08:06:00,COM VÍTIMA,FINALIZADA,ENCRUZILHADA,AV BEBERIBE,584,"",EM FRENTE A FERREIRA PINTO,ENCRUZILHADA,"","",COLISÃO,"1,0","1,0","0,0","0,0","0,0","0,0","0,0","0,0","0,0","1,0","0,0","","","","","","","","","","","","",""
2818,"202323084,0",2023-10-03T00:00:00,08:41:00,COM VÍTIMA,FINALIZADA,TOTO,AV LIBERDADE,"","",NA ENTRADA DO CEMITERIO PARQUE DAS FLORES,TOTO,"","",COLISÃO LATERAL,"0,0","1,0","0,0","0,0","0,0","0,0","0,0","0,0","0,0","1,0","0,0","","","","","","","","","","","","",""
2819,"202323085,0",2023-10-03T00:00:00,08:45:00,COM VÍTIMA,FINALIZADA,ENCRUZILHADA,RUA QUARENTA E OITO,"","",REALIZAR VARREDURA,ENCRUZILHADA,"","",COLISÃO LATERAL,"0,0","0,0","0,0","0,0","0,0","0,0","0,0","0,0","0,0","1,0","0,0","","","","","","","","","","","","",""
2820,"202323086,0",2023-10-03T00:00:00,08:54:00,COM VÍTIMA,FINALIZADA,IMBIRIBEIRA,RUA ARQUITETO LUIZ NUNES,"",RUA JULIO VERNE,"",IMBIRIBEIRA,"","",COLISÃO,"0,0","1,0","0,0","0,0","0,0","0,0","0,0","0,0","0,0","1,0","0,0","","","","","","","","","","","","",""
2821,"202323107,0",2023-10-03T00:00:00,12:19:00,COM VÍTIMA,FINALIZADA,AFOGADOS,RUA SAO MIGUEL,1331,"",PROX AO BODE DO NO,AFOGADOS,"","",COLISÃO LATERAL,"1,0","1,0","0,0","0,0","0,0","0,0","0,0","0,0","0,0","1,0","0,0","","","","","","","","","","","","",""
2822,"202323109,0",2023-10-03T00:00:00,12:55:00,COM VÍTIMA,FINALIZADA,IBURA,RUA JORNALISTA EDSON REGIS,977,"",E/F A FABRICA DA FREVO DO IBURA DE BAIXO,IBURA,"","",COLISÃO LATERAL,"0,0","1,0","0,0","0,0","0,0","0,0","0,0","0,0","0,0","1,0","0,0","","","","","","","","","","","","",""
2823,"202323110,0",2023-10-03T00:00:00,01:09:00,COM VÍTIMA,FINALIZADA,CASA AMARELA,AV NORTE MIGUEL ARRAES DE ALENCAR,9373,"",PROX A UPINHA MOACIR E A PRAÇA DO TRABALHO,CASA AMARELA,"","",COLISÃO,"0,0","1,0","0,0","0,0","0,0","0,0","0,0","0,0","0,0","1,0","0,0","","","","","","","","","","","","",""
2824,"202323111,0",2023-10-03T00:00:00,01:13:00,COM VÍTIMA,FINALIZADA,ARRUDA,RUA DA REGENERACAO,7,"",PROX A EMPRESA ESCAVE A ANTIGA COCA COLA,ARRUDA,"","",COLISÃO,"0,0","1,0","0,0","0,0","0,0","0,0","0,0","0,0","0,0","1,0","0,0","","","","","","","","","","","","",""
2825,"202323114,0",2023-10-03T00:00:00,01:20:00,COM VÍTIMA,FINALIZADA,BOA VIAGEM,RUA DONA MAGINA PONTUAL,"","",ESCOLA MUNICIPAL  NOSSA SENHORA DA PENHA,BOA VIAGEM,"","",COLISÃO,"1,0","1,0","0,0","0,0","0,0","0,0","0,0","0,0","0,0","1,0","0,0","","","","","","","","","","","","",""
2826,"202323117,0",2023-10-03T00:00:00,02:32:00,COM VÍTIMA,FINALIZADA,AFOGADOS,RUA SAO MIGUEL,"","",PROXIMO AO SEMÁFORO 425,AFOGADOS,"425,0","",COLISÃO LATERAL,"1,0","1,0","0,0","0,0","0,0","0,0","0,0","0,0","0,0","1,0","0,0","","","","","","","","","","","","",""
2827,"202323121,0",2023-10-03T00:00:00,02:56:00,COM VÍTIMA,FINALIZADA,JAQUEIRA,RUA LEONARDO BEZERRA CAVALCANTE,59,"",E/F AO HOPITAL MARIA LUCINDA,JAQUEIRA,"","",COLISÃO TRASEIRA,"2,0","1,0","0,0","0,0","0,0","0,0","0,0","0,0","0,0","1,0","0,0","","","","","","","","","","","","",""
2828,"202323122,0",2023-10-03T00:00:00,03:06:00,COM VÍTIMA,FINALIZADA,BEBERIBE,AV BEBERIBE,4217,"",POSTO SHEL // E/F AO SEMAFARO 514,BEBERIBE,"","",COLISÃO FRONTAL,"1,0","1,0","0,0","0,0","0,0","0,0","0,0","0,0","0,0","1,0","0,0","","","","","","","","","","","","",""
2829,"202323124,0",2023-10-03T00:00:00,03:17:00,COM VÍTIMA,FINALIZADA,BOA VIAGEM,AVENIDA CELSO FURTADO (VIA MANGUE),"","",POR TRAS DO SUPERMERCADO ASSAI/ SENTIDO PINA,BOA VIAGEM,"","",COLISÃO LATERAL,"2,0","1,0","0,0","0,0","0,0","0,0","0,0","0,0","0,0","1,0","0,0","","","","","","","","","","","","",""
2830,"202323140,0",2023-10-03T00:00:00,06:37:00,COM VÍTIMA,CANCELADA,DOIS IRMAOS,RUA DOIS IRMAOS,920,"",EM FRENTE AO HORTO DE DOIS IRMÃOS E A LAFEPE,DOIS IRMAOS,"","",COLISÃO,"0,0","1,0","0,0","0,0","0,0","0,0","0,0","0,0","0,0","1,0","0,0","","","","","","","","","","","","",""
2831,"202323147,0",2023-10-03T00:00:00,06:45:00,COM VÍTIMA,FINALIZADA,CAXANGA,AV CAXANGA,9111,"",PROX A IGREJA NOVAS DE PAZ E A ITEGRAÇÃO DA CAXAMGA,CAXANGA,"","",COLISÃO,"0,0","1,0","0,0","0,0","0,0","0,0","0,0","0,0","0,0","1,0","0,0","","","","","","","","","","","","",""
2832,"202323148,0",2023-10-03T00:00:00,06:49:00,COM VÍTIMA,CANCELADA,BONGI,AV ENGENHEIRO ABDIAS DE CARVALHO,105,"",NA PISTA LATERAL E AO LADO DO LABORATORIO CERPE,BONGI,"","",COLISÃO,"0,0","1,0","0,0","0,0","0,0","0,0","0,0","0,0","0,0","1,0","0,0","","","","","","","","","","","","",""
2833,"202323149,0",2023-10-03T00:00:00,07:23:00,COM VÍTIMA,FINALIZADA,AFOGADOS,RUA DA PAZ,"","",PROXIMO AO BANCO BRADESCO,AFOGADOS,"","",COLISÃO,"1,0","1,0","0,0","0,0","0,0","0,0","0,0","0,0","0,0","1,0","0,0","","","","","","","","","","","","",""
2834,"202323151,0",2023-10-03T00:00:00,07:28:00,COM VÍTIMA,CANCELADA,COELHOS,RUA DOS COELHOS,300,"",EM FRENTE AO HOSPITAL DO IMIP,COELHOS,"","",ATROPELAMENTO DE PESSOA,"0,0","1,0","0,0","0,0","1,0","0,0","0,0","0,0","0,0","1,0","0,0","","","","","","","","","","","","",""
2835,"202323153,0",2023-10-03T00:00:00,08:31:00,COM VÍTIMA,CANCELADA,COELHOS,RUA PADRE VENANCIO,"","",PRAÇA MATARAZZO,COELHOS,"","",COLISÃO,"1,0","1,0","0,0","0,0","0,0","0,0","0,0","0,0","0,0","1,0","0,0","","","","","","","","","","","","",""
2836,"202323154,0",2023-10-03T00:00:00,08:31:00,COM VÍTIMA,CANCELADA,BOA VIAGEM,AV CONSELHEIRO AGUIAR,2340,"",EM FRENTE AO MINUTO PÃO DE AÇUCAR,BOA VIAGEM,"","",COLISÃO,"1,0","1,0","0,0","0,0","0,0","0,0","0,0","0,0","0,0","1,0","0,0","","","","","","","","","","","","",""
2837,"202323155,0",2023-10-03T00:00:00,08:36:00,SEM VÍTIMA,FINALIZADA,BOA VISTA,RUA DOM BOSCO,"","",LADO OPOSTO AO NÚMERO 961 PRÓXIMO A RÁDIO PATRULHA,BOA VISTA,"401,0","",COLISÃO,"3,0","0,0","0,0","0,0","0,0","0,0","0,0","0,0","0,0","0,0","0,0","","","","","","","","","","","","",""
2838,"202323158,0",2023-10-04T00:00:00,06:38:00,COM VÍTIMA,FINALIZADA,SANTO AMARO,PRQ TREZE DE MAIO,"","",PRÓXIMO AO COLÉGIO BARBALHO,SANTO AMARO,"","",COLISÃO,"0,0","0,0","0,0","0,0","0,0","0,0","0,0","0,0","0,0","1,0","0,0","","","","","","","","","","","","",""
2839,"202323161,0",2023-10-04T00:00:00,07:04:00,COM VÍTIMA,FINALIZADA,CABANGA,"","","",PONTE GOV PAULO GUERRA,CABANGA,"","",COLISÃO,"0,0","1,0","0,0","1,0","0,0","0,0","0,0","0,0","0,0","1,0","0,0","","","","","","","","","","","","",""
2840,"202323162,0",2023-10-04T00:00:00,07:14:00,COM VÍTIMA,FINALIZADA,SANTO AMARO,RUA DO SOSSEGO,"","",PROX A FACULDADE ESUDA,SANTO AMARO,"","",COLISÃO,"0,0","1,0","0,0","0,0","0,0","0,0","0,0","0,0","0,0","1,0","0,0","","","","","","","","","","","","",""
2841,"202323163,0",2023-10-04T00:00:00,07:15:00,COM VÍTIMA,FINALIZADA,VARZEA,AV AFONSO OLINDENSE,"","","AO LADO DA ESCOLA OLINTO VITOR, EM FRENTE A LOJA BIOLOGICOS",VARZEA,"","",COLISÃO LATERAL,"0,0","1,0","0,0","0,0","0,0","0,0","0,0","0,0","0,0","1,0","0,0","","","","","","","","","","","","",""
2842,"202323168,0",2023-10-04T00:00:00,07:52:00,COM VÍTIMA,FINALIZADA,JORDAO,AV MARECHAL MASCARENHAS DE MORAES,"","","AO LADO DO MURO DO AEROPORTO, ANTES DA ENTRADA DO JORDAO",JORDAO,"","",COLISÃO LATERAL,"0,0","1,0","0,0","0,0","0,0","0,0","0,0","0,0","0,0","1,0","0,0","","","","","","","","","","","","",""
2843,"202323172,0",2023-10-04T00:00:00,08:21:00,COM VÍTIMA,FINALIZADA,CORDEIRO,AV GENERAL SAN MARTIN,"",RUA GOMES TABORDA,"",CORDEIRO,"","",COLISÃO,"0,0","0,0","0,0","0,0","0,0","0,0","0,0","0,0","0,0","1,0","0,0","","","","","","","","","","","","",""
2844,"202323175,0",2023-10-04T00:00:00,08:37:00,COM VÍTIMA,FINALIZADA,VARZEA,RUA FRANCISCO LACERDA,"","",POSSÍVEL SINISTRO COM VÍTIMA,VARZEA,"","",COLISÃO,"0,0","0,0","0,0","0,0","0,0","0,0","0,0","0,0","0,0","1,0","0,0","","","","","","","","","","","","",""
2845,"202323177,0",2023-10-04T00:00:00,08:38:00,COM VÍTIMA,FINALIZADA,AFOGADOS,RUA COSME VIANA,"","",EM FRENTE A TUPAN CONSTRUÇÃO,AFOGADOS,"","",COLISÃO,"0,0","1,0","0,0","0,0","0,0","0,0","0,0","0,0","0,0","1,0","0,0","","","","","","","","","","","","",""
2846,"202323183,0",2023-10-04T00:00:00,09:36:00,COM VÍTIMA,FINALIZADA,AFOGADOS,RUA PADRE TEOFILO TWORZ,"",RUA COSME VIANA,POSSÍVEL SINISTRO COM VÍTIMA,AFOGADOS,"","",COLISÃO,"0,0","0,0","0,0","0,0","0,0","0,0","0,0","0,0","0,0","1,0","0,0","","","","","","","","","","","","",""
2847,"202323193,0",2023-10-04T00:00:00,11:21:00,COM VÍTIMA,FINALIZADA,PINA,AV ANTONIO DE GOES,"","",EM FRENTE A PRF / NO POSTO DE GASOLINA BR/ PROX AO DENITE,PINA,"","",COLISÃO,"0,0","1,0","0,0","0,0","0,0","0,0","0,0","0,0","0,0","1,0","0,0","","","","","","","","","","","","",""
2848,"202323202,0",2023-10-04T00:00:00,02:04:00,COM VÍTIMA,FINALIZADA,DERBY,AV GOVERNADOR AGAMENON MAGALHAES,"","",SOB O SEMÁFORO 174,DERBY,"","",COLISÃO,"0,0","0,0","0,0","0,0","0,0","0,0","0,0","0,0","0,0","1,0","0,0","","","","","","","","","","","","",""
2849,"202323207,0",2023-10-04T00:00:00,03:28:00,COM VÍTIMA,FINALIZADA,SAO JOSE,RUA DR JOSE MARIANO,973,"",PROX A MADEREIRA IPIRANGA E A EMPRESA COMDICA,SAO JOSE,"","",COLISÃO,"0,0","1,0","0,0","0,0","0,0","0,0","0,0","0,0","0,0","1,0","0,0","","","","","","","","","","","","",""
2850,"202323208,0",2023-10-04T00:00:00,03:46:00,COM VÍTIMA,FINALIZADA,AFOGADOS,AV SUL,"","","",AFOGADOS,"320,0","",COLISÃO,"1,0","1,0","0,0","0,0","0,0","0,0","0,0","0,0","0,0","1,0","0,0","","","","","","","","","","","","",""
2851,"202323215,0",2023-10-04T00:00:00,05:31:00,COM VÍTIMA,FINALIZADA,CORDEIRO,RUA TAMBORIL,1291,"",PROX CAMPO DO QUINZE,CORDEIRO,"","",COLISÃO,"1,0","1,0","0,0","0,0","0,0","0,0","0,0","0,0","0,0","1,0","0,0","","","","","","","","","","","","",""
2852,"202323224,0",2023-10-04T00:00:00,06:37:00,COM VÍTIMA,FINALIZADA,BOA VIAGEM,RUA GENERAL EDSON AMANCIO RAMALHO,"","",AO LADO  DA IMOBILIARIA JAIRO ROCHA,BOA VIAGEM,"","",COLISÃO,"1,0","0,0","0,0","1,0","0,0","0,0","0,0","0,0","0,0","1,0","0,0","","","","","","","","","","","","",""
2853,"202323226,0",2023-10-04T00:00:00,07:03:00,COM VÍTIMA,FINALIZADA,TEJIPIO,AV DR JOSE RUFINO,2984,"",PADARIA DOM RUFINO / COLÉGIO ALBERTO TORRES,TEJIPIO,"","",COLISÃO TRANSVERSAL,"1,0","1,0","0,0","0,0","0,0","0,0","0,0","0,0","0,0","1,0","0,0","","","","","","","","","","","","",""
2854,"202323255,0",2023-10-05T00:00:00,08:27:00,SEM VÍTIMA,FINALIZADA,"",AV SUL,179,RUA NICOLAU PEREIRA,LADO OPOSTO  AO Nº 179,"","",CIDADE,"","1,0","0,0","0,0","0,0","0,0","0,0","1,0","0,0","0,0","0,0","0,0","","","","","","","","","","","","",""
2855,"202323258,0",2023-10-05T00:00:00,08:58:00,SEM VÍTIMA,FINALIZADA,TORRE,RUA CONDE DE IRAJA,301,"",CONDOMÍNIO DO EDIFÍCIO COINTREAU,TORRE,"191,0","",COLISÃO TRASEIRA,"1,0","0,0","0,0","0,0","0,0","0,0","0,0","1,0","0,0","0,0","0,0","","","","","","","","","","","","",""
2856,"202323262,0",2023-10-05T00:00:00,09:10:00,COM VÍTIMA,FINALIZADA,BOA VIAGEM,RUA WALDEMAR NERY CARNEIRO MONTEIRO,"",RUA CRUZEIRO DO FORTE,PROX A PADARIA SETUBAL,BOA VIAGEM,"","",COLISÃO LATERAL,"1,0","1,0","0,0","0,0","0,0","0,0","0,0","0,0","0,0","1,0","0,0","","","","","","","","","","","","",""