_id,Protocolo,data,hora,natureza_acidente,situacao,bairro,endereco,numero,detalhe_endereco_acidente,complemento,bairro_cruzamento,num_semaforo,sentido_via,tipo,auto,moto,ciclom,ciclista,pedestre,onibus,caminhao,viatura,outros,vitimas,vitimasfatais,acidente_verificado,tempo_clima,situacao_semaforo,sinalizacao,condicao_via,conservacao_via,ponto_controle,situacao_placa,velocidade_max_via,mao_direcao,divisao_via1,divisao_via2,divisao_via3
2857,"202323271,0",2023-10-05T00:00:00,10:19:00,COM VÍTIMA,FINALIZADA,BOA VIAGEM,AV CONSELHEIRO AGUIAR,3384,"",EM FRENTE A CAIXA ECONOMICA,BOA VIAGEM,"","",ATROPELAMENTO DE PESSOA,"1,0","0,0","0,0","0,0","1,0","0,0","0,0","0,0","0,0","1,0","0,0","","","","","","","","","","","","",""
2858,"202323296,0",2023-10-05T00:00:00,01:18:00,COM VÍTIMA,FINALIZADA,BOA VIAGEM,AV VINTE DE JANEIRO,205,"",PROXIMO A ESTAÇÃO AEROPORTO,BOA VIAGEM,"","",COLISÃO LATERAL,"1,0","1,0","0,0","0,0","0,0","0,0","0,0","0,0","0,0","1,0","0,0","","","","","","","","","","","","",""
2859,"202323299,0",2023-10-05T00:00:00,02:12:00,COM VÍTIMA,FINALIZADA,BOA VISTA,AV GOVERNADOR AGAMENON MAGALHAES,4765,"",APOS P BOMPREÇO E AO POSTO DE GASOLINA BR,BOA VISTA,"","",COLISÃO,"0,0","1,0","0,0","0,0","0,0","0,0","0,0","0,0","0,0","1,0","0,0","","","","","","","","","","","","",""
2860,"202323313,0",2023-10-05T00:00:00,05:05:00,COM VÍTIMA,FINALIZADA,CABANGA,AV SATURNINO DE BRITO,"","",COMPESA,CABANGA,"","",COLISÃO LATERAL,"3,0","0,0","0,0","0,0","0,0","0,0","0,0","0,0","0,0","1,0","0,0","","","","","","","","","","","","",""
2861,"202323324,0",2023-10-05T00:00:00,06:36:00,COM VÍTIMA,FINALIZADA,SAO JOSE,AV SUL,1416,"",EMBAIXO DO VIADUTO / PROXIMO AO POSTO BR /,SAO JOSE,"","",COLISÃO,"0,0","1,0","0,0","0,0","0,0","0,0","0,0","0,0","0,0","1,0","0,0","","","","","","","","","","","","",""
2862,"202323335,0",2023-10-06T00:00:00,06:12:00,SEM VÍTIMA,FINALIZADA,IMBIRIBEIRA,AV MARECHAL MASCARENHAS DE MORAES,"","",SEMAFORO 287,IMBIRIBEIRA,"","",CHOQUE,"0,0","0,0","0,0","0,0","0,0","0,0","0,0","0,0","0,0","0,0","0,0","","","","","","","","","","","","",""
2863,"202323339,0",2023-10-06T00:00:00,07:04:00,COM VÍTIMA,FINALIZADA,BOA VIAGEM,AV ENGENHEIRO DOMINGOS FERREIRA,"","",EM FRENTE AO SUPERMERCADO ASSAÍ,BOA VIAGEM,"","",COLISÃO LATERAL,"1,0","1,0","0,0","0,0","0,0","0,0","0,0","0,0","0,0","2,0","0,0","","","","","","","","","","","","",""
2864,"202323340,0",2023-10-06T00:00:00,07:04:00,COM VÍTIMA,FINALIZADA,BOA VIAGEM,RUA BRUNO VELOSO,983,"",EM FRENTE AO LAÇA BURGUER E FARMACIA DROGASIL,BOA VIAGEM,"","",COLISÃO,"0,0","1,0","0,0","0,0","0,0","0,0","0,0","0,0","0,0","1,0","0,0","","","","","","","","","","","","",""
2865,"202323344,0",2023-10-06T00:00:00,07:22:00,COM VÍTIMA,FINALIZADA,AGUA FRIA,EST VELHA DE AGUA FRIA,"","",EM FRENTE A POLICLINICA SALOMAO KELNER APOS O LARGO DE AGUA FRIA,AGUA FRIA,"","",COLISÃO,"0,0","1,0","0,0","0,0","0,0","0,0","0,0","0,0","0,0","1,0","0,0","","","","","","","","","","","","",""
2866,"202323348,0",2023-10-06T00:00:00,07:30:00,COM VÍTIMA,FINALIZADA,LINHA DO TIRO,RUA SODRELANDIA,"","","AO LADO DO CAMPO DO CAFE, PROX. AO TERMINAL DE ONIBUS LINHA DO TIRO",LINHA DO TIRO,"","",COLISÃO LATERAL,"0,0","1,0","0,0","0,0","0,0","0,0","0,0","0,0","0,0","1,0","0,0","","","","","","","","","","","","",""
2867,"202323355,0",2023-10-06T00:00:00,08:09:00,COM VÍTIMA,FINALIZADA,CASA AMARELA,RUA CONS PERETTI,"","",PROX. AO LABORATORIO CERPE E RESTAURANTE DANI,CASA AMARELA,"","",COLISÃO LATERAL,"0,0","1,0","0,0","0,0","0,0","1,0","0,0","0,0","0,0","2,0","0,0","","","","","","","","","","","","",""
2868,"202323359,0",2023-10-06T00:00:00,08:14:00,COM VÍTIMA,FINALIZADA,PINA,AVENIDA CELSO FURTADO (VIA MANGUE),"","",PROX. AO SHOPPING RIO MAR,PINA,"","",ENGAVETAMENTO,"2,0","0,0","0,0","0,0","0,0","0,0","1,0","0,0","0,0","1,0","0,0","","","","","","","","","","","","",""
2869,"202323361,0",2023-10-06T00:00:00,08:19:00,COM VÍTIMA,DUPLICIDADE,BOA VIAGEM,AV ENGENHEIRO DOMINGOS FERREIRA,"","",PROX. AO SUPERMERCADO ASSAI E RESTAURANTE SPETTUS,BOA VIAGEM,"","",COLISÃO LATERAL,"0,0","1,0","0,0","0,0","0,0","0,0","0,0","0,0","0,0","1,0","0,0","","","","","","","","","","","","",""
2870,"202323373,0",2023-10-06T00:00:00,09:03:00,COM VÍTIMA,FINALIZADA,JOANA BEZERRA,VIADUTO CAPITAO TEMUDO,"","",ANTES DA DESCIDA DA AV SUL SENTIDO SHOPPING RIO MAR,JOANA BEZERRA,"","",COLISÃO LATERAL,"0,0","1,0","0,0","0,0","0,0","0,0","0,0","0,0","0,0","1,0","0,0","","","","","","","","","","","","",""
2871,"202323377,0",2023-10-06T00:00:00,09:38:00,COM VÍTIMA,FINALIZADA,TAMARINEIRA,RUA CONEGO BARATA,"","","EM FRENTE A FERREIRA COSTA, SENT. AGUA FRIA",TAMARINEIRA,"","",COLISÃO LATERAL,"0,0","1,0","0,0","0,0","0,0","0,0","1,0","0,0","0,0","1,0","0,0","","","","","","","","","","","","",""
2872,"202323390,0",2023-10-06T00:00:00,10:55:00,COM VÍTIMA,FINALIZADA,TORRE,RUA CONDE DE IRAJA,544,"",EDIFICIO LARA,TORRE,"","",ENGAVETAMENTO,"4,0","0,0","0,0","0,0","0,0","0,0","0,0","0,0","0,0","1,0","0,0","","","","","","","","","","","","",""
2873,"202323396,0",2023-10-06T00:00:00,11:57:00,SEM VÍTIMA,FINALIZADA,CORDEIRO,RUA ODETE MONTEIRO,457,RUA JOAQUIM ALHEIROS,PROX. AO GOI,CORDEIRO,"","",COLISÃO FRONTAL,"1,0","1,0","0,0","0,0","0,0","0,0","0,0","0,0","0,0","0,0","0,0","","","","","","","","","","","","",""
2874,"202323399,0",2023-10-06T00:00:00,12:07:00,COM VÍTIMA,FINALIZADA,IMBIRIBEIRA,AV MARECHAL MASCARENHAS DE MORAES,1482,"",EM FRENTE AO SEMAFORO 287 - EM FRENTE A LASER ELETRO,IMBIRIBEIRA,"","",COLISÃO TRASEIRA,"1,0","1,0","0,0","0,0","0,0","0,0","0,0","0,0","0,0","1,0","0,0","","","","","","","","","","","","",""
2875,"202323410,0",2023-10-06T00:00:00,01:04:00,COM VÍTIMA,FINALIZADA,BOA VIAGEM,RUA VISCONDE DE JEQUITINHONHA,568,"",APÓS O POSTO DE GASOLINA DO CANAL /CRUZANDO A RUA BARÃO DE SOUZA LEÃO,BOA VIAGEM,"","",COLISÃO LATERAL,"0,0","1,0","0,0","0,0","0,0","0,0","0,0","0,0","0,0","1,0","0,0","","","","","","","","","","","","",""
2876,"202323413,0",2023-10-06T00:00:00,01:16:00,COM VÍTIMA,FINALIZADA,CAXANGA,AV CAXANGA,2466,"",E/F A PARADA DO BRT   E LOJA  MOTOS MEGA MOTOS S/T SUB,CAXANGA,"","",COLISÃO TRASEIRA,"1,0","1,0","0,0","0,0","0,0","0,0","0,0","0,0","0,0","1,0","0,0","","","","","","","","","","","","",""
2877,"202323415,0",2023-10-06T00:00:00,01:20:00,COM VÍTIMA,FINALIZADA,CAMPO GRANDE,RUA JERONIMO VILELA,581,"",PROXIMO AO LAR DO IDOSO CASA SANTA CLARA,CAMPO GRANDE,"","",COLISÃO LATERAL,"0,0","1,0","0,0","0,0","0,0","0,0","0,0","0,0","0,0","1,0","0,0","","","","","","","","","","","","",""
2878,"202323420,0",2023-10-06T00:00:00,01:49:00,COM VÍTIMA,DUPLICIDADE,BOA VIAGEM,RUA ENGENHEIRO ZAEL DIOGENES,53,"",APOS O POSTO SHEL // ANTES DO PARQUE DONA LINDU,BOA VIAGEM,"","",COLISÃO,"1,0","1,0","0,0","0,0","0,0","0,0","0,0","0,0","0,0","1,0","0,0","","","","","","","","","","","","",""
2879,"202323422,0",2023-10-06T00:00:00,02:18:00,COM VÍTIMA,FINALIZADA,MADALENA,RUA BENFICA,"","",FRENTE CLUBE INTERNACIONAL/ PRAÇA CLUBE INTERNACIONAL,MADALENA,"","",COLISÃO,"1,0","1,0","0,0","0,0","0,0","0,0","0,0","0,0","0,0","1,0","0,0","","","","","","","","","","","","",""
2880,"202323424,0",2023-10-06T00:00:00,03:05:00,COM VÍTIMA,FINALIZADA,CABANGA,AV SATURNINO DE BRITO,"","",PROX AO CREFIR ( CONSELHO REGIONAL DOS CORRETORES ) / PROX AO CABANGA IATE CLUBE,CABANGA,"","",COLISÃO,"0,0","1,0","0,0","0,0","0,0","0,0","0,0","0,0","0,0","1,0","0,0","","","","","","","","","","","","",""
2881,"202323440,0",2023-10-06T00:00:00,05:55:00,COM VÍTIMA,FINALIZADA,CAMPO GRANDE,RUA JERONIMO VILELA,879,"",PROXIMO AO CLUBE DAS PAS,CAMPO GRANDE,"","",COLISÃO,"0,0","1,0","0,0","0,0","0,0","0,0","0,0","0,0","0,0","1,0","0,0","","","","","","","","","","","","",""
2882,"202323443,0",2023-10-06T00:00:00,06:32:00,COM VÍTIMA,FINALIZADA,BREJO DA GUABIRABA,AV VEREADOR OTACILIO AZEVEDO,2888,"",PROXIMO A LANCHONETE DO RAMOS,BREJO DA GUABIRABA,"","",COLISÃO,"0,0","1,0","0,0","0,0","0,0","0,0","0,0","0,0","0,0","1,0","0,0","","","","","","","","","","","","",""
2883,"202323450,0",2023-10-06T00:00:00,07:18:00,COM VÍTIMA,FINALIZADA,GRACAS,RUA AMARO BEZERRA,"","",QUATRO CANTOS,GRACAS,"","",COLISÃO,"1,0","1,0","0,0","0,0","0,0","0,0","0,0","0,0","0,0","2,0","0,0","","","","","","","","","","","","",""
2884,"202323452,0",2023-10-06T00:00:00,07:30:00,COM VÍTIMA,CANCELADA,DOIS IRMAOS,RUA MANUEL DE MEDEIROS,"","",PROX A UNIVERSIDADE RURAL,DOIS IRMAOS,"","",COLISÃO,"0,0","1,0","0,0","0,0","0,0","0,0","0,0","0,0","0,0","1,0","0,0","","","","","","","","","","","","",""
2885,"202323453,0",2023-10-06T00:00:00,07:31:00,COM VÍTIMA,CANCELADA,SAO JOSE,AV SUL,"","",PROX AO SEDE DO GALO ANTES DA DANTAS BARRETO,SAO JOSE,"","",COLISÃO,"0,0","1,0","0,0","0,0","0,0","0,0","0,0","0,0","0,0","1,0","0,0","","","","","","","","","","","","",""
2886,"202323461,0",2023-10-07T00:00:00,12:10:00,COM VÍTIMA,FINALIZADA,BOA VIAGEM,RUA BRUNO VELOSO,"",AV FERNANDO SIMOES BARBOSA,CRUZAMENTO DO SHOPPING RECIFE,BOA VIAGEM,"","",COLISÃO COM CICLISTA,"0,0","0,0","0,0","1,0","0,0","0,0","0,0","0,0","0,0","1,0","0,0","","","","","","","","","","","","",""
2887,"202323462,0",2023-10-07T00:00:00,12:15:00,COM VÍTIMA,FINALIZADA,IBURA,RUA CAMPO VERDE,"","",TERMINAL DO UR 2,IBURA,"","",COLISÃO FRONTAL,"0,0","0,0","0,0","0,0","0,0","0,0","0,0","0,0","0,0","2,0","0,0","","","","","","","","","","","","",""
2888,"202323463,0",2023-10-07T00:00:00,12:20:00,COM VÍTIMA,CANCELADA,JORDAO,PRC DO JORDAO,"","",PRÓXIMO AO NÚCLEO,JORDAO,"","",COLISÃO LATERAL,"0,0","0,0","0,0","0,0","0,0","0,0","0,0","0,0","0,0","1,0","0,0","","","","","","","","","","","","",""
2889,"202323464,0",2023-10-07T00:00:00,12:28:00,COM VÍTIMA,CANCELADA,CASA AMARELA,EST MORRO DA CONCEICAO,386,"",NA DESCIDA DO MORRO DA CONCEIÇÃO,CASA AMARELA,"","",COLISÃO,"0,0","0,0","0,0","0,0","0,0","0,0","0,0","0,0","0,0","1,0","0,0","","","","","","","","","","","","",""
2890,"202323467,0",2023-10-07T00:00:00,01:38:00,COM VÍTIMA,CANCELADA,CAMPO GRANDE,RUA JERONIMO VILELA,"","","",CAMPO GRANDE,"","","","0,0","0,0","0,0","0,0","0,0","0,0","0,0","0,0","0,0","2,0","0,0","","","","","","","","","","","","",""
2891,"202323468,0",2023-10-07T00:00:00,02:29:00,COM VÍTIMA,FINALIZADA,ARRUDA,AV BEBERIBE,"",RUA ALEGRE,PROX CANAL DE CONTRUÇÃO,ARRUDA,"64,0","",COLISÃO,"0,0","0,0","0,0","0,0","0,0","0,0","0,0","0,0","0,0","1,0","0,0","","","","","","","","","","","","",""
2892,"202323490,0",2023-10-07T00:00:00,08:50:00,COM VÍTIMA,FINALIZADA,BOA VIAGEM,RUA BRUNO VELOSO,934,"",PROX AO SHOPPING RECIFE E ACADEMIA SELFIT,BOA VIAGEM,"","",COLISÃO,"0,0","1,0","0,0","0,0","0,0","0,0","0,0","0,0","0,0","1,0","0,0","","","","","","","","","","","","",""
2893,"202323491,0",2023-10-07T00:00:00,09:25:00,COM VÍTIMA,FINALIZADA,CAMPO GRANDE,AV CORREIA DE BRITO,"","",PROX AO MERCADO SITIO NOVO,CAMPO GRANDE,"","",COLISÃO,"0,0","1,0","0,0","0,0","0,0","0,0","0,0","0,0","0,0","1,0","0,0","","","","","","","","","","","","",""
2894,"202323519,0",2023-10-07T00:00:00,12:38:00,COM VÍTIMA,FINALIZADA,BAIRRO DO RECIFE,AV RIO BRANCO,107,"",EM FRENTE AO BANCO DO BRASIL,BAIRRO DO RECIFE,"","",COLISÃO,"0,0","1,0","0,0","0,0","0,0","0,0","0,0","0,0","0,0","1,0","0,0","","","","","","","","","","","","",""
2895,"202323520,0",2023-10-07T00:00:00,12:55:00,COM VÍTIMA,FINALIZADA,IMBIRIBEIRA,AV MARECHAL MASCARENHAS DE MORAES,"","",EM FRENTE AO DER CLUBE RODOVIARIO/ SENTIDO JABOATÃO,IMBIRIBEIRA,"","",COLISÃO LATERAL,"0,0","2,0","0,0","0,0","0,0","0,0","0,0","0,0","0,0","2,0","0,0","","","","","","","","","","","","",""
2896,"202323542,0",2023-10-07T00:00:00,06:35:00,COM VÍTIMA,CANCELADA,CORDEIRO,RUA CONS SILVEIRA DE SOUZA,619,"",PROXIMO AO PORTAL DA CARNE DE SOL,CORDEIRO,"","",COLISÃO,"0,0","1,0","0,0","0,0","0,0","0,0","0,0","0,0","0,0","1,0","0,0","","","","","","","","","","","","",""
2897,"202323561,0",2023-10-07T00:00:00,08:25:00,COM VÍTIMA,FINALIZADA,MANGABEIRA,AV NORTE MIGUEL ARRAES DE ALENCAR,"","",PRÓXIMO A ENTRADA DO ALTO JOSÉ DO PINHO,MANGABEIRA,"","",ATROPELAMENTO DE PESSOA,"0,0","1,0","0,0","0,0","1,0","0,0","0,0","0,0","0,0","2,0","0,0","","","","","","","","","","","","",""
2898,"202323567,0",2023-10-07T00:00:00,09:11:00,COM VÍTIMA,CANCELADA,IPSEP,AV RECIFE,3033,"","APÓS AO ANTIGO BOMPREÇO, SENTIDO SAL E BRASA",IPSEP,"","",COLISÃO,"0,0","1,0","0,0","0,0","0,0","0,0","0,0","0,0","0,0","1,0","0,0","","","","","","","","","","","","",""
2899,"202323571,0",2023-10-07T00:00:00,11:46:00,COM VÍTIMA,CANCELADA,IBURA,AV DOIS RIOS,"",RUA RIO XINGU,E/F A AUTO ESCOLA PILOTO,IBURA,"","",COLISÃO FRONTAL,"1,0","1,0","0,0","0,0","0,0","0,0","0,0","0,0","0,0","1,0","0,0","","","","","","","","","","","","",""
2900,"202323591,0",2023-10-08T00:00:00,08:31:00,COM VÍTIMA,FINALIZADA,CASA AMARELA,AV NORTE MIGUEL ARRAES DE ALENCAR,"","","PROX. A FARMACIA PAGUE MENOS, AO LADO DO REI DA PICANHA",CASA AMARELA,"","",COLISÃO LATERAL,"0,0","1,0","0,0","0,0","0,0","0,0","0,0","0,0","0,0","1,0","0,0","","","","","","","","","","","","",""
2901,"202323596,0",2023-10-08T00:00:00,09:25:00,COM VÍTIMA,FINALIZADA,IMBIRIBEIRA,AV MARECHAL MASCARENHAS DE MORAES,"","",EM FRENTE A ENTRADA DO AEROPORTO,IMBIRIBEIRA,"","",COLISÃO LATERAL,"0,0","1,0","0,0","0,0","0,0","0,0","0,0","0,0","0,0","1,0","0,0","","","","","","","","","","","","",""
2902,"202323601,0",2023-10-08T00:00:00,10:53:00,COM VÍTIMA,FINALIZADA,IPSEP,AV RECIFE,"","","APOS A CONCESSIONARIA JJK,  PROX. AO SEMAFORO 247",IPSEP,"","",COLISÃO LATERAL,"1,0","1,0","0,0","0,0","0,0","0,0","0,0","0,0","0,0","1,0","0,0","","","","","","","","","","","","",""
2903,"202323606,0",2023-10-08T00:00:00,11:45:00,COM VÍTIMA,DUPLICIDADE,AREIAS,AV RECIFE,"","",EM FRENTE A BQ BRASIL VEICULOS,AREIAS,"","",COLISÃO LATERAL,"1,0","0,0","0,0","0,0","0,0","0,0","0,0","0,0","0,0","1,0","0,0","","","","","","","","","","","","",""
2904,"202323607,0",2023-10-08T00:00:00,11:49:00,COM VÍTIMA,FINALIZADA,ESPINHEIRO,RUA AMELIA,"","",PROX. A GALERIA MODA MANIA E BANCA DE BICHO MONTE CARLOS,ESPINHEIRO,"","",COLISÃO LATERAL,"0,0","1,0","0,0","0,0","0,0","0,0","0,0","0,0","0,0","1,0","0,0","","","","","","","","","","","","",""
2905,"202323608,0",2023-10-08T00:00:00,11:51:00,VÍTIMA FATAL,FINALIZADA,ESTANCIA,AV RECIFE,"","",APOS SEMAFORO 059/ SENTIDO UFPE,ESTANCIA,"59,0","",COLISÃO,"2,0","0,0","0,0","0,0","0,0","0,0","0,0","0,0","0,0","0,0","1,0","","","","","","","","","","","","",""
2906,"202323613,0",2023-10-08T00:00:00,01:06:00,SEM VÍTIMA,DUPLICIDADE,ESTANCIA,AV RECIFE,"","",APOS SEMAFORO 059/ SENTIDO UFPE,ESTANCIA,"59,0","",COLISÃO,"0,0","0,0","0,0","0,0","0,0","0,0","0,0","0,0","0,0","0,0","0,0","","","","","","","","","","","","",""
2907,"202323627,0",2023-10-08T00:00:00,03:49:00,COM VÍTIMA,FINALIZADA,TORRE,RUA CONDE DE IRAJA,"",AV BEIRA RIO,NA DESCIDA PONTE,TORRE,"","",COLISÃO FRONTAL,"2,0","0,0","0,0","0,0","0,0","0,0","0,0","0,0","0,0","1,0","0,0","","","","","","","","","","","","",""
2908,"202323639,0",2023-10-08T00:00:00,06:56:00,SEM VÍTIMA,FINALIZADA,TEJIPIO,AV DR JOSE RUFINO,1652,"",PROX A ESTAÇÃO DO METRO DE TJIPIO,TEJIPIO,"","",COLISÃO TRASEIRA,"2,0","0,0","0,0","0,0","0,0","0,0","0,0","0,0","0,0","0,0","0,0","","","","","","","","","","","","",""
2909,"202323652,0",2023-10-08T00:00:00,10:28:00,SEM VÍTIMA,FINALIZADA,SAO JOSE,C SANTA RITA,"","",PONTE GIRATÓRIA,SAO JOSE,"","",CHOQUE,"0,0","0,0","0,0","0,0","0,0","0,0","1,0","0,0","0,0","0,0","0,0","","","","","","","","","","","","",""
2910,"202323653,0",2023-10-08T00:00:00,10:51:00,COM VÍTIMA,FINALIZADA,BOA VISTA,RUA DA AURORA,"",AV CONDE DA BOA VISTA,ESQUINA DO CINEMA SÃO LUIS,BOA VISTA,"","",COLISÃO TRANSVERSAL,"2,0","0,0","0,0","0,0","0,0","0,0","0,0","0,0","0,0","1,0","0,0","","","","","","","","","","","","",""
2911,"202323655,0",2023-10-08T00:00:00,11:17:00,COM VÍTIMA,FINALIZADA,ILHA DO LEITE,PTE JOSE DE BARROS LIMA,"",AV GOVERNADOR AGAMENON MAGALHAES,DESCIDA DO VIADUTO EM FRENTE AO HOPE,ILHA DO LEITE,"","",COLISÃO,"1,0","1,0","0,0","0,0","0,0","0,0","0,0","0,0","0,0","2,0","0,0","","","","","","","","","","","","",""
2912,"202323666,0",2023-10-09T00:00:00,05:40:00,COM VÍTIMA,FINALIZADA,AFOGADOS,RUA MOTOCOLOMBO,"",RUA PROFESSOR AUGUSTO WANDERLEY FILHO,PONTE MOTOCOLOMBÓ,AFOGADOS,"39,0","",COLISÃO,"0,0","0,0","0,0","0,0","0,0","0,0","0,0","0,0","0,0","1,0","0,0","","","","","","","","","","","","",""
2913,"202323675,0",2023-10-09T00:00:00,07:05:00,COM VÍTIMA,FINALIZADA,SAO JOSE,RUA IMPERIAL,"",TRV DO RAPOSO,ESQUINA DO BAR DA BETANIA,SAO JOSE,"511,0","",COLISÃO,"2,0","0,0","0,0","0,0","0,0","0,0","0,0","0,0","0,0","1,0","0,0","","","","","","","","","","","","",""
2914,"202323679,0",2023-10-09T00:00:00,07:58:00,COM VÍTIMA,FINALIZADA,SANTO AMARO,RUA ANTONIO SIMOES,"","","EM FRENTE A FREITA MOTO PEÇAS , PROX. A AGAMENON VEICULOS",SANTO AMARO,"","",COLISÃO LATERAL,"0,0","1,0","0,0","0,0","0,0","0,0","0,0","0,0","0,0","1,0","0,0","","","","","","","","","","","","",""
2915,"202323681,0",2023-10-09T00:00:00,08:33:00,COM VÍTIMA,FINALIZADA,AFOGADOS,AV DR JOSE RUFINO,"","","PROX. AO ARMAZEM CORAL, COMERCIAL GUSTAVO E RESTAURANTE BODE DO NO",AFOGADOS,"","",COLISÃO LATERAL,"0,0","1,0","0,0","0,0","0,0","0,0","0,0","0,0","0,0","1,0","0,0","","","","","","","","","","","","",""
2916,"202323682,0",2023-10-09T00:00:00,08:35:00,COM VÍTIMA,FINALIZADA,AFOGADOS,RUA SAO MIGUEL,"","",PROX. AO ARMAZEM  CORAL  .,AFOGADOS,"","",COLISÃO LATERAL,"1,0","1,0","0,0","0,0","0,0","0,0","0,0","0,0","0,0","1,0","0,0","","","","","","","","","","","","",""
2917,"202323685,0",2023-10-09T00:00:00,08:46:00,COM VÍTIMA,FINALIZADA,AGUA FRIA,AV BEBERIBE,"","",PROX. AO MADRUGÃO BURGUER,AGUA FRIA,"","",COLISÃO TRASEIRA,"1,0","1,0","0,0","0,0","0,0","0,0","0,0","0,0","0,0","1,0","0,0","","","","","","","","","","","","",""
2918,"202323686,0",2023-10-09T00:00:00,08:47:00,COM VÍTIMA,FINALIZADA,TORRE,RUA MARCOS ANDRE,"","",EM FRENTE AO CARREFOUR,TORRE,"","",COLISÃO LATERAL,"1,0","0,0","0,0","0,0","0,0","0,0","0,0","0,0","0,0","1,0","0,0","","","","","","","","","","","","",""
2919,"202323690,0",2023-10-09T00:00:00,09:41:00,COM VÍTIMA,FINALIZADA,AFOGADOS,RUA SAO MIGUEL,"",RUA DO DESPACHO,POSTO DE GASOLONBA DISLUB,AFOGADOS,"","",COLISÃO LATERAL,"1,0","1,0","0,0","0,0","0,0","0,0","0,0","0,0","0,0","1,0","0,0","","","","","","","","","","","","",""
2920,"202323710,0",2023-10-09T00:00:00,12:34:00,COM VÍTIMA,FINALIZADA,ROSARINHO,RUA GERSON DE BARROS PINANGE,45,"",APOS A PADARIA DO ROSARINHO,ROSARINHO,"","",COLISÃO LATERAL,"1,0","1,0","0,0","0,0","0,0","0,0","0,0","0,0","0,0","1,0","0,0","","","","","","","","","","","","",""
2921,"202323723,0",2023-10-09T00:00:00,03:44:00,COM VÍTIMA,FINALIZADA,CAMPO GRANDE,RUA VISCONDE DE CAIRU,"","",BODEGA DO PIRATA,CAMPO GRANDE,"","",COLISÃO LATERAL,"0,0","1,0","0,0","0,0","0,0","0,0","0,0","1,0","0,0","1,0","0,0","","","","","","","","","","","","",""
2922,"202323725,0",2023-10-09T00:00:00,03:56:00,COM VÍTIMA,FINALIZADA,CORDEIRO,RUA SANTA LUCIA,3422,"",AO LADO DO PARQUE DO CAIARA ESQUINA DO ARMAZEM PARALELA DA CONSTRUÇÃO,CORDEIRO,"","",COLISÃO LATERAL,"0,0","0,0","0,0","0,0","0,0","0,0","0,0","0,0","0,0","1,0","0,0","","","","","","","","","","","","",""
2923,"202323730,0",2023-10-09T00:00:00,04:45:00,COM VÍTIMA,FINALIZADA,IMBIRIBEIRA,AV MARECHAL MASCARENHAS DE MORAES,"","",E/F AO GERALDAO,IMBIRIBEIRA,"","",COLISÃO LATERAL,"0,0","0,0","0,0","0,0","0,0","0,0","0,0","0,0","0,0","1,0","0,0","","","","","","","","","","","","",""
2924,"202323736,0",2023-10-09T00:00:00,05:20:00,COM VÍTIMA,FINALIZADA,MACAXEIRA,RUA ALTO DO PITU,199,"",PROX AO CAMPO DO UNIAO E A COMPESA,MACAXEIRA,"","",COLISÃO LATERAL,"0,0","0,0","0,0","0,0","0,0","1,0","1,0","0,0","0,0","1,0","0,0","","","","","","","","","","","","",""
2925,"202323738,0",2023-10-09T00:00:00,05:22:00,COM VÍTIMA,FINALIZADA,IMBIRIBEIRA,AV MARECHAL MASCARENHAS DE MORAES,35,"",E/F A HONDA,IMBIRIBEIRA,"","",COLISÃO LATERAL,"0,0","1,0","0,0","0,0","0,0","0,0","0,0","0,0","0,0","1,0","0,0","","","","","","","","","","","","",""
2926,"202323751,0",2023-10-09T00:00:00,06:53:00,COM VÍTIMA,CANCELADA,AFOGADOS,EST DOS REMEDIOS,973,"",PROX A OFICINA DEL UCIANO E AO CABOCLINHO,AFOGADOS,"","",COLISÃO,"0,0","1,0","0,0","0,0","0,0","0,0","0,0","0,0","0,0","1,0","0,0","","","","","","","","","","","","",""
2927,"202323753,0",2023-10-09T00:00:00,07:50:00,COM VÍTIMA,CANCELADA,IBURA,AV DOIS RIOS,430,"","IGREJA DOS MORMOS, DEPOIS DO POSTO SHELL",IBURA,"","","","0,0","1,0","0,0","0,0","0,0","0,0","0,0","0,0","0,0","1,0","0,0","","","","","","","","","","","","",""
2928,"202323766,0",2023-10-10T00:00:00,05:09:00,SEM VÍTIMA,FINALIZADA,ILHA DO LEITE,RUA DR JOAO ASFORA,280,"",EM FRENTE HOSPITAL ILHA DO LEITE,ILHA DO LEITE,"",SUBURBIO,CHOQUE,"0,0","0,0","0,0","0,0","0,0","0,0","1,0","0,0","1,0","0,0","0,0","","","","","","","","","","","","",""
2929,"202323767,0",2023-10-10T00:00:00,05:38:00,COM VÍTIMA,FINALIZADA,PONTO DE PARADA,AV BEBERIBE,"","",COM A MEN SÁ,PONTO DE PARADA,"","",COLISÃO LATERAL,"1,0","1,0","0,0","0,0","0,0","0,0","0,0","0,0","0,0","1,0","0,0","","","","","","","","","","","","",""
2930,"202323790,0",2023-10-10T00:00:00,08:50:00,COM VÍTIMA,FINALIZADA,TORRE,RUA JOSE BONIFACIO,"","","EM FRENTE AO CARREFOUR, SENT. PARNAMIRIM",TORRE,"","",COLISÃO LATERAL,"1,0","0,0","0,0","0,0","0,0","0,0","0,0","0,0","0,0","1,0","0,0","","","","","","","","","","","","",""