_id,Protocolo,data,hora,natureza_acidente,situacao,bairro,endereco,numero,detalhe_endereco_acidente,complemento,bairro_cruzamento,num_semaforo,sentido_via,tipo,auto,moto,ciclom,ciclista,pedestre,onibus,caminhao,viatura,outros,vitimas,vitimasfatais,acidente_verificado,tempo_clima,situacao_semaforo,sinalizacao,condicao_via,conservacao_via,ponto_controle,situacao_placa,velocidade_max_via,mao_direcao,divisao_via1,divisao_via2,divisao_via3
3222,"202325867,0",2023-11-02T00:00:00,08:08:00,COM VÍTIMA,FINALIZADA,BAIRRO DO RECIFE,AV MILITAR,"","",PROX A PREFEITURA DO RECIFE E AO POSTO DE GASOLINA BR,BAIRRO DO RECIFE,"","",COLISÃO,"0,0","1,0","0,0","0,0","0,0","0,0","0,0","0,0","0,0","1,0","0,0","","","","","","","","","","","","",""
3223,"202325883,0",2023-11-02T00:00:00,11:44:00,COM VÍTIMA,FINALIZADA,BOA VISTA,RUA DO PROGRESSO,269,"",EM FRENTE AO EMPRESARIAL PROGRESSO E O INST. LUZ,BOA VISTA,"","",COLISÃO,"1,0","1,0","0,0","0,0","0,0","0,0","0,0","0,0","0,0","1,0","0,0","","","","","","","","","","","","",""
3224,"202325886,0",2023-11-02T00:00:00,12:02:00,COM VÍTIMA,FINALIZADA,SAO JOSE,AV SUL,"","",ANTES DO PONTILHÃO PONTILHÃO,SAO JOSE,"","",COLISÃO,"0,0","0,0","0,0","0,0","0,0","0,0","0,0","0,0","0,0","1,0","0,0","","","","","","","","","","","","",""
3225,"202325889,0",2023-11-02T00:00:00,12:42:00,COM VÍTIMA,FINALIZADA,MADALENA,RUA CARLOS GOMES,"",RUA RICARDO SALAZAR,PROX A CELPE / ANTIGO BAILE PERFUMADO / E DA IGREJA BATISTA DO RIO,MADALENA,"623,0","",COLISÃO,"1,0","1,0","0,0","0,0","0,0","0,0","0,0","0,0","0,0","1,0","0,0","","","","","","","","","","","","",""
3226,"202325906,0",2023-11-02T00:00:00,06:27:00,COM VÍTIMA,FINALIZADA,ENCRUZILHADA,AV BEBERIBE,487,"",CASA DO CONSTRUTOR,ENCRUZILHADA,"","",COLISÃO LATERAL,"1,0","1,0","0,0","0,0","0,0","0,0","0,0","0,0","0,0","1,0","0,0","","","","","","","","","","","","",""
3227,"202325918,0",2023-11-02T00:00:00,09:03:00,COM VÍTIMA,CANCELADA,CAMPO GRANDE,RUA OTHON PARAISO,500,"",E/F AO EDF JACYRA - PRÓXIMO AO SUPERMERCADO CENTRAL,CAMPO GRANDE,"","",COLISÃO,"0,0","1,0","0,0","0,0","0,0","0,0","0,0","0,0","0,0","1,0","0,0","","","","","","","","","","","","",""
3228,"202325929,0",2023-11-03T00:00:00,06:10:00,COM VÍTIMA,FINALIZADA,PINA,PTE VICE PRESIDENTE JOSE ALENCAR,"","",ANTES DA VIA MANGUE SENT. RIO MAR,PINA,"","",CAPOTAMENTO,"1,0","0,0","0,0","0,0","0,0","0,0","0,0","0,0","0,0","1,0","0,0","","","","","","","","","","","","",""
3229,"202325931,0",2023-11-03T00:00:00,06:44:00,COM VÍTIMA,CANCELADA,PINA,PTE VICE PRESIDENTE JOSE ALENCAR,"","",ANTES DA VIA MANGUE SENT. RIO MAR,PINA,"","",COLISÃO,"0,0","1,0","0,0","0,0","0,0","0,0","0,0","0,0","0,0","1,0","0,0","","","","","","","","","","","","",""
3230,"202325932,0",2023-11-03T00:00:00,06:44:00,COM VÍTIMA,CANCELADA,PINA,PTE VICE PRESIDENTE JOSE ALENCAR,"","",ANTES DA VIA MANGUE SENT. RIO MAR,PINA,"","",COLISÃO,"0,0","1,0","0,0","0,0","0,0","0,0","0,0","0,0","0,0","1,0","0,0","","","","","","","","","","","","",""
3231,"202325947,0",2023-11-03T00:00:00,09:25:00,COM VÍTIMA,FINALIZADA,IBURA,AV DOIS RIOS,"","",PROX A CESTA BASICA TRÊS IRMÃO /  PROX A DOIS RIOS VEÍCULOS / IBURA DEBAIXO,IBURA,"","",COLISÃO,"0,0","1,0","0,0","0,0","0,0","0,0","0,0","0,0","0,0","1,0","0,0","","","","","","","","","","","","",""
3232,"202325959,0",2023-11-03T00:00:00,11:04:00,COM VÍTIMA,FINALIZADA,GRACAS,AV RUI BARBOSA,"","",EM FRENTE AO MUSEU DO ESTADO / PROX A PEDRAGON,GRACAS,"","",COLISÃO,"0,0","2,0","0,0","0,0","0,0","0,0","0,0","0,0","0,0","2,0","0,0","","","","","","","","","","","","",""
3233,"202325961,0",2023-11-03T00:00:00,11:16:00,COM VÍTIMA,FINALIZADA,MACAXEIRA,AV NORTE MIGUEL ARRAES DE ALENCAR,"","","PROX. AO PARQUE DA MACAXEIRA, NA ENTRADA DO BURITY",MACAXEIRA,"","",COLISÃO LATERAL,"0,0","1,0","0,0","0,0","0,0","0,0","0,0","0,0","0,0","1,0","0,0","","","","","","","","","","","","",""
3234,"202325968,0",2023-11-03T00:00:00,11:49:00,COM VÍTIMA,FINALIZADA,SANTO ANTONIO,RUA DA PALMA,510,"",EM FRENTE AO REI DOS PARAFUSOS,SANTO ANTONIO,"","",COLISÃO,"0,0","1,0","0,0","0,0","0,0","0,0","0,0","0,0","0,0","1,0","0,0","","","","","","","","","","","","",""
3235,"202325982,0",2023-11-03T00:00:00,01:23:00,COM VÍTIMA,FINALIZADA,ESTANCIA,AV RECIFE,3795,"",CONJ INES ANDREAZA,ESTANCIA,"","",COLISÃO LATERAL,"1,0","0,0","0,0","0,0","0,0","0,0","0,0","0,0","0,0","1,0","0,0","","","","","","","","","","","","",""
3236,"202325983,0",2023-11-03T00:00:00,01:40:00,COM VÍTIMA,FINALIZADA,CAXANGA,AV CAXANGA,9509,"",SAL E BRASA,CAXANGA,"","",COLISÃO LATERAL,"0,0","0,0","0,0","0,0","0,0","0,0","0,0","0,0","0,0","1,0","0,0","","","","","","","","","","","","",""
3237,"202325999,0",2023-11-03T00:00:00,04:46:00,COM VÍTIMA,FINALIZADA,IBURA,RUA PORTO MOZ,194,"",APOS A POLICLINICA D UR1,IBURA,"","",COLISÃO LATERAL,"0,0","1,0","0,0","0,0","0,0","0,0","0,0","0,0","0,0","1,0","0,0","","","","","","","","","","","","",""
3238,"202326000,0",2023-11-03T00:00:00,04:52:00,COM VÍTIMA,FINALIZADA,SAO JOSE,AV SUL,"","",E/F A DISTRIBUIDORA PORTELA,SAO JOSE,"","",COLISÃO LATERAL,"0,0","1,0","0,0","0,0","0,0","0,0","0,0","0,0","0,0","1,0","0,0","","","","","","","","","","","","",""
3239,"202326011,0",2023-11-03T00:00:00,05:45:00,COM VÍTIMA,FINALIZADA,MADALENA,AV BEIRA RIO,4197,"",EDF ARLINDO GOLVEIA,MADALENA,"","",COLISÃO LATERAL,"0,0","0,0","0,0","0,0","0,0","0,0","0,0","0,0","0,0","1,0","0,0","","","","","","","","","","","","",""
3240,"202326017,0",2023-11-03T00:00:00,08:22:00,COM VÍTIMA,FINALIZADA,PINA,AV HERCULANO BANDEIRA,"","",DESCIDA DA PONTE PAULO GUERRA,PINA,"","",COLISÃO,"1,0","1,0","0,0","0,0","0,0","0,0","0,0","0,0","0,0","1,0","0,0","","","","","","","","","","","","",""
3241,"202326035,0",2023-11-04T00:00:00,08:46:00,COM VÍTIMA,FINALIZADA,AREIAS,AV RECIFE,"","",PROX AO ASSAI ATACADISTA SENTIDO BR-101,AREIAS,"","",COLISÃO,"0,0","1,0","0,0","0,0","0,0","0,0","0,0","0,0","0,0","1,0","0,0","","","","","","","","","","","","",""
3242,"202326039,0",2023-11-04T00:00:00,09:10:00,COM VÍTIMA,FINALIZADA,BOA VIAGEM,RUA PADRE CARAPUCEIRO,"",AV CONSELHEIRO AGUIAR,EM FRENTE AO VERDE FRUTTI,BOA VIAGEM,"","",COLISÃO,"1,0","1,0","0,0","0,0","0,0","0,0","0,0","0,0","0,0","1,0","0,0","","","","","","","","","","","","",""
3243,"202326048,0",2023-11-04T00:00:00,11:34:00,COM VÍTIMA,FINALIZADA,AREIAS,RUA DR VILAS BOAS,"","",NA RUA DO MIX MATHEUS,AREIAS,"","",COLISÃO,"0,0","1,0","0,0","0,0","0,0","0,0","0,0","0,0","0,0","1,0","0,0","","","","","","","","","","","","",""
3244,"202326051,0",2023-11-04T00:00:00,01:15:00,COM VÍTIMA,FINALIZADA,VARZEA,AV CAXANGA,4038,"",INTEGRAÇÃO DA CAXANGÁ,VARZEA,"","",COLISÃO TRASEIRA,"1,0","1,0","0,0","0,0","0,0","0,0","0,0","0,0","0,0","2,0","0,0","","","","","","","","","","","","",""
3245,"202326056,0",2023-11-04T00:00:00,03:46:00,COM VÍTIMA,FINALIZADA,CAXANGA,AV CAXANGA,5547,"",UPA CAXANGA,CAXANGA,"","",COLISÃO LATERAL,"0,0","0,0","0,0","0,0","0,0","0,0","0,0","0,0","0,0","1,0","0,0","","","","","","","","","","","","",""
3246,"202326057,0",2023-11-04T00:00:00,03:46:00,COM VÍTIMA,FINALIZADA,BOA VIAGEM,AV DES JOSE NEVES,167,"",FERREIRA PINTO,BOA VIAGEM,"567,0","",COLISÃO LATERAL,"1,0","1,0","0,0","0,0","0,0","0,0","0,0","0,0","0,0","1,0","0,0","","","","","","","","","","","","",""
3247,"202326082,0",2023-11-04T00:00:00,11:13:00,COM VÍTIMA,FINALIZADA,ESPINHEIRO,RUA DO ESPINHEIRO,"",RUA SANTO ELIAS,PROX. AO POSTO DE GASOLINA,ESPINHEIRO,"","",COLISÃO TRANSVERSAL,"1,0","1,0","0,0","0,0","0,0","0,0","0,0","0,0","0,0","2,0","0,0","","","","","","","","","","","","",""
3248,"202326091,0",2023-11-05T00:00:00,06:15:00,COM VÍTIMA,FINALIZADA,TAMARINEIRA,AV PROFESSOR JOSE DOS ANJOS,"","",PROX. AO DNOCS E CLUBE  SANTA CRUZ,TAMARINEIRA,"","",COLISÃO LATERAL,"0,0","1,0","0,0","0,0","0,0","0,0","0,0","0,0","0,0","1,0","0,0","","","","","","","","","","","","",""
3249,"202326095,0",2023-11-05T00:00:00,08:47:00,COM VÍTIMA,FINALIZADA,CORDEIRO,AV INACIO MONTEIRO,"","",PROX. AO CROSSFIT HAKAI,CORDEIRO,"","",COLISÃO LATERAL,"0,0","1,0","0,0","0,0","0,0","0,0","0,0","0,0","0,0","1,0","0,0","","","","","","","","","","","","",""
3250,"202326098,0",2023-11-05T00:00:00,09:56:00,COM VÍTIMA,FINALIZADA,VASCO DA GAMA,RUA CAMBORIU,"","",PROX. A UPA DE NOVA DESCOBERTA E ATELIE DE MIRIAN,VASCO DA GAMA,"","",COLISÃO LATERAL,"0,0","1,0","0,0","0,0","0,0","0,0","0,0","0,0","0,0","1,0","0,0","","","","","","","","","","","","",""
3251,"202326109,0",2023-11-05T00:00:00,11:38:00,COM VÍTIMA,FINALIZADA,AGUA FRIA,AV BEBERIBE,"","","SENT. ARRUDA, PROX. A LOJA MILENA MOVEIS",AGUA FRIA,"","",COLISÃO LATERAL,"0,0","1,0","0,0","0,0","0,0","0,0","0,0","0,0","0,0","1,0","0,0","","","","","","","","","","","","",""
3252,"202326115,0",2023-11-05T00:00:00,12:54:00,COM VÍTIMA,FINALIZADA,AREIAS,AV CENTRAL,"","",E/F AO METROREC NA LATERAL  DA ESTAÇAO WERNEK,AREIAS,"","",COLISÃO LATERAL,"0,0","1,0","0,0","0,0","0,0","0,0","0,0","0,0","0,0","1,0","0,0","","","","","","","","","","","","",""
3253,"202326116,0",2023-11-05T00:00:00,01:05:00,COM VÍTIMA,FINALIZADA,BOA VIAGEM,RUA PADRE CABRAL,215,"",EM FRENTE AO EDIFICIO PARADOR BARCELONA E PROX A PIZZARIA LUPE,BOA VIAGEM,"","",COLISÃO,"0,0","1,0","0,0","0,0","0,0","0,0","0,0","0,0","0,0","1,0","0,0","","","","","","","","","","","","",""
3254,"202326132,0",2023-11-05T00:00:00,05:29:00,COM VÍTIMA,FINALIZADA,SANTO AMARO,RUA AURORA,1624,"",PROX A PONTE DO LIMOEIRO  E A TV GUARARAPES,SANTO AMARO,"","",COLISÃO LATERAL,"0,0","1,0","0,0","0,0","0,0","0,0","0,0","0,0","0,0","1,0","0,0","","","","","","","","","","","","",""
3255,"202326133,0",2023-11-05T00:00:00,05:31:00,COM VÍTIMA,FINALIZADA,IMBIRIBEIRA,RUA ITACARI,249,"",PROX AO BAU ITAU  EA EMPRESA GOCIL,IMBIRIBEIRA,"","",COLISÃO LATERAL,"0,0","1,0","0,0","0,0","0,0","0,0","0,0","0,0","0,0","1,0","0,0","","","","","","","","","","","","",""
3256,"202326134,0",2023-11-05T00:00:00,05:34:00,COM VÍTIMA,FINALIZADA,IMBIRIBEIRA,AV MARECHAL MASCARENHAS DE MORAES,"","",E/F A ESTAÇAO MONTE GUARARAPES,IMBIRIBEIRA,"","",COLISÃO LATERAL,"0,0","1,0","0,0","0,0","0,0","0,0","0,0","0,0","0,0","1,0","0,0","","","","","","","","","","","","",""
3257,"202326142,0",2023-11-05T00:00:00,08:20:00,COM VÍTIMA,FINALIZADA,BOA VISTA,AV GOVERNADOR CARLOS DE LIMA CAVALCANTI,"",RUA SILVA RAMOS,ESQUINA COM HAPVIDA,BOA VISTA,"","",COLISÃO,"0,0","0,0","0,0","1,0","0,0","0,0","0,0","1,0","0,0","1,0","0,0","","","","","","","","","","","","",""
3258,"202326144,0",2023-11-05T00:00:00,08:32:00,SEM VÍTIMA,FINALIZADA,JOANA BEZERRA,AV CENTRAL,"","",CRUZAMENTO COM A PONTE JOAQUIM CARDOSO,JOANA BEZERRA,"",SUBURBIO,COLISÃO,"1,0","0,0","0,0","0,0","0,0","0,0","0,0","1,0","0,0","0,0","0,0","","","","","","","","","","","","",""
3259,"202326147,0",2023-11-05T00:00:00,10:16:00,COM VÍTIMA,FINALIZADA,IPSEP,AV RECIFE,"","",NA ENTRADA DO IBURA,IPSEP,"","",COLISÃO,"0,0","1,0","0,0","1,0","0,0","0,0","0,0","0,0","0,0","2,0","0,0","","","","","","","","","","","","",""
3260,"202326162,0",2023-11-06T00:00:00,06:42:00,COM VÍTIMA,FINALIZADA,MADALENA,RUA JOSE BONIFACIO,125,"",DE FRENTE AO COLEGIO CULTURA INGLESA,MADALENA,"","",COLISÃO FRONTAL,"3,0","0,0","0,0","0,0","0,0","0,0","0,0","0,0","0,0","2,0","0,0","","","","","","","","","","","","",""
3261,"202326178,0",2023-11-06T00:00:00,08:53:00,COM VÍTIMA,FINALIZADA,CAJUEIRO,AV BEBERIBE,"","",EM FRENTE A ACADEMIA DA CIDADE,CAJUEIRO,"","",COLISÃO LATERAL,"0,0","1,0","0,0","0,0","0,0","0,0","0,0","0,0","0,0","1,0","0,0","","","","","","","","","","","","",""
3262,"202326182,0",2023-11-06T00:00:00,10:06:00,SEM VÍTIMA,FINALIZADA,BOA VIAGEM,AVENIDA CELSO FURTADO (VIA MANGUE),"","",AO LADO DO POSTE J 013427,BOA VIAGEM,"",CIDADE,COLISÃO LATERAL,"1,0","0,0","0,0","0,0","0,0","0,0","0,0","1,0","0,0","0,0","0,0","","","","","","","","","","","","",""
3263,"202326186,0",2023-11-06T00:00:00,10:52:00,COM VÍTIMA,FINALIZADA,TORRE,RUA VISCONDE DE ITAPARICA,"","",PROX. A FARMACIA DROGASIL E CARREFOUR,TORRE,"","",COLISÃO LATERAL,"0,0","1,0","0,0","0,0","0,0","0,0","0,0","0,0","0,0","1,0","0,0","","","","","","","","","","","","",""
3264,"202326191,0",2023-11-06T00:00:00,11:28:00,COM VÍTIMA,FINALIZADA,BOA VIAGEM,RUA PROFESSOR EDUARDO WANDERLEY FILHO,"","",PROXA ESCOLA BOA VIAGEM,BOA VIAGEM,"","",COLISÃO,"0,0","1,0","0,0","0,0","0,0","0,0","0,0","0,0","0,0","1,0","0,0","","","","","","","","","","","","",""
3265,"202326200,0",2023-11-06T00:00:00,12:35:00,COM VÍTIMA,FINALIZADA,IMBIRIBEIRA,AV MARECHAL MASCARENHAS DE MORAES,"","",EM FRENTE AO ARMAZEM CORAL SENTIDO AFOGADOS,IMBIRIBEIRA,"","",COLISÃO,"0,0","1,0","0,0","0,0","0,0","0,0","0,0","0,0","0,0","1,0","0,0","","","","","","","","","","","","",""
3266,"202326201,0",2023-11-06T00:00:00,12:54:00,COM VÍTIMA,FINALIZADA,BOA VIAGEM,VIADUTO TANCREDO NEVES,"","",NO FINAL DA AV RECIFE / PROX AO ATACADÃO,BOA VIAGEM,"","",COLISÃO,"0,0","1,0","0,0","0,0","0,0","0,0","0,0","0,0","0,0","1,0","0,0","","","","","","","","","","","","",""
3267,"202326203,0",2023-11-06T00:00:00,01:19:00,COM VÍTIMA,FINALIZADA,IMBIRIBEIRA,RUA JAMAICA,179,"",VALTER LOPES ENGENHARIA,IMBIRIBEIRA,"","",COLISÃO FRONTAL,"2,0","1,0","0,0","0,0","0,0","0,0","0,0","0,0","0,0","1,0","0,0","","","","","","","","","","","","",""
3268,"202326206,0",2023-11-06T00:00:00,01:38:00,COM VÍTIMA,FINALIZADA,IMBIRIBEIRA,AV MARECHAL MASCARENHAS DE MORAES,5563,"",EM BAIXO DO VIADUTO DA AV RECIFE / APÓS A TOYOLEX / SENTIDO JABOATÃO,IMBIRIBEIRA,"","",COLISÃO LATERAL,"0,0","0,0","0,0","0,0","0,0","0,0","0,0","0,0","0,0","1,0","0,0","","","","","","","","","","","","",""
3269,"202326207,0",2023-11-06T00:00:00,01:46:00,COM VÍTIMA,FINALIZADA,CAXANGA,AV CAXANGA,5281,"","PROX A PAGUE MENOS, EM BAIXO DO VIADUTO",CAXANGA,"","",COLISÃO LATERAL,"0,0","0,0","0,0","0,0","0,0","0,0","0,0","0,0","0,0","1,0","0,0","","","","","","","","","","","","",""
3270,"202326210,0",2023-11-06T00:00:00,02:25:00,COM VÍTIMA,FINALIZADA,SAN MARTIN,AV GENERAL SAN MARTIN,"","",EM FRENTE AO INSTITUTO AGRONOMICO DE PE,SAN MARTIN,"","",COLISÃO LATERAL,"0,0","0,0","0,0","0,0","0,0","0,0","0,0","0,0","0,0","1,0","0,0","","","","","","","","","","","","",""
3271,"202326219,0",2023-11-06T00:00:00,04:38:00,SEM VÍTIMA,FINALIZADA,IMBIRIBEIRA,AV MARECHAL MASCARENHAS DE MORAES,3547,"",CASA CONSTRUTOR,IMBIRIBEIRA,"",CIDADE,COLISÃO LATERAL,"1,0","0,0","0,0","0,0","0,0","0,0","0,0","1,0","0,0","0,0","0,0","","","","","","","","","","","","",""
3272,"202326220,0",2023-11-06T00:00:00,04:46:00,COM VÍTIMA,FINALIZADA,BOA VIAGEM,RUA DEZ DE JULHO,481,"",E/FLOCADORA  ALUGUE BRASIL,BOA VIAGEM,"","",COLISÃO LATERAL,"1,0","1,0","0,0","0,0","0,0","0,0","0,0","0,0","0,0","1,0","0,0","","","","","","","","","","","","",""
3273,"202326222,0",2023-11-06T00:00:00,04:55:00,COM VÍTIMA,FINALIZADA,TAMARINEIRA,RUA CONEGO BARATA,"","",DENTRO DO ESTACIONAMENTO DA FERREIRA COSTA,TAMARINEIRA,"","",COLISÃO LATERAL,"0,0","1,0","0,0","0,0","0,0","0,0","0,0","0,0","0,0","1,0","0,0","","","","","","","","","","","","",""
3274,"202326225,0",2023-11-06T00:00:00,05:24:00,COM VÍTIMA,FINALIZADA,VARZEA,RUA FRANCISCO LACERDA,442,"",RESTAURANTE MANGO,VARZEA,"","",COLISÃO LATERAL,"0,0","1,0","0,0","1,0","0,0","0,0","0,0","0,0","0,0","1,0","0,0","","","","","","","","","","","","",""
3275,"202326230,0",2023-11-06T00:00:00,05:59:00,COM VÍTIMA,FINALIZADA,TORREAO,RUA DJALMA FARIAS,253,"",PROX AO RESTAURANTE ARVO,TORREAO,"","",COLISÃO LATERAL,"1,0","1,0","0,0","0,0","0,0","0,0","0,0","0,0","0,0","1,0","0,0","","","","","","","","","","","","",""
3276,"202326249,0",2023-11-06T00:00:00,06:53:00,COM VÍTIMA,FINALIZADA,BOA VIAGEM,AV CONSELHEIRO AGUIAR,232,"",FARMACIA PAGUE MENOS,BOA VIAGEM,"","",COLISÃO LATERAL,"1,0","1,0","0,0","0,0","0,0","0,0","0,0","0,0","0,0","1,0","0,0","","","","","","","","","","","","",""
3277,"202326250,0",2023-11-06T00:00:00,06:53:00,COM VÍTIMA,CANCELADA,VARZEA,RUA VALE DO SIRIJI,12,"",INSTITUTO RICARDO BRENNAND,VARZEA,"","",COLISÃO LATERAL,"0,0","0,0","0,0","0,0","0,0","0,0","0,0","0,0","0,0","1,0","0,0","","","","","","","","","","","","",""
3278,"202326253,0",2023-11-06T00:00:00,10:15:00,COM VÍTIMA,FINALIZADA,SITIO DOS PINTOS,RUA MANUEL DE MEDEIROS,"","",PRÓXIMO AO DPTO DE ZOOTECNIA DA UFRPE,SITIO DOS PINTOS,"","",COLISÃO TRANSVERSAL,"1,0","1,0","0,0","0,0","0,0","0,0","0,0","0,0","0,0","1,0","0,0","","","","","","","","","","","","",""
3279,"202326297,0",2023-11-07T00:00:00,09:24:00,COM VÍTIMA,FINALIZADA,BOA VIAGEM,RUA DEZ DE JULHO,481,"",PROX A LOCADORA ALUGUE BRASIL,BOA VIAGEM,"","",COLISÃO LATERAL,"1,0","1,0","0,0","0,0","0,0","0,0","0,0","0,0","0,0","1,0","0,0","","","","","","","","","","","","",""
3280,"202326322,0",2023-11-07T00:00:00,12:19:00,COM VÍTIMA,FINALIZADA,PORTO DA MADEIRA,AV BEBERIBE,3749,"",E/F A FARMACIA MILENIO,PORTO DA MADEIRA,"","",ATROPELAMENTO DE PESSOA,"1,0","0,0","0,0","0,0","1,0","0,0","0,0","0,0","0,0","1,0","0,0","","","","","","","","","","","","",""
3281,"202326325,0",2023-11-07T00:00:00,12:25:00,COM VÍTIMA,FINALIZADA,CORDEIRO,AV CAXANGA,1086,"",EM FRENTE A IGREJA UNIVERSAL / PROX A DELICIA DAS PRAZERES,CORDEIRO,"",SUBURBIO,COLISÃO LATERAL,"1,0","1,0","0,0","0,0","0,0","0,0","0,0","0,0","0,0","1,0","0,0","","","","","","","","","","","","",""
3282,"202326327,0",2023-11-07T00:00:00,12:31:00,COM VÍTIMA,FINALIZADA,ESPINHEIRO,AV JOAO DE BARROS,"","",SOB O VIADUTO DA AV. JOÃO DE BARROS,ESPINHEIRO,"","",COLISÃO,"0,0","0,0","0,0","0,0","0,0","0,0","0,0","0,0","0,0","1,0","0,0","","","","","","","","","","","","",""
3283,"202326342,0",2023-11-07T00:00:00,02:14:00,COM VÍTIMA,FINALIZADA,IMBIRIBEIRA,AV MARECHAL MASCARENHAS DE MORAES,7264,"",PROXIMO AO AEROPORTO E A PRAÇA MINISTRO SALGADO FILHO,IMBIRIBEIRA,"","",COLISÃO,"0,0","1,0","0,0","0,0","0,0","0,0","0,0","0,0","0,0","1,0","0,0","","","","","","","","","","","","",""
3284,"202326346,0",2023-11-07T00:00:00,03:38:00,COM VÍTIMA,FINALIZADA,ESPINHEIRO,RUA CONS PORTELA,621,"",PROX A GALERIA CONSELHEIRO PORTELA CENTER,ESPINHEIRO,"","",CHOQUE,"1,0","0,0","0,0","0,0","0,0","0,0","0,0","0,0","0,0","1,0","0,0","","","","","","","","","","","","",""
3285,"202326356,0",2023-11-07T00:00:00,05:10:00,COM VÍTIMA,FINALIZADA,IPUTINGA,AV CAXANGA,3595,"",IGREJA DA CAXANGÁ / SUBWAY,IPUTINGA,"","",COLISÃO TRASEIRA,"1,0","1,0","0,0","0,0","0,0","0,0","0,0","0,0","0,0","1,0","0,0","","","","","","","","","","","","",""
3286,"202326357,0",2023-11-07T00:00:00,05:21:00,COM VÍTIMA,FINALIZADA,SANTO ANTONIO,RUA FLORIANO PEIXOTO,"","",E/F AO BRADESCO,SANTO ANTONIO,"","",ATROPELAMENTO DE PESSOA,"0,0","0,0","0,0","0,0","1,0","1,0","0,0","0,0","0,0","1,0","0,0","","","","","","","","","","","","",""
3287,"202326358,0",2023-11-07T00:00:00,05:49:00,COM VÍTIMA,FINALIZADA,CORREGO DO JENIPAPO,AV NORTE MIGUEL ARRAES DE ALENCAR,9371,"",PROX A ENTRADA DO CORREGO DO JENIPAPO / POSTO DESATIVADO DA AV NORTE,CORREGO DO JENIPAPO,"","",COLISÃO LATERAL,"0,0","0,0","0,0","0,0","0,0","0,0","0,0","0,0","0,0","1,0","0,0","","","","","","","","","","","","",""
3288,"202326360,0",2023-11-07T00:00:00,06:35:00,COM VÍTIMA,FINALIZADA,ROSARINHO,AV NORTE MIGUEL ARRAES DE ALENCAR,"","",PRAÇA DO ROSARINHO!,ROSARINHO,"","",QUEDA,"0,0","0,0","0,0","0,0","0,0","0,0","0,0","1,0","0,0","1,0","0,0","","","","","","","","","","","","",""
3289,"202326361,0",2023-11-07T00:00:00,06:37:00,COM VÍTIMA,FINALIZADA,VASCO DA GAMA,RUA PLANALTO,123,"",NA SUBIDA DO ALTO NOSSA SENHORA DE FATIMA,VASCO DA GAMA,"","",COLISÃO LATERAL,"0,0","0,0","0,0","0,0","0,0","0,0","0,0","0,0","0,0","1,0","0,0","","","","","","","","","","","","",""
3290,"202326369,0",2023-11-07T00:00:00,07:20:00,COM VÍTIMA,FINALIZADA,DOIS IRMAOS,RUA DOIS IRMAOS,1020,"",EM FRENTE A LAFEPE,DOIS IRMAOS,"","",COLISÃO,"1,0","1,0","0,0","0,0","0,0","0,0","0,0","0,0","0,0","2,0","0,0","","","","","","","","","","","","",""
3291,"202326375,0",2023-11-07T00:00:00,10:05:00,COM VÍTIMA,FINALIZADA,MACAXEIRA,AV NORTE MIGUEL ARRAES DE ALENCAR,7212,"",EM FRENTE AO COLÉGIO NADIR,MACAXEIRA,"",SUBURBIO,COLISÃO,"1,0","1,0","0,0","0,0","0,0","0,0","0,0","0,0","0,0","2,0","0,0","","","","","","","","","","","","",""
3292,"202326376,0",2023-11-07T00:00:00,10:46:00,COM VÍTIMA,FINALIZADA,AGUA FRIA,AV BEBERIBE,"","",EM FRENTE A DROGASIL,AGUA FRIA,"","",COLISÃO,"0,0","1,0","0,0","1,0","0,0","0,0","0,0","0,0","0,0","1,0","0,0","","","","","","","","","","","","",""
3293,"202326398,0",2023-11-08T00:00:00,07:53:00,COM VÍTIMA,FINALIZADA,JARDIM SAO PAULO,AV RECIFE,"","",NA FRENTE DA JUSTIÇA FEDERAL,JARDIM SAO PAULO,"","",COLISÃO,"1,0","1,0","0,0","0,0","0,0","0,0","0,0","0,0","0,0","2,0","0,0","","","","","","","","","","","","",""
3294,"202326400,0",2023-11-08T00:00:00,08:00:00,COM VÍTIMA,FINALIZADA,CASA FORTE,AV DEZESSETE DE AGOSTO,"","",PRÓXIMO À ESCOLA SILVA JARDIM,CASA FORTE,"","",COLISÃO,"1,0","1,0","0,0","0,0","0,0","0,0","0,0","0,0","0,0","1,0","0,0","","","","","","","","","","","","",""
3295,"202326402,0",2023-11-08T00:00:00,08:25:00,COM VÍTIMA,FINALIZADA,APIPUCOS,RUA DE APIPUCOS,261,"","",APIPUCOS,"","",COLISÃO,"0,0","0,0","0,0","0,0","0,0","0,0","0,0","0,0","0,0","1,0","0,0","","","","","","","","","","","","",""