_id,Protocolo,data,hora,natureza_acidente,situacao,bairro,endereco,numero,detalhe_endereco_acidente,complemento,bairro_cruzamento,num_semaforo,sentido_via,tipo,auto,moto,ciclom,ciclista,pedestre,onibus,caminhao,viatura,outros,vitimas,vitimasfatais,acidente_verificado,tempo_clima,situacao_semaforo,sinalizacao,condicao_via,conservacao_via,ponto_controle,situacao_placa,velocidade_max_via,mao_direcao,divisao_via1,divisao_via2,divisao_via3
3370,"202326911,0",2023-11-12T00:00:00,06:56:00,COM VÍTIMA,FINALIZADA,PARNAMIRIM,RUA VIRGINIA LORETO,84,"",POR TRÁS DA IGREJA DOS MORMONS,PARNAMIRIM,"","",COLISÃO LATERAL,"0,0","0,0","0,0","0,0","0,0","0,0","0,0","0,0","0,0","1,0","0,0","","","","","","","","","","","","",""
3371,"202326916,0",2023-11-12T00:00:00,08:35:00,COM VÍTIMA,CANCELADA,IPUTINGA,AV CAXANGA,8889,"",EM FRENTE A AUTO ESCOLA PILOTO E A CONCESSIONÁRIA DA HONDA,IPUTINGA,"","",COLISÃO,"0,0","0,0","0,0","0,0","0,0","0,0","0,0","0,0","0,0","1,0","0,0","","","","","","","","","","","","",""
3372,"202326917,0",2023-11-12T00:00:00,08:46:00,SEM VÍTIMA,FINALIZADA,MACAXEIRA,RUA CORONEL JOAO BATISTA DO REGO BARROS,21,"",PARQUE DA MACAXEIRA,MACAXEIRA,"671,0","",COLISÃO TRASEIRA,"1,0","1,0","0,0","0,0","0,0","0,0","0,0","0,0","0,0","0,0","0,0","","","","","","","","","","","","",""
3373,"202326918,0",2023-11-12T00:00:00,09:16:00,COM VÍTIMA,FINALIZADA,CASA FORTE,AV DEZESSETE DE AGOSTO,1645,"",APÓS A PRAÇA DE CASA FORTE,CASA FORTE,"","",COLISÃO,"0,0","2,0","0,0","0,0","0,0","0,0","0,0","0,0","0,0","2,0","0,0","","","","","","","","","","","","",""
3374,"202326920,0",2023-11-12T00:00:00,10:50:00,COM VÍTIMA,CANCELADA,BOA VIAGEM,RUA VISCONDE DE JEQUITINHONHA,"","",POR TRÁS DO PARQUE DONA LINDU,BOA VIAGEM,"","",COLISÃO,"0,0","1,0","0,0","0,0","0,0","0,0","0,0","0,0","0,0","1,0","0,0","","","","","","","","","","","","",""
3375,"202326929,0",2023-11-13T00:00:00,06:33:00,COM VÍTIMA,FINALIZADA,SANTO ANTONIO,RUA DO SOL,"","",EM FRENTE AO TEATRO SANTA ISABEL,SANTO ANTONIO,"","",COLISÃO LATERAL,"0,0","1,0","0,0","0,0","0,0","0,0","0,0","0,0","0,0","1,0","0,0","","","","","","","","","","","","",""
3376,"202326950,0",2023-11-13T00:00:00,09:20:00,COM VÍTIMA,FINALIZADA,MADALENA,RUA CLOVIS BEVILAQUA,"","",EM FRENTE A ASSOCIAÇÃO BANDEPE,MADALENA,"","",COLISÃO,"0,0","1,0","0,0","0,0","0,0","0,0","0,0","0,0","0,0","1,0","0,0","","","","","","","","","","","","",""
3377,"202326957,0",2023-11-13T00:00:00,10:38:00,COM VÍTIMA,FINALIZADA,GUABIRABA,RUA ALTO JOSE IDALINO,"","",PROX AO TERMINAL DE ONIBUS / NA ESQUINA DA IGREJA BATISTA,GUABIRABA,"","",COLISÃO,"0,0","1,0","0,0","0,0","0,0","0,0","0,0","0,0","0,0","1,0","0,0","","","","","","","","","","","","",""
3378,"202326963,0",2023-11-13T00:00:00,11:43:00,COM VÍTIMA,FINALIZADA,COELHOS,PTE JOAQUIM CARDOSO,"","",PROX AO FORUM JOANA BEZERRA,COELHOS,"","",COLISÃO,"0,0","1,0","0,0","0,0","0,0","0,0","0,0","0,0","0,0","1,0","0,0","","","","","","","","","","","","",""
3379,"202326983,0",2023-11-13T00:00:00,02:50:00,SEM VÍTIMA,FINALIZADA,TEJIPIO,RUA FALCAO DE LACERDA,"","",PRÓXIMO AO CARTÓRIO,TEJIPIO,"","",COLISÃO,"0,0","0,0","0,0","0,0","0,0","0,0","0,0","0,0","0,0","0,0","0,0","","","","","","","","","","","","",""
3380,"202327003,0",2023-11-13T00:00:00,05:42:00,COM VÍTIMA,FINALIZADA,ENGENHO DO MEIO,RUA FRANCISCO BEZERRA MONTEIRO,390,"",BET PLACE,ENGENHO DO MEIO,"","",COLISÃO LATERAL,"0,0","0,0","0,0","0,0","0,0","0,0","0,0","0,0","0,0","1,0","0,0","","","","","","","","","","","","",""
3381,"202327010,0",2023-11-13T00:00:00,07:26:00,COM VÍTIMA,FINALIZADA,CAMPO GRANDE,AV PROFESSOR JOSE DOS ANJOS,1556,"",UNIDADE DE SAUDE ANTONIO FRANCISCO AREIAS,CAMPO GRANDE,"","",COLISÃO LATERAL,"1,0","0,0","0,0","1,0","0,0","0,0","0,0","0,0","0,0","1,0","0,0","","","","","","","","","","","","",""
3382,"202327011,0",2023-11-13T00:00:00,07:16:00,COM VÍTIMA,FINALIZADA,BOA VIAGEM,RUA DOS NAVEGANTES,"","",COM A RUA ERNESTO  DE PAULA SANTOS,BOA VIAGEM,"","",COLISÃO LATERAL,"1,0","1,0","0,0","0,0","0,0","0,0","0,0","0,0","0,0","1,0","0,0","","","","","","","","","","","","",""
3383,"202327050,0",2023-11-14T00:00:00,07:56:00,COM VÍTIMA,FINALIZADA,TORREAO,RUA OTHON PARAISO,123,"",EM FRENTE AO EDF. FUTURO NOEMIA PARAISO,TORREAO,"","",COLISÃO LATERAL,"1,0","1,0","0,0","0,0","0,0","0,0","0,0","0,0","0,0","1,0","0,0","","","","","","","","","","","","",""
3384,"202327056,0",2023-11-14T00:00:00,08:38:00,COM VÍTIMA,FINALIZADA,IMBIRIBEIRA,RUA ALVARO AMORIM,"",AV MARECHAL MASCARENHAS DE MORAES,NO SEMAFORO 279,IMBIRIBEIRA,"","",COLISÃO LATERAL,"1,0","1,0","0,0","0,0","0,0","0,0","0,0","0,0","0,0","1,0","0,0","","","","","","","","","","","","",""
3385,"202327066,0",2023-11-14T00:00:00,09:38:00,COM VÍTIMA,FINALIZADA,IBURA,RUA DOZE DE JUNHO,"","",PROX. AO MERCADO PROABE ALIMENTOS E COOMUNIDADE VINTE E SETE DE NOVEMBRO,IBURA,"","",COLISÃO LATERAL,"0,0","1,0","0,0","0,0","0,0","0,0","0,0","0,0","0,0","1,0","0,0","","","","","","","","","","","","",""
3386,"202327077,0",2023-11-14T00:00:00,11:12:00,COM VÍTIMA,FINALIZADA,IMBIRIBEIRA,AV MARECHAL MASCARENHAS DE MORAES,"","",NO FINAL DO MURO DO AEROPORTO / NA ENTRADA DO JORDÃO,IMBIRIBEIRA,"","",COLISÃO,"0,0","1,0","0,0","0,0","0,0","0,0","0,0","0,0","0,0","1,0","0,0","","","","","","","","","","","","",""
3387,"202327086,0",2023-11-14T00:00:00,12:35:00,SEM VÍTIMA,FINALIZADA,SAO JOSE,TRV DO GUSMAO,178,"","",SAO JOSE,"","",COLISÃO LATERAL,"1,0","0,0","0,0","0,0","0,0","1,0","0,0","0,0","0,0","0,0","0,0","","","","","","","","","","","","",""
3388,"202327087,0",2023-11-14T00:00:00,12:46:00,COM VÍTIMA,FINALIZADA,CASA FORTE,AV DEZESSETE DE AGOSTO,"","",EM FRENTE AO PET E CIA,CASA FORTE,"","",COLISÃO,"0,0","1,0","0,0","0,0","0,0","0,0","0,0","0,0","0,0","1,0","0,0","","","","","","","","","","","","",""
3389,"202327088,0",2023-11-14T00:00:00,12:50:00,COM VÍTIMA,FINALIZADA,SANTO AMARO,AV CRUZ CABUGA,"","",EM FRENTE AO SENAI CRUZAMENTO COM FREI CASSIMIRO,SANTO AMARO,"","",COLISÃO,"0,0","1,0","0,0","0,0","0,0","0,0","0,0","0,0","0,0","1,0","0,0","","","","","","","","","","","","",""
3390,"202327102,0",2023-11-14T00:00:00,04:20:00,COM VÍTIMA,FINALIZADA,IPUTINGA,EST DO BARBALHO,980,"",PROX AO DETRAN E/F CONAB,IPUTINGA,"","",COLISÃO FRONTAL,"0,0","2,0","0,0","0,0","0,0","0,0","0,0","0,0","0,0","2,0","0,0","","","","","","","","","","","","",""
3391,"202327119,0",2023-11-14T00:00:00,06:56:00,COM VÍTIMA,CANCELADA,ARRUDA,AV BEBERIBE,"","",DE FRENTE AO ESTÁDIO DO SANTA CRUZ,ARRUDA,"","",COLISÃO LATERAL,"1,0","1,0","0,0","0,0","0,0","0,0","0,0","0,0","0,0","1,0","0,0","","","","","","","","","","","","",""
3392,"202327120,0",2023-11-14T00:00:00,07:52:00,COM VÍTIMA,CANCELADA,DOIS UNIDOS,AV HILDEBRANDO DE VASCONCELOS,1202,"",PRÓXIMO AO COLEGIO ESTADUAL E AO ANTIGO CT DO SANTA CRUZ,DOIS UNIDOS,"","",COLISÃO,"0,0","1,0","0,0","0,0","0,0","0,0","0,0","0,0","0,0","1,0","0,0","","","","","","","","","","","","",""
3393,"202327123,0",2023-11-14T00:00:00,08:26:00,COM VÍTIMA,CANCELADA,IBURA,AV RIO SAO FRANCISCO,160,"",UR1 PRÓXIMO A ACADEMIA DA CIDADE,IBURA,"","",COLISÃO,"0,0","0,0","0,0","0,0","0,0","0,0","0,0","0,0","0,0","1,0","0,0","","","","","","","","","","","","",""
3394,"202327126,0",2023-11-14T00:00:00,10:37:00,COM VÍTIMA,CANCELADA,BOA VIAGEM,RUA BARAO DE SOUZA LEAO,1000,"",AO LADO DO COLEGIO SANTO DUMONT,BOA VIAGEM,"","",COLISÃO,"0,0","0,0","0,0","0,0","0,0","0,0","0,0","0,0","0,0","1,0","0,0","","","","","","","","","","","","",""
3395,"202327128,0",2023-11-15T00:00:00,01:45:00,COM VÍTIMA,FINALIZADA,IBURA,AV DOIS RIOS,"","",E/F À IGREJA ELSHADAI E POSTO SHELL,IBURA,"","",COLISÃO FRONTAL,"1,0","1,0","0,0","0,0","0,0","0,0","0,0","0,0","0,0","1,0","0,0","","","","","","","","","","","","",""
3396,"202327139,0",2023-11-15T00:00:00,05:12:00,SEM VÍTIMA,FINALIZADA,IBURA,AV PRESIDENTE DUTRA,"","",EM FRENTE AO POSTO RECIFE,IBURA,"",SUBURBIO,CHOQUE,"1,0","0,0","0,0","0,0","0,0","0,0","0,0","0,0","0,0","0,0","0,0","","","","","","","","","","","","",""
3397,"202327140,0",2023-11-15T00:00:00,05:19:00,COM VÍTIMA,FINALIZADA,SANTO AMARO,AV GOVERNADOR AGAMENON MAGALHAES,"","","PROX. A PROCURADORIA DA REPUBLICA, NO SENTIDO BOA VIAGEM , LADO OPOSTO A UPE",SANTO AMARO,"","",COLISÃO LATERAL,"1,0","1,0","0,0","0,0","0,0","0,0","0,0","0,0","0,0","1,0","0,0","","","","","","","","","","","","",""
3398,"202327149,0",2023-11-15T00:00:00,07:38:00,COM VÍTIMA,FINALIZADA,MACAXEIRA,RUA MARIA CANDIDA,"","","NO BAIRRO BURITI PARTE BAIXA, PROX. AO MERCADINHO SANTO ANOTNI E POSTO DE SAUDE",MACAXEIRA,"","",COLISÃO LATERAL,"0,0","1,0","0,0","0,0","0,0","0,0","0,0","0,0","0,0","1,0","0,0","","","","","","","","","","","","",""
3399,"202327155,0",2023-11-15T00:00:00,09:09:00,COM VÍTIMA,FINALIZADA,SAN MARTIN,AV GENERAL SAN MARTIN,"","","EM FRENTE A FARMACIA DROGASIL, PROX. AO GETULIO VARGAS",SAN MARTIN,"","",COLISÃO LATERAL,"0,0","1,0","0,0","0,0","0,0","0,0","0,0","0,0","0,0","1,0","0,0","","","","","","","","","","","","",""
3400,"202327172,0",2023-11-15T00:00:00,12:01:00,COM VÍTIMA,FINALIZADA,BOA VIAGEM,RUA CAMBOIM,481,"",EM FRENTE A CASA DE FESTA  CRISTAL MAISON,BOA VIAGEM,"","",COLISÃO LATERAL,"1,0","1,0","0,0","0,0","0,0","0,0","0,0","0,0","0,0","1,0","0,0","","","","","","","","","","","","",""
3401,"202327179,0",2023-11-15T00:00:00,03:01:00,COM VÍTIMA,FINALIZADA,TEJIPIO,RUA APRIGIO GUIMARAES,398,"",NA RUA DO HOSPITL OTAVIO DE FREITAS,TEJIPIO,"","",COLISÃO LATERAL,"1,0","1,0","0,0","0,0","0,0","0,0","0,0","0,0","0,0","1,0","0,0","","","","","","","","","","","","",""
3402,"202327197,0",2023-11-15T00:00:00,04:37:00,COM VÍTIMA,FINALIZADA,BOA VIAGEM,VIADUTO TANCREDO NEVES,"","",COLISAO SOBRE O VIADUTO TANCREDO NEVES,BOA VIAGEM,"","",COLISÃO LATERAL,"1,0","1,0","0,0","0,0","0,0","0,0","0,0","0,0","0,0","1,0","0,0","","","","","","","","","","","","",""
3403,"202327213,0",2023-11-15T00:00:00,06:59:00,COM VÍTIMA,FINALIZADA,JARDIM SAO PAULO,RUA LEANDRO BARRETO,"",RUA LEOBINA PEREIRA,BEM NO CRUZAMENTO ONDE TEM A PIZZARIA DOS GEMEOS,JARDIM SAO PAULO,"","",COLISÃO FRONTAL,"1,0","1,0","0,0","0,0","0,0","0,0","0,0","0,0","0,0","1,0","0,0","","","","","","","","","","","","",""
3404,"202327216,0",2023-11-15T00:00:00,07:45:00,COM VÍTIMA,FINALIZADA,IPSEP,AV RECIFE,"","",SEMÁFORO 016 / PRÓX. DO NÚCLEO / ENTRADA DO IBURA,IPSEP,"","",COLISÃO TRANSVERSAL,"1,0","1,0","0,0","0,0","0,0","0,0","0,0","0,0","0,0","1,0","0,0","","","","","","","","","","","","",""
3405,"202327242,0",2023-11-16T00:00:00,06:58:00,COM VÍTIMA,FINALIZADA,PASSARINHO,RUA ANDORINHA,"",RUA PATATIVA,NA SUBDA DO ALTO SA BONDADE,PASSARINHO,"","",COLISÃO LATERAL,"0,0","1,0","0,0","0,0","0,0","0,0","0,0","0,0","0,0","1,0","0,0","","","","","","","","","","","","",""
3406,"202327247,0",2023-11-16T00:00:00,07:35:00,COM VÍTIMA,FINALIZADA,BOA VIAGEM,RUA PROFESSOR JOAO MEDEIROS,139,"",PROX. A LOJA PETZ,BOA VIAGEM,"","",COLISÃO TRASEIRA,"1,0","1,0","0,0","0,0","0,0","0,0","0,0","0,0","0,0","1,0","0,0","","","","","","","","","","","","",""
3407,"202327250,0",2023-11-16T00:00:00,07:58:00,COM VÍTIMA,FINALIZADA,ESPINHEIRO,RUA QUARENTA E OITO,531,RUA CONS PORTELA,PROX A PAG MENOS,ESPINHEIRO,"","",COLISÃO,"0,0","1,0","0,0","0,0","0,0","1,0","0,0","0,0","0,0","1,0","0,0","","","","","","","","","","","","",""
3408,"202327257,0",2023-11-16T00:00:00,09:19:00,SEM VÍTIMA,FINALIZADA,MORRO DA CONCEICAO,COR DO BARTOLOMEU,257,"",EM FRENTE A ALEX CAR,MORRO DA CONCEICAO,"",CIDADE,COLISÃO TRASEIRA,"2,0","0,0","0,0","0,0","0,0","0,0","0,0","0,0","0,0","0,0","0,0","","","","","","","","","","","","",""
3409,"202327261,0",2023-11-16T00:00:00,09:36:00,COM VÍTIMA,CANCELADA,SAO JOSE,RUA IMPERIAL,"","",EM FRENTE AO RECIFE GÁS  / ANTES DA PONTE E PROX A EMPRESA ALIMONDA,SAO JOSE,"","",COLISÃO,"0,0","1,0","0,0","0,0","0,0","0,0","0,0","0,0","0,0","1,0","0,0","","","","","","","","","","","","",""
3410,"202327266,0",2023-11-16T00:00:00,10:58:00,COM VÍTIMA,FINALIZADA,BARRO,AV DR JOSE RUFINO,"","","NO SEMAFORO 208, EM FRENTE AO EXERCITO BRASILEIRO",BARRO,"","",COLISÃO LATERAL,"1,0","0,0","0,0","0,0","0,0","0,0","1,0","0,0","0,0","2,0","0,0","","","","","","","","","","","","",""
3411,"202327275,0",2023-11-16T00:00:00,01:08:00,SEM VÍTIMA,FINALIZADA,SANTO AMARO,AV JOAO DE BARROS,805,"",GASTRO  PE,SANTO AMARO,"",CIDADE,COLISÃO TRASEIRA,"3,0","0,0","0,0","0,0","0,0","0,0","0,0","0,0","0,0","0,0","0,0","","","","","","","","","","","","",""
3412,"202327277,0",2023-11-16T00:00:00,01:38:00,SEM VÍTIMA,DUPLICIDADE,ESPINHEIRO,AV JOAO DE BARROS,819,"",PRÓXIMO AO SANTANDER,ESPINHEIRO,"","",COLISÃO LATERAL,"0,0","0,0","0,0","0,0","0,0","0,0","0,0","0,0","0,0","0,0","0,0","","","","","","","","","","","","",""
3413,"202327285,0",2023-11-16T00:00:00,03:02:00,SEM VÍTIMA,FINALIZADA,NOVA DESCOBERTA,ALT DO OLHO D'AGUA,"","",NA SUBIDA DA DANTAS  PROX AO LARGO DONA REGINA,NOVA DESCOBERTA,"","",COLISÃO FRONTAL,"0,0","1,0","0,0","0,0","0,0","0,0","0,0","1,0","0,0","0,0","0,0","","","","","","","","","","","","",""
3414,"202327286,0",2023-11-16T00:00:00,03:15:00,COM VÍTIMA,FINALIZADA,BONGI,AV ENGENHEIRO ABDIAS DE CARVALHO,1701,"",NA FRENTE DO POSTO DE GASOLINA DA BR,BONGI,"","",COLISÃO,"0,0","1,0","0,0","0,0","0,0","0,0","0,0","0,0","0,0","1,0","0,0","","","","","","","","","","","","",""
3415,"202327296,0",2023-11-16T00:00:00,05:03:00,COM VÍTIMA,FINALIZADA,AFOGADOS,RUA ERNESTO CAVALCANTI,16,"",RUA E/F AO CLUBE ATLETICO,AFOGADOS,"","",COLISÃO FRONTAL,"1,0","1,0","0,0","0,0","0,0","0,0","0,0","0,0","0,0","1,0","0,0","","","","","","","","","","","","",""
3416,"202327300,0",2023-11-16T00:00:00,05:37:00,COM VÍTIMA,FINALIZADA,TORROES,AV ENGENHEIRO ABDIAS DE CARVALHO,"","",YOKI,TORROES,"","",COLISÃO TRASEIRA,"2,0","1,0","0,0","0,0","0,0","0,0","0,0","0,0","0,0","1,0","0,0","","","","","","","","","","","","",""
3417,"202327317,0",2023-11-16T00:00:00,08:12:00,COM VÍTIMA,FINALIZADA,SANTO AMARO,AV GOVERNADOR AGAMENON MAGALHAES,"","","EM FRENTE A UPE, NO SENTIDO BOA VIAGEM",SANTO AMARO,"","",COLISÃO TRASEIRA,"1,0","1,0","0,0","0,0","0,0","0,0","0,0","0,0","0,0","1,0","0,0","","","","","","","","","","","","",""
3418,"202327320,0",2023-11-16T00:00:00,08:37:00,COM VÍTIMA,FINALIZADA,IBURA,AV DOIS RIOS,74,"",EM FRENTE AO POSTO BR,IBURA,"","",COLISÃO FRONTAL,"1,0","2,0","0,0","0,0","0,0","0,0","0,0","0,0","0,0","2,0","0,0","","","","","","","","","","","","",""
3419,"202327321,0",2023-11-16T00:00:00,08:49:00,COM VÍTIMA,FINALIZADA,GUABIRABA,AV DA RECUPERACAO,"","","PROX AO RESTAURANTE DO LAU , APÓS A UPINHA DA GUABIRABA",GUABIRABA,"","",COLISÃO TRASEIRA,"1,0","1,0","0,0","0,0","0,0","0,0","0,0","0,0","0,0","1,0","0,0","","","","","","","","","","","","",""
3420,"202327341,0",2023-11-17T00:00:00,06:44:00,COM VÍTIMA,FINALIZADA,IPSEP,AV RECIFE,2528,"",EM FRENTE AVANT MULTIMARCAS,IPSEP,"","",COLISÃO TRASEIRA,"1,0","1,0","0,0","0,0","0,0","0,0","0,0","0,0","0,0","1,0","0,0","","","","","","","","","","","","",""
3421,"202327360,0",2023-11-17T00:00:00,09:33:00,COM VÍTIMA,FINALIZADA,SANTO AMARO,AV DR JAYME DA FONTE,"","",EM TODA SUA ESTENÇÃO,SANTO AMARO,"","",TOMBAMENTO,"0,0","0,0","0,0","0,0","0,0","0,0","0,0","0,0","0,0","1,0","0,0","","","","","","","","","","","","",""
3422,"202327368,0",2023-11-17T00:00:00,11:43:00,SEM VÍTIMA,FINALIZADA,ESPINHEIRO,RUA AFONSO BATISTA,201,"",PROX AO HAPVIDA,ESPINHEIRO,"","",COLISÃO,"2,0","0,0","0,0","0,0","0,0","0,0","0,0","0,0","0,0","0,0","0,0","","","","","","","","","","","","",""
3423,"202327378,0",2023-11-17T00:00:00,12:49:00,SEM VÍTIMA,FINALIZADA,AFLITOS,RUA SAMUEL CAMPELO,328,"",PROX A  ENTRADA DO CLUBE NAUTICO E/F AO EDF PARCK HOME,AFLITOS,"","",COLISÃO FRONTAL,"1,0","0,0","0,0","0,0","0,0","0,0","0,0","1,0","0,0","0,0","0,0","","","","","","","","","","","","",""
3424,"202327390,0",2023-11-17T00:00:00,02:42:00,COM VÍTIMA,FINALIZADA,SANTO AMARO,AV CRUZ CABUGA,"","",NA FRENTE DO SHOPPING TACARUNA E PROX AO HCP,SANTO AMARO,"","",COLISÃO,"0,0","1,0","0,0","0,0","0,0","0,0","0,0","0,0","0,0","1,0","0,0","","","","","","","","","","","","",""
3425,"202327395,0",2023-11-17T00:00:00,03:20:00,COM VÍTIMA,FINALIZADA,AREIAS,AV DR JOSE RUFINO,810,"",EM FRENTE A LR SERVICE E BRINK KIDS,AREIAS,"","",COLISÃO LATERAL,"1,0","1,0","0,0","0,0","0,0","0,0","0,0","0,0","0,0","2,0","0,0","","","","","","","","","","","","",""
3426,"202327410,0",2023-11-17T00:00:00,05:28:00,COM VÍTIMA,FINALIZADA,MADALENA,AV VISCONDE DE ALBUQUERQUE,300,"",MADALENA CENTER,MADALENA,"","",COLISÃO LATERAL,"1,0","1,0","0,0","0,0","0,0","0,0","0,0","0,0","0,0","1,0","0,0","","","","","","","","","","","","",""
3427,"202327411,0",2023-11-17T00:00:00,05:35:00,COM VÍTIMA,FINALIZADA,PAISSANDU,RUA PAISSANDU,178,"","",PAISSANDU,"","",COLISÃO,"1,0","0,0","0,0","0,0","0,0","0,0","0,0","0,0","0,0","1,0","0,0","","","","","","","","","","","","",""
3428,"202327412,0",2023-11-17T00:00:00,06:19:00,COM VÍTIMA,FINALIZADA,PAISSANDU,RUA PAISSANDU,714,"",DE FRENTE AO HOSPITAL SÃO MARCOS,PAISSANDU,"","",COLISÃO FRONTAL,"1,0","1,0","0,0","0,0","0,0","0,0","0,0","0,0","0,0","1,0","0,0","","","","","","","","","","","","",""
3429,"202327415,0",2023-11-17T00:00:00,06:41:00,SEM VÍTIMA,FINALIZADA,IPSEP,RUA JEAN EMILE FAVRE,"","",EM FRENTE A FACULDADE DE BOA VIAGEM,IPSEP,"","",COLISÃO FRONTAL,"3,0","0,0","0,0","0,0","0,0","0,0","0,0","0,0","0,0","0,0","0,0","","","","","","","","","","","","",""
3430,"202327424,0",2023-11-17T00:00:00,09:01:00,SEM VÍTIMA,FINALIZADA,SAO JOSE,AV SUL,"","",ANTIGO MOTEL CRISTAL,SAO JOSE,"","",COLISÃO,"1,0","0,0","0,0","0,0","0,0","0,0","0,0","1,0","0,0","0,0","0,0","","","","","","","","","","","","",""
3431,"202327425,0",2023-11-17T00:00:00,09:28:00,SEM VÍTIMA,FINALIZADA,CORDEIRO,RUA BRASILANDIA,"",RUA GREGORIO JUNIOR,"",CORDEIRO,"","",COLISÃO,"2,0","0,0","0,0","0,0","0,0","0,0","0,0","0,0","0,0","0,0","0,0","","","","","","","","","","","","",""
3432,"202327426,0",2023-11-17T00:00:00,10:11:00,COM VÍTIMA,FINALIZADA,BONGI,AV ENGENHEIRO ABDIAS DE CARVALHO,"","",NOVO ATACAREJO,BONGI,"","",COLISÃO,"1,0","1,0","0,0","0,0","0,0","0,0","0,0","0,0","0,0","1,0","0,0","","","","","","","","","","","","",""
3433,"202327446,0",2023-11-18T00:00:00,07:18:00,COM VÍTIMA,FINALIZADA,SANTO AMARO,RUA DOS PALMARES,"","",APOS O  PROCAPE EM FRENTE AO LABORATORIO FRANCISCO JULIÃO,SANTO AMARO,"","",COLISÃO FRONTAL,"1,0","1,0","0,0","0,0","0,0","0,0","0,0","0,0","0,0","2,0","0,0","","","","","","","","","","","","",""
3434,"202327449,0",2023-11-18T00:00:00,07:28:00,COM VÍTIMA,FINALIZADA,IMBIRIBEIRA,AV MARECHAL MASCARENHAS DE MORAES,"","","EM FRENTE A JACAUNA, AO LADO DO ASSAI",IMBIRIBEIRA,"","",COLISÃO,"1,0","1,0","0,0","0,0","0,0","0,0","0,0","0,0","0,0","1,0","0,0","","","","","","","","","","","","",""
3435,"202327454,0",2023-11-18T00:00:00,08:31:00,COM VÍTIMA,FINALIZADA,TAMARINEIRA,RUA CONEGO BARATA,537,"",NO CRUZAMENTO DA AV NORTE,TAMARINEIRA,"","",COLISÃO,"0,0","1,0","0,0","0,0","0,0","0,0","0,0","0,0","0,0","1,0","0,0","","","","","","","","","","","","",""
3436,"202327473,0",2023-11-18T00:00:00,01:28:00,COM VÍTIMA,FINALIZADA,CORDEIRO,RUA MARAVILHA,31,"",CAPELINHA SANTO ANTONIO,CORDEIRO,"","",COLISÃO LATERAL,"1,0","1,0","0,0","0,0","0,0","0,0","0,0","0,0","0,0","1,0","0,0","","","","","","","","","","","","",""
3437,"202327501,0",2023-11-18T00:00:00,07:57:00,COM VÍTIMA,CANCELADA,CAXANGA,AV CAXANGA,9418,"",PRÓXIMO AO SUPERMERCADO SOBERANO E A CASA DA TINTAS,CAXANGA,"","",COLISÃO,"1,0","1,0","0,0","0,0","0,0","0,0","0,0","0,0","0,0","1,0","0,0","","","","","","","","","","","","",""
3438,"202327502,0",2023-11-18T00:00:00,08:19:00,SEM VÍTIMA,CANCELADA,AREIAS,RUA CAPITAO MANUEL DE AGUIAR,192,"",PRÓXIMO A  PRAÇA MERCIA DE ALBUQUERQUE,AREIAS,"","",COLISÃO TRASEIRA,"2,0","0,0","0,0","0,0","0,0","0,0","0,0","0,0","0,0","0,0","0,0","","","","","","","","","","","","",""
3439,"202327506,0",2023-11-18T00:00:00,11:37:00,COM VÍTIMA,FINALIZADA,CORDEIRO,EST DO FORTE DO ARRAIAL N. DO B. JESUS,555,"",EM FRENTE AO ESPAÇO VIDA,CORDEIRO,"","",COLISÃO LATERAL,"1,0","1,0","0,0","0,0","0,0","0,0","0,0","0,0","0,0","1,0","0,0","","","","","","","","","","","","",""
3440,"202327507,0",2023-11-19T00:00:00,12:08:00,COM VÍTIMA,FINALIZADA,TORRE,RUA JOSE BONIFACIO,"","",PRÓXIMO AO EDELSOM CABELELEIRO,TORRE,"","",COLISÃO LATERAL,"2,0","0,0","0,0","0,0","0,0","0,0","0,0","0,0","0,0","1,0","0,0","","","","","","","","","","","","",""
3441,"202327523,0",2023-11-19T00:00:00,07:15:00,COM VÍTIMA,FINALIZADA,MACAXEIRA,AV NORTE MIGUEL ARRAES DE ALENCAR,"","",PROX. A ESCOLA NADIR COLAÇO SENT. MACAXEIRA,MACAXEIRA,"","",COLISÃO LATERAL,"0,0","1,0","0,0","0,0","0,0","0,0","0,0","0,0","0,0","1,0","0,0","","","","","","","","","","","","",""
3442,"202327528,0",2023-11-19T00:00:00,07:59:00,COM VÍTIMA,FINALIZADA,PASSARINHO,EST DE PASSARINHO,"","",TERMINAL COMPLEMENTAR/ DOIS UNIDOS,PASSARINHO,"","",ATROPELAMENTO DE PESSOA,"0,0","1,0","0,0","0,0","1,0","0,0","0,0","0,0","0,0","2,0","0,0","","","","","","","","","","","","",""
3443,"202327529,0",2023-11-19T00:00:00,08:01:00,COM VÍTIMA,FINALIZADA,AFOGADOS,RUA SAO MIGUEL,727,"",EM FRENTE A IGREJA BATISTA DE AFOGADOS,AFOGADOS,"","",COLISÃO LATERAL,"1,0","1,0","0,0","0,0","0,0","0,0","0,0","0,0","0,0","2,0","0,0","","","","","","","","","","","","",""