_id,Protocolo,data,hora,natureza_acidente,situacao,bairro,endereco,numero,detalhe_endereco_acidente,complemento,bairro_cruzamento,num_semaforo,sentido_via,tipo,auto,moto,ciclom,ciclista,pedestre,onibus,caminhao,viatura,outros,vitimas,vitimasfatais,acidente_verificado,tempo_clima,situacao_semaforo,sinalizacao,condicao_via,conservacao_via,ponto_controle,situacao_placa,velocidade_max_via,mao_direcao,divisao_via1,divisao_via2,divisao_via3
3444,"202327538,0",2023-11-19T00:00:00,11:38:00,COM VÍTIMA,FINALIZADA,BOA VIAGEM,AV VINTE DE JANEIRO,"","",APOS A ESTAÇÃO AEROPORTO,BOA VIAGEM,"","",COLISÃO LATERAL,"1,0","1,0","0,0","0,0","0,0","0,0","0,0","0,0","0,0","2,0","0,0","","","","","","","","","","","","",""
3445,"202327557,0",2023-11-19T00:00:00,03:33:00,COM VÍTIMA,FINALIZADA,CAMPO GRANDE,AV. LUÍS CORRÊA DE BRITO,"","",DEPOIS DO MERCADO DO SITIO NOVO / EM FRENTE A BANCA DE BICHO SONHO REAL,CAMPO GRANDE,"","",COLISÃO,"0,0","1,0","0,0","0,0","0,0","0,0","0,0","0,0","0,0","1,0","0,0","","","","","","","","","","","","",""
3446,"202327559,0",2023-11-19T00:00:00,04:03:00,COM VÍTIMA,FINALIZADA,VASCO DA GAMA,RUA GRIJALVA COSTA,9,"",EM FRENTE A UPINHA DOM HELDER CAMERA,VASCO DA GAMA,"","",COLISÃO,"0,0","1,0","0,0","0,0","0,0","0,0","0,0","0,0","0,0","1,0","0,0","","","","","","","","","","","","",""
3447,"202327561,0",2023-11-19T00:00:00,04:52:00,COM VÍTIMA,FINALIZADA,NOVA DESCOBERTA,RUA NOVA DESCOBERTA,1833,"",PROX AO BUTECO TOP / EM FRENTE A IGREJA UNIVERSAL,NOVA DESCOBERTA,"","",COLISÃO,"0,0","1,0","0,0","0,0","0,0","1,0","0,0","0,0","0,0","1,0","0,0","","","","","","","","","","","","",""
3448,"202327570,0",2023-11-19T00:00:00,05:48:00,COM VÍTIMA,FINALIZADA,BARRO,RUA POETA APRENDIZ,"","",PROX AO MERCADINHO BOA OPÇÃO,BARRO,"","",COLISÃO,"0,0","1,0","0,0","0,0","0,0","0,0","0,0","0,0","0,0","1,0","0,0","","","","","","","","","","","","",""
3449,"202327575,0",2023-11-19T00:00:00,07:27:00,COM VÍTIMA,FINALIZADA,IBURA,AV JORNALISTA COSTA PORTO,"","",EM FRENTE A COMPESA,IBURA,"","",COLISÃO FRONTAL,"0,0","3,0","0,0","0,0","0,0","0,0","0,0","0,0","0,0","2,0","0,0","","","","","","","","","","","","",""
3450,"202327595,0",2023-11-20T00:00:00,06:42:00,COM VÍTIMA,FINALIZADA,SAO JOSE,AV SUL,"","",EM FRENTE A MINEIRO RODAS,SAO JOSE,"","",QUEDA,"0,0","1,0","0,0","0,0","0,0","0,0","0,0","0,0","0,0","1,0","0,0","","","","","","","","","","","","",""
3451,"202327600,0",2023-11-20T00:00:00,07:23:00,COM VÍTIMA,FINALIZADA,PRADO,AV ENGENHEIRO ABDIAS DE CARVALHO,"","",PROX A FARMACIA PAGUE MENOS SENTIDO ILHA DO RETIRO,PRADO,"","",COLISÃO,"0,0","1,0","0,0","0,0","0,0","0,0","0,0","0,0","0,0","1,0","0,0","","","","","","","","","","","","",""
3452,"202327603,0",2023-11-20T00:00:00,07:35:00,SEM VÍTIMA,FINALIZADA,TORROES,AV ENGENHEIRO ABDIAS DE CARVALHO,"","","APOS O POSTO SHELL, SENT. CIDADE",TORROES,"","",COLISÃO TRASEIRA,"0,0","1,0","0,0","0,0","0,0","0,0","0,0","1,0","0,0","0,0","0,0","","","","","","","","","","","","",""
3453,"202327604,0",2023-11-20T00:00:00,07:48:00,COM VÍTIMA,FINALIZADA,CORDEIRO,AV INACIO MONTEIRO,"","","EM FRENTE AO COLEGIO ALBERT SABIN, PROX. A CONCESSIONARIA BOX CAR",CORDEIRO,"","",COLISÃO LATERAL,"1,0","1,0","0,0","0,0","0,0","0,0","0,0","0,0","0,0","1,0","0,0","","","","","","","","","","","","",""
3454,"202327609,0",2023-11-20T00:00:00,08:06:00,COM VÍTIMA,FINALIZADA,CAMPO GRANDE,AV CORREIA DE BRITO,2125,"",NA FRENTE DO POSTO DE GASOLINA SANTA MARIA,CAMPO GRANDE,"","",COLISÃO,"0,0","1,0","0,0","0,0","0,0","0,0","1,0","0,0","0,0","1,0","0,0","","","","","","","","","","","","",""
3455,"202327635,0",2023-11-20T00:00:00,10:55:00,COM VÍTIMA,FINALIZADA,ILHA JOANA BEZERRA,AV BEIRA RIO,2112,"",AO LADO DO FÓRUM DE JOANA BEZERRA,ILHA JOANA BEZERRA,"","",ATROPELAMENTO DE PESSOA,"0,0","1,0","0,0","0,0","1,0","0,0","0,0","0,0","0,0","1,0","0,0","","","","","","","","","","","","",""
3456,"202327636,0",2023-11-20T00:00:00,11:00:00,COM VÍTIMA,FINALIZADA,VASCO DA GAMA,RUA PLANALTO,"","","NO ALTO NOSSA SENHORA DE FATIMA, PROX. A RUA DOIS",VASCO DA GAMA,"","",COLISÃO LATERAL,"0,0","1,0","0,0","0,0","0,0","0,0","0,0","0,0","0,0","1,0","0,0","","","","","","","","","","","","",""
3457,"202327642,0",2023-11-20T00:00:00,11:51:00,COM VÍTIMA,FINALIZADA,CORDEIRO,RUA MARIA QUITERIA,"","",PROX AO RECIFE AUTO E PARQUE DA EXPOSIÇÃO DE ANIMAIS,CORDEIRO,"","",COLISÃO,"0,0","1,0","0,0","0,0","0,0","0,0","0,0","0,0","0,0","1,0","0,0","","","","","","","","","","","","",""
3458,"202327644,0",2023-11-20T00:00:00,11:57:00,COM VÍTIMA,FINALIZADA,ESTANCIA,AV RECIFE,"","",EM FRENTE AO ATACADÃO DA AV RECIFE,ESTANCIA,"","",COLISÃO,"0,0","1,0","0,0","0,0","0,0","0,0","0,0","0,0","0,0","1,0","0,0","","","","","","","","","","","","",""
3459,"202327645,0",2023-11-20T00:00:00,12:03:00,COM VÍTIMA,FINALIZADA,TORRE,RUA ZILDA S DE SANTANA,"","",PROX AO CAMPO DO BUERÃO / PROX A PRAÇA DA TORRE,TORRE,"","",ATROPELAMENTO DE PESSOA,"1,0","0,0","0,0","0,0","1,0","0,0","0,0","0,0","0,0","1,0","0,0","","","","","","","","","","","","",""
3460,"202327652,0",2023-11-20T00:00:00,01:49:00,COM VÍTIMA,FINALIZADA,DERBY,AV GOVERNADOR AGAMENON MAGALHAES,"","",PROXIMO A FARMACIA PAGUE MENOS,DERBY,"","",COLISÃO TRASEIRA,"1,0","1,0","0,0","0,0","0,0","0,0","0,0","0,0","0,0","1,0","0,0","","","","","","","","","","","","",""
3461,"202327653,0",2023-11-20T00:00:00,01:54:00,COM VÍTIMA,CANCELADA,VARZEA,RUA GENERAL POLIDORO,462,"",MERCADINHO BARATEIRO / FARMACIA ESPERANÇA,VARZEA,"","",COLISÃO LATERAL,"1,0","1,0","0,0","0,0","0,0","0,0","0,0","0,0","0,0","1,0","0,0","","","","","","","","","","","","",""
3462,"202327656,0",2023-11-20T00:00:00,02:57:00,COM VÍTIMA,FINALIZADA,SANTO AMARO,AV GOVERNADOR AGAMENON MAGALHAES,5708,"",SHOPPING TACARUNA,SANTO AMARO,"","",COLISÃO LATERAL,"0,0","1,0","0,0","0,0","0,0","0,0","0,0","0,0","0,0","1,0","0,0","","","","","","","","","","","","",""
3463,"202327660,0",2023-11-20T00:00:00,03:35:00,COM VÍTIMA,FINALIZADA,JOANA BEZERRA,AV BEIRA RIO,3537,"",AO LADO DO FORUM /  PROXIMO A AACD,JOANA BEZERRA,"","",COLISÃO TRASEIRA,"1,0","1,0","0,0","0,0","0,0","0,0","0,0","0,0","0,0","2,0","0,0","","","","","","","","","","","","",""
3464,"202327668,0",2023-11-20T00:00:00,05:32:00,COM VÍTIMA,FINALIZADA,FUNDAO,AV BEBERIBE,"","",EM FRENTE A PADARIA SUBLIME PÃO,FUNDAO,"307,0","",COLISÃO LATERAL,"1,0","1,0","0,0","0,0","0,0","0,0","0,0","0,0","0,0","1,0","0,0","","","","","","","","","","","","",""
3465,"202327672,0",2023-11-20T00:00:00,06:33:00,COM VÍTIMA,FINALIZADA,SANCHO,RUA APRIGIO GUIMARAES,697,"",HOSPITAL OTÁVIO DE FREITAS,SANCHO,"","",COLISÃO LATERAL,"1,0","1,0","0,0","0,0","0,0","0,0","0,0","0,0","0,0","1,0","0,0","","","","","","","","","","","","",""
3466,"202327682,0",2023-11-20T00:00:00,08:25:00,COM VÍTIMA,CANCELADA,PINA,RUA TOME GIBSON,"","",PRÓXIMO A PADARIA MIRAMAR,PINA,"","",COLISÃO LATERAL,"1,0","1,0","0,0","0,0","0,0","0,0","0,0","0,0","0,0","1,0","0,0","","","","","","","","","","","","",""
3467,"202327701,0",2023-11-21T00:00:00,07:10:00,COM VÍTIMA,FINALIZADA,BONGI,AV ENGENHEIRO ABDIAS DE CARVALHO,"","",EM FRENTE AO COMPAZ E CHESF,BONGI,"","",COLISÃO,"0,0","1,0","0,0","0,0","0,0","0,0","0,0","0,0","0,0","1,0","0,0","","","","","","","","","","","","",""
3468,"202327704,0",2023-11-21T00:00:00,07:24:00,COM VÍTIMA,FINALIZADA,ILHA DO RETIRO,AV ENGENHEIRO ABDIAS DE CARVALHO,714,"",EM FRENTE AO POSTO SHELL,ILHA DO RETIRO,"","",COLISÃO,"1,0","1,0","0,0","0,0","0,0","0,0","0,0","0,0","0,0","1,0","0,0","","","","","","","","","","","","",""
3469,"202327712,0",2023-11-21T00:00:00,08:43:00,COM VÍTIMA,FINALIZADA,BONGI,AV CONSUL VILARES FRAGOSO,"","",PROX A CAVALERIA / PROX A SECRETARIA ESTADUAL DE SAUDE,BONGI,"","",COLISÃO,"0,0","1,0","0,0","0,0","0,0","0,0","0,0","0,0","0,0","1,0","0,0","","","","","","","","","","","","",""
3470,"202327715,0",2023-11-21T00:00:00,09:30:00,COM VÍTIMA,FINALIZADA,ESPINHEIRO,RUA CONS PORTELA,210,"",EM FRENTE AO CREMEPE,ESPINHEIRO,"","",COLISÃO TRASEIRA,"1,0","1,0","0,0","0,0","0,0","0,0","0,0","0,0","0,0","1,0","0,0","","","","","","","","","","","","",""
3471,"202327718,0",2023-11-21T00:00:00,09:47:00,COM VÍTIMA,FINALIZADA,SANTO ANTONIO,RUA FLORIANO PEIXOTO,"","",PROX A CASA DA CULTURA  E DA HONDA MOTO,SANTO ANTONIO,"","",COLISÃO,"0,0","1,0","0,0","0,0","0,0","0,0","0,0","0,0","0,0","1,0","0,0","","","","","","","","","","","","",""
3472,"202327722,0",2023-11-21T00:00:00,10:24:00,COM VÍTIMA,FINALIZADA,IPUTINGA,RUA MINISTRO JOAO ALBERTO,"","",AO LADO DO SUPERMERCADO  ATACADÃO,IPUTINGA,"","",COLISÃO,"0,0","1,0","0,0","0,0","0,0","0,0","0,0","0,0","0,0","1,0","0,0","","","","","","","","","","","","",""
3473,"202327725,0",2023-11-21T00:00:00,10:45:00,COM VÍTIMA,FINALIZADA,IMBIRIBEIRA,AV MARECHAL MASCARENHAS DE MORAES,"","",LADO OPOSTO DA FLPOR E ART / SENTIDO PRAZERES,IMBIRIBEIRA,"","",COLISÃO,"0,0","1,0","0,0","0,0","0,0","0,0","0,0","0,0","0,0","1,0","0,0","","","","","","","","","","","","",""
3474,"202327726,0",2023-11-21T00:00:00,10:52:00,COM VÍTIMA,DUPLICIDADE,ESPINHEIRO,RUA CONS PORTELA,"","",EM FRENTE AO POSTO PETRONAC,ESPINHEIRO,"","",COLISÃO LATERAL,"0,0","1,0","0,0","0,0","0,0","0,0","0,0","0,0","0,0","1,0","0,0","","","","","","","","","","","","",""
3475,"202327728,0",2023-11-21T00:00:00,11:25:00,COM VÍTIMA,FINALIZADA,CABANGA,VIADUTO CAPITAO TEMUDO,"","",SENTIDO PINA / VIADUTO CAPITÃO TEMUDO,CABANGA,"","",COLISÃO,"0,0","1,0","0,0","0,0","0,0","0,0","0,0","0,0","0,0","1,0","0,0","","","","","","","","","","","","",""
3476,"202327729,0",2023-11-21T00:00:00,11:37:00,COM VÍTIMA,FINALIZADA,BOA VIAGEM,AV MARECHAL JUAREZ TAVORA,"","",EM FRENTE A FERREIRA PINTO NA BEIRA CANAL,BOA VIAGEM,"","",COLISÃO LATERAL,"0,0","1,0","0,0","0,0","0,0","0,0","0,0","0,0","0,0","1,0","0,0","","","","","","","","","","","","",""
3477,"202327730,0",2023-11-21T00:00:00,11:53:00,COM VÍTIMA,FINALIZADA,NOVA DESCOBERTA,RUA CORREGO DO JOAQUIM,"","",PROX AO TERMINAL DO CORREGO DO JOAQUIM / IGREJA  ASSEMBLEIA DE DEUS,NOVA DESCOBERTA,"","",COLISÃO,"0,0","1,0","0,0","0,0","0,0","0,0","0,0","0,0","0,0","1,0","0,0","","","","","","","","","","","","",""
3478,"202327732,0",2023-11-21T00:00:00,12:06:00,COM VÍTIMA,FINALIZADA,CASA AMARELA,AV NORTE MIGUEL ARRAES DE ALENCAR,"","",EM FRENTE A IGREJA DO AMOR / PROX A HONDA MOTOS,CASA AMARELA,"","",COLISÃO,"0,0","1,0","0,0","0,0","0,0","0,0","0,0","0,0","0,0","1,0","0,0","","","","","","","","","","","","",""
3479,"202327737,0",2023-11-21T00:00:00,01:15:00,COM VÍTIMA,FINALIZADA,MADALENA,RUA JOSE BONIFACIO,"",RUA DEMOSTENES DE OLINDA,"",MADALENA,"","",COLISÃO,"0,0","0,0","0,0","0,0","0,0","0,0","0,0","0,0","0,0","1,0","0,0","","","","","","","","","","","","",""
3480,"202327739,0",2023-11-21T00:00:00,01:19:00,COM VÍTIMA,FINALIZADA,CAXANGA,AV CAXANGA,8880,"",PROXIMO A UPA DA CAXANGA,CAXANGA,"","",COLISÃO,"0,0","1,0","0,0","0,0","0,0","0,0","0,0","0,0","0,0","1,0","0,0","","","","","","","","","","","","",""
3481,"202327749,0",2023-11-21T00:00:00,02:36:00,COM VÍTIMA,FINALIZADA,VASCO DA GAMA,AV NORTE MIGUEL ARRAES DE ALENCAR,"","",E/F AO SESI  S/T SUB,VASCO DA GAMA,"","",COLISÃO LATERAL,"1,0","1,0","0,0","0,0","0,0","0,0","0,0","0,0","0,0","1,0","0,0","","","","","","","","","","","","",""
3482,"202327751,0",2023-11-21T00:00:00,02:47:00,COM VÍTIMA,FINALIZADA,IMBIRIBEIRA,AV MARECHAL MASCARENHAS DE MORAES,1967,"",E/F  JAC  MOTORS RECIFE S/T A FOGADOS,IMBIRIBEIRA,"","",COLISÃO TRASEIRA,"1,0","1,0","0,0","0,0","0,0","0,0","0,0","0,0","0,0","1,0","0,0","","","","","","","","","","","","",""
3483,"202327758,0",2023-11-21T00:00:00,04:08:00,COM VÍTIMA,FINALIZADA,AGUA FRIA,RUA SAO SEBASTIAO,510,"",POR TRÁS DA IGREJA UNIVERSAL,AGUA FRIA,"","",COLISÃO LATERAL,"2,0","1,0","0,0","0,0","0,0","0,0","0,0","0,0","0,0","1,0","0,0","","","","","","","","","","","","",""
3484,"202327762,0",2023-11-21T00:00:00,04:55:00,COM VÍTIMA,FINALIZADA,BARRO,RUA AMADOR ARAUJO,135,"",PROX AO MEGA RAÇOES,BARRO,"","",COLISÃO FRONTAL,"1,0","1,0","0,0","0,0","0,0","0,0","0,0","0,0","0,0","1,0","0,0","","","","","","","","","","","","",""
3485,"202327765,0",2023-11-21T00:00:00,06:08:00,COM VÍTIMA,FINALIZADA,ESTANCIA,AV RECIFE,205,"",MESTRE DAS BATERIAS,ESTANCIA,"","",COLISÃO LATERAL,"1,0","1,0","0,0","0,0","0,0","0,0","0,0","0,0","0,0","2,0","0,0","","","","","","","","","","","","",""
3486,"202327766,0",2023-11-21T00:00:00,06:10:00,COM VÍTIMA,FINALIZADA,SAO JOSE,AV SUL,S/N,"",PROXIMO AO HOTEL LUA DE MEL,SAO JOSE,"","",COLISÃO FRONTAL,"0,0","0,0","0,0","1,0","0,0","1,0","0,0","0,0","0,0","1,0","0,0","","","","","","","","","","","","",""
3487,"202327771,0",2023-11-21T00:00:00,07:35:00,COM VÍTIMA,FINALIZADA,ARRUDA,AV BEBERIBE,"",RUA DO TRIUNFO,PRÓX. O CANAL DA CONTRUÇÃO,ARRUDA,"","",COLISÃO,"1,0","1,0","0,0","0,0","0,0","0,0","0,0","0,0","0,0","1,0","0,0","","","","","","","","","","","","",""
3488,"202327786,0",2023-11-22T00:00:00,07:11:00,COM VÍTIMA,FINALIZADA,BOA VIAGEM,AVENIDA CELSO FURTADO (VIA MANGUE),"","",ACESSO  VIADUTO DOM JOAO VI,BOA VIAGEM,"","",COLISÃO LATERAL,"1,0","1,0","0,0","0,0","0,0","0,0","0,0","0,0","0,0","1,0","0,0","","","","","","","","","","","","",""
3489,"202327790,0",2023-11-22T00:00:00,07:25:00,COM VÍTIMA,FINALIZADA,SANTO AMARO,AV CRUZ CABUGA,"","",EM FRENTE AO ARMAZEM CORAL / SENTIDO RECIFE,SANTO AMARO,"","",COLISÃO,"0,0","2,0","0,0","0,0","0,0","0,0","0,0","0,0","0,0","1,0","0,0","","","","","","","","","","","","",""
3490,"202327791,0",2023-11-22T00:00:00,07:27:00,SEM VÍTIMA,FINALIZADA,BOA VIAGEM,AV ENGENHEIRO DOMINGOS FERREIRA,"","",PROX A FARMÁCIA DROGASIL,BOA VIAGEM,"","",COLISÃO,"0,0","0,0","0,0","0,0","0,0","0,0","0,0","0,0","0,0","0,0","0,0","","","","","","","","","","","","",""
3491,"202327796,0",2023-11-22T00:00:00,08:29:00,COM VÍTIMA,FINALIZADA,VARZEA,AV PROFESSOR ARTUR DE SA,"","",EM FRENTE DA ENTRADA DA EMERGENCIA DO HOSPITAL DAS CLINICAS,VARZEA,"","",COLISÃO,"1,0","1,0","0,0","0,0","0,0","0,0","0,0","0,0","0,0","1,0","0,0","","","","","","","","","","","","",""
3492,"202327803,0",2023-11-22T00:00:00,08:52:00,COM VÍTIMA,FINALIZADA,MANGABEIRA,AV NORTE MIGUEL ARRAES DE ALENCAR,4578,"",SEMAFORO 096,MANGABEIRA,"","",COLISÃO LATERAL,"1,0","1,0","0,0","0,0","0,0","0,0","0,0","0,0","0,0","2,0","0,0","","","","","","","","","","","","",""
3493,"202327807,0",2023-11-22T00:00:00,09:00:00,COM VÍTIMA,FINALIZADA,AGUA FRIA,RUA ALEGRE,"","",PROX AO MERCADO DO OLEO E O PET ALEGRE,AGUA FRIA,"","",COLISÃO,"0,0","1,0","0,0","0,0","0,0","0,0","0,0","0,0","0,0","1,0","0,0","","","","","","","","","","","","",""
3494,"202327812,0",2023-11-22T00:00:00,09:10:00,COM VÍTIMA,FINALIZADA,NOVA DESCOBERTA,RUA NOVA DESCOBERTA,123A,"",PROX AO ATACAREJO,NOVA DESCOBERTA,"","",COLISÃO LATERAL,"0,0","2,0","0,0","0,0","0,0","0,0","0,0","0,0","0,0","1,0","0,0","","","","","","","","","","","","",""
3495,"202327815,0",2023-11-22T00:00:00,09:34:00,COM VÍTIMA,FINALIZADA,AFOGADOS,RUA SAO MIGUEL,"","",APOS O BODE DO NO // QUARTEL,AFOGADOS,"","",COLISÃO LATERAL,"0,0","1,0","0,0","0,0","0,0","0,0","0,0","0,0","0,0","1,0","0,0","","","","","","","","","","","","",""
3496,"202327821,0",2023-11-22T00:00:00,10:09:00,COM VÍTIMA,FINALIZADA,BEBERIBE,AV BEBERIBE,"","",NA PRAÇA DA CONVENÇÃO /  NA ESQUINA DO POSTO DE GASOLINA BR,BEBERIBE,"","",COLISÃO,"0,0","1,0","0,0","0,0","0,0","0,0","0,0","0,0","0,0","1,0","0,0","","","","","","","","","","","","",""
3497,"202327822,0",2023-11-22T00:00:00,10:31:00,COM VÍTIMA,FINALIZADA,JARDIM SAO PAULO,AV RECIFE,5705,"","",JARDIM SAO PAULO,"","",COLISÃO,"0,0","0,0","0,0","0,0","0,0","0,0","0,0","0,0","0,0","1,0","0,0","","","","","","","","","","","","",""
3498,"202327825,0",2023-11-22T00:00:00,10:44:00,COM VÍTIMA,FINALIZADA,IMBIRIBEIRA,AV MARECHAL MASCARENHAS DE MORAES,2384,"","EM FRENTE A MADER CENTER, SENT. AEROPORTO",IMBIRIBEIRA,"","",COLISÃO LATERAL,"1,0","1,0","0,0","0,0","0,0","0,0","0,0","0,0","0,0","2,0","0,0","","","","","","","","","","","","",""
3499,"202327859,0",2023-11-22T00:00:00,04:18:00,COM VÍTIMA,FINALIZADA,IPUTINGA,AV CAXANGA,4038,"","EM BAIXO DO VIADUTO, PROX AO POSTO BR",IPUTINGA,"","",COLISÃO TRASEIRA,"0,0","2,0","0,0","0,0","0,0","0,0","0,0","0,0","0,0","1,0","0,0","","","","","","","","","","","","",""
3500,"202327861,0",2023-11-22T00:00:00,04:56:00,COM VÍTIMA,FINALIZADA,CORDEIRO,RUA GOMES TABORDA,1452,"",EM FRENTE AO SUPERMERCADO IDEAL MIX ATACAREJO,CORDEIRO,"","",COLISÃO TRASEIRA,"0,0","2,0","0,0","0,0","0,0","0,0","0,0","0,0","0,0","2,0","0,0","","","","","","","","","","","","",""
3501,"202327881,0",2023-11-22T00:00:00,07:32:00,COM VÍTIMA,CANCELADA,AFOGADOS,RUA PADRE TEOFILO TWORZ,302,"",E/F LOJA TUPAN,AFOGADOS,"","",COLISÃO,"0,0","1,0","0,0","0,0","0,0","0,0","0,0","0,0","0,0","1,0","0,0","","","","","","","","","","","","",""
3502,"202327885,0",2023-11-22T00:00:00,08:10:00,COM VÍTIMA,CANCELADA,BOA VIAGEM,RUA ERNESTO DE PAULA SANTOS,153,"",PRÓXIMO A LOJA IPUTINGA PRIME,BOA VIAGEM,"","",COLISÃO,"1,0","1,0","0,0","0,0","0,0","0,0","0,0","0,0","0,0","1,0","0,0","","","","","","","","","","","","",""
3503,"202327886,0",2023-11-22T00:00:00,08:53:00,COM VÍTIMA,FINALIZADA,CAXANGA,AV CAXANGA,9513,"",E/F À AUTO ESCOLA PILOTO E SUPERMERCADO EXTRA - SENTIDO CAMARAGIBE,CAXANGA,"","",COLISÃO,"0,0","1,0","0,0","0,0","0,0","0,0","0,0","0,0","0,0","1,0","0,0","","","","","","","","","","","","",""
3504,"202327887,0",2023-11-22T00:00:00,09:23:00,COM VÍTIMA,FINALIZADA,LINHA DO TIRO,RUA MAMEDE COELHO,393,"",PROX. DA ESCOLA MOSENHOR VIANA,LINHA DO TIRO,"","",COLISÃO FRONTAL,"0,0","1,0","0,0","0,0","0,0","0,0","0,0","1,0","0,0","2,0","0,0","","","","","","","","","","","","",""
3505,"202327888,0",2023-11-22T00:00:00,09:25:00,COM VÍTIMA,FINALIZADA,PINA,AV ANTONIO DE GOES,"","",E/F AO EMPRESARIAL JCPM - PISTA NORTE,PINA,"","",ATROPELAMENTO DE PESSOA,"1,0","0,0","0,0","0,0","1,0","0,0","0,0","0,0","0,0","1,0","0,0","","","","","","","","","","","","",""
3506,"202327891,0",2023-11-22T00:00:00,11:09:00,SEM VÍTIMA,CANCELADA,BOA VIAGEM,AV DES JOSE NEVES,109,"","PROX. AO TUNEL, NO SENTIDO CIDADE",BOA VIAGEM,"",CIDADE,COLISÃO TRASEIRA,"1,0","1,0","0,0","0,0","0,0","0,0","0,0","0,0","0,0","0,0","0,0","","","","","","","","","","","","",""
3507,"202327899,0",2023-11-23T00:00:00,06:10:00,COM VÍTIMA,FINALIZADA,CAXANGA,AV CAXANGA,"","",NO SINAL ANTES DA UPA DA CAXANGA,CAXANGA,"232,0",CIDADE,COLISÃO,"0,0","1,0","0,0","0,0","0,0","0,0","1,0","0,0","0,0","1,0","0,0","","","","","","","","","","","","",""
3508,"202327905,0",2023-11-23T00:00:00,06:58:00,COM VÍTIMA,FINALIZADA,DOIS IRMAOS,RUA MANUEL DE MEDEIROS,"","",AO LADO DA UNIVERSIDADE FEDERAL,DOIS IRMAOS,"","",COLISÃO LATERAL,"0,0","1,0","0,0","0,0","0,0","0,0","0,0","0,0","0,0","1,0","0,0","","","","","","","","","","","","",""
3509,"202327906,0",2023-11-23T00:00:00,07:05:00,COM VÍTIMA,FINALIZADA,ALTO JOSE DO PINHO,COR DO BARTOLOMEU,"","",EM FRENTE A PANIFICADORA SAO BARTOLOMEU,ALTO JOSE DO PINHO,"","",ATROPELAMENTO DE PESSOA,"0,0","0,0","0,0","0,0","1,0","0,0","1,0","0,0","0,0","1,0","0,0","","","","","","","","","","","","",""
3510,"202327911,0",2023-11-23T00:00:00,07:25:00,COM VÍTIMA,FINALIZADA,VARZEA,AV BARAO DE BONITO,408,"",AO LALDO DO ATACAREJO HIPERBEM,VARZEA,"","",COLISÃO FRONTAL,"2,0","0,0","0,0","0,0","0,0","0,0","0,0","0,0","0,0","1,0","0,0","","","","","","","","","","","","",""
3511,"202327917,0",2023-11-23T00:00:00,08:08:00,COM VÍTIMA,FINALIZADA,TORRE,RUA CONDE DE IRAJA,979,"",PROX. A IGREJA CATOLICA DA TORRE,TORRE,"","",COLISÃO LATERAL,"1,0","1,0","0,0","0,0","0,0","0,0","0,0","0,0","0,0","1,0","0,0","","","","","","","","","","","","",""
3512,"202327924,0",2023-11-23T00:00:00,09:16:00,SEM VÍTIMA,CANCELADA,BOA VISTA,RUA DO HOSPICIO,"","",SINISTRO,BOA VISTA,"",CIDADE,COLISÃO,"0,0","0,0","0,0","0,0","0,0","0,0","0,0","1,0","0,0","0,0","0,0","","","","","","","","","","","","",""
3513,"202327932,0",2023-11-23T00:00:00,09:55:00,COM VÍTIMA,FINALIZADA,SANTO ANTONIO,RUA IMPERADOR PEDRO SEGUNDO,"","",EM FRENTE AO FORUM / DEPOIS DO CAIS DE SANTA RITA,SANTO ANTONIO,"","",COLISÃO,"0,0","1,0","0,0","0,0","0,0","0,0","0,0","0,0","0,0","1,0","0,0","","","","","","","","","","","","",""
3514,"202327951,0",2023-11-23T00:00:00,12:50:00,COM VÍTIMA,FINALIZADA,AREIAS,AV RECIFE,S/N,"","",AREIAS,"","",COLISÃO TRASEIRA,"1,0","1,0","0,0","0,0","0,0","0,0","0,0","0,0","0,0","1,0","0,0","","","","","","","","","","","","",""
3515,"202327961,0",2023-11-23T00:00:00,02:28:00,SEM VÍTIMA,FINALIZADA,TORROES,AV ENGENHEIRO ABDIAS DE CARVALHO,"","",E/F AO SEMAFARO 132  [VT 06 NO LOCAL ],TORROES,"","",COLISÃO FRONTAL,"3,0","0,0","0,0","0,0","0,0","0,0","0,0","0,0","0,0","0,0","0,0","","","","","","","","","","","","",""
3516,"202327967,0",2023-11-23T00:00:00,03:51:00,SEM VÍTIMA,FINALIZADA,SANTO ANTONIO,AV MARTINS DE BARROS,"",RUA NOSSA SRA DO CARMO,SOB O SEMÁFORO DE Nº 204,SANTO ANTONIO,"204,0",CIDADE,COLISÃO LATERAL,"1,0","1,0","0,0","0,0","0,0","0,0","0,0","0,0","0,0","0,0","0,0","","","","","","","","","","","","",""