_id,Protocolo,data,hora,natureza_acidente,situacao,bairro,endereco,numero,detalhe_endereco_acidente,complemento,bairro_cruzamento,num_semaforo,sentido_via,tipo,auto,moto,ciclom,ciclista,pedestre,onibus,caminhao,viatura,outros,vitimas,vitimasfatais,acidente_verificado,tempo_clima,situacao_semaforo,sinalizacao,condicao_via,conservacao_via,ponto_controle,situacao_placa,velocidade_max_via,mao_direcao,divisao_via1,divisao_via2,divisao_via3
3517,"202327969,0",2023-11-23T00:00:00,04:05:00,COM VÍTIMA,FINALIZADA,SANTO AMARO,AV CRUZ CABUGA,"",RUA VINTE E QUATRO DE AGOSTO,SINISTRO,SANTO AMARO,"",CIDADE,"","1,0","1,0","0,0","0,0","0,0","0,0","0,0","0,0","0,0","1,0","0,0","","","","","","","","","","","","",""
3518,"202327986,0",2023-11-23T00:00:00,06:18:00,COM VÍTIMA,FINALIZADA,BOA VISTA,AV VISCONDE DE SUASSUNA,"",RUA DO HOSPICIO,SINISTRO NO LOCAL,BOA VISTA,"",CIDADE,COLISÃO TRANSVERSAL,"1,0","0,0","0,0","0,0","0,0","0,0","0,0","0,0","0,0","1,0","0,0","","","","","","","","","","","","",""
3519,"202327990,0",2023-11-23T00:00:00,07:30:00,COM VÍTIMA,CANCELADA,VARZEA,RUA BARAO DE COTEGIPE,"","",AO LADO DA INTEGRAÇÃO DE COSME DAMIÃO,VARZEA,"","",COLISÃO,"0,0","2,0","0,0","0,0","0,0","0,0","0,0","0,0","0,0","3,0","0,0","","","","","","","","","","","","",""
3520,"202327998,0",2023-11-23T00:00:00,10:15:00,COM VÍTIMA,FINALIZADA,IMBIRIBEIRA,AV MARECHAL MASCARENHAS DE MORAES,"","",APÓS O GERALDÃO,IMBIRIBEIRA,"",CIDADE,COLISÃO,"1,0","1,0","0,0","0,0","0,0","0,0","0,0","0,0","0,0","2,0","0,0","","","","","","","","","","","","",""
3521,"202328009,0",2023-11-24T00:00:00,06:36:00,COM VÍTIMA,FINALIZADA,SAO JOSE,C SANTA RITA,"","",EM FRENTE A TORRE GEMEAS,SAO JOSE,"","",COLISÃO,"1,0","1,0","0,0","0,0","0,0","0,0","0,0","0,0","0,0","1,0","0,0","","","","","","","","","","","","",""
3522,"202328015,0",2023-11-24T00:00:00,07:35:00,COM VÍTIMA,FINALIZADA,SAO JOSE,C SANTA RITA,"","",AO LADO DA INTEGRAÇÃO DO CAIS,SAO JOSE,"","",ATROPELAMENTO DE PESSOA,"0,0","1,0","0,0","0,0","1,0","0,0","0,0","0,0","0,0","1,0","0,0","","","","","","","","","","","","",""
3523,"202328017,0",2023-11-24T00:00:00,07:50:00,COM VÍTIMA,FINALIZADA,CAXANGA,AV CAXANGA,"","","PROX. A UPA, SENT. CIDADE EM CIMA DO VIADUTO",CAXANGA,"","",COLISÃO LATERAL,"0,0","1,0","0,0","0,0","0,0","0,0","0,0","0,0","0,0","1,0","0,0","","","","","","","","","","","","",""
3524,"202328025,0",2023-11-24T00:00:00,09:07:00,COM VÍTIMA,FINALIZADA,TAMARINEIRA,AV NORTE MIGUEL ARRAES DE ALENCAR,"",RUA CONEGO BARATA,CRUZAMENTO COM A CONEGO BARATA,TAMARINEIRA,"62,0","",COLISÃO,"0,0","1,0","0,0","0,0","0,0","0,0","0,0","0,0","0,0","1,0","0,0","","","","","","","","","","","","",""
3525,"202328026,0",2023-11-24T00:00:00,09:18:00,COM VÍTIMA,FINALIZADA,SANTO ANTONIO,AV DANTAS BARRETO,"",RUA NOSSA SRA DO CARMO,"",SANTO ANTONIO,"","",COLISÃO,"0,0","0,0","0,0","0,0","0,0","0,0","0,0","0,0","0,0","1,0","0,0","","","","","","","","","","","","",""
3526,"202328047,0",2023-11-24T00:00:00,10:58:00,COM VÍTIMA,FINALIZADA,BOA VIAGEM,AV CONSELHEIRO AGUIAR,"","",PROX AO BANCO SANTANDER E O CAFÉ SÃO BRAZ,BOA VIAGEM,"","",COLISÃO,"2,0","0,0","0,0","0,0","0,0","0,0","0,0","0,0","0,0","1,0","0,0","","","","","","","","","","","","",""
3527,"202328048,0",2023-11-24T00:00:00,11:27:00,COM VÍTIMA,FINALIZADA,AFOGADOS,RUA CORONEL ALFREDO DUARTE,"","",EM FRENTE A  B1 VIGILANCIA,AFOGADOS,"","",COLISÃO,"1,0","1,0","0,0","0,0","0,0","0,0","0,0","0,0","0,0","1,0","0,0","","","","","","","","","","","","",""
3528,"202328050,0",2023-11-24T00:00:00,11:34:00,COM VÍTIMA,FINALIZADA,IMBIRIBEIRA,AV MARECHAL MASCARENHAS DE MORAES,"","",EM FRENTE AO SHOPPING DO AUTOMOVEL E PROX A TUPAN / SENTIDO CIDADE,IMBIRIBEIRA,"","",COLISÃO,"0,0","1,0","0,0","0,0","0,0","0,0","0,0","0,0","0,0","1,0","0,0","","","","","","","","","","","","",""
3529,"202328063,0",2023-11-24T00:00:00,03:02:00,SEM VÍTIMA,FINALIZADA,DERBY,RUA JORNALISTA PAULO BITTENCOURT,"","",EM FRENTE A  DROGASIL,DERBY,"",CIDADE,COLISÃO TRANSVERSAL,"1,0","0,0","0,0","0,0","0,0","0,0","0,0","1,0","0,0","0,0","0,0","","","","","","","","","","","","",""
3530,"202328074,0",2023-11-24T00:00:00,04:37:00,COM VÍTIMA,FINALIZADA,ENCRUZILHADA,AV NORTE MIGUEL ARRAES DE ALENCAR,1938,"",E/F A BOSCH SERVICE  S/T SUB,ENCRUZILHADA,"","",ATROPELAMENTO DE PESSOA,"0,0","1,0","0,0","0,0","1,0","0,0","0,0","0,0","0,0","1,0","0,0","","","","","","","","","","","","",""
3531,"202328076,0",2023-11-24T00:00:00,04:58:00,SEM VÍTIMA,FINALIZADA,IPSEP,RUA RIO IPOJUCA,325,"",EM FRENTE A ESCOLA CASINHA DO SABER,IPSEP,"","",COLISÃO LATERAL,"0,0","2,0","0,0","0,0","0,0","0,0","0,0","0,0","0,0","0,0","0,0","","","","","","","","","","","","",""
3532,"202328084,0",2023-11-24T00:00:00,05:25:00,COM VÍTIMA,FINALIZADA,IPUTINGA,AV MAURICIO DE NASSAU,"","",ESQUINA DA DROGASIL,IPUTINGA,"","",COLISÃO LATERAL,"1,0","1,0","0,0","0,0","0,0","0,0","0,0","0,0","0,0","1,0","0,0","","","","","","","","","","","","",""
3533,"202328086,0",2023-11-24T00:00:00,06:00:00,COM VÍTIMA,FINALIZADA,AFLITOS,AV CONS ROSA E SILVA,756,"",PADARIA COM PÃO,AFLITOS,"","",COLISÃO FRONTAL,"1,0","1,0","0,0","0,0","0,0","0,0","0,0","0,0","0,0","1,0","0,0","","","","","","","","","","","","",""
3534,"202328098,0",2023-11-24T00:00:00,06:52:00,COM VÍTIMA,FINALIZADA,CAMPO GRANDE,RUA JERONIMO VILELA,100,"",DROGASIL,CAMPO GRANDE,"","",COLISÃO FRONTAL,"1,0","1,0","0,0","0,0","0,0","0,0","0,0","0,0","0,0","1,0","0,0","","","","","","","","","","","","",""
3535,"202328099,0",2023-11-24T00:00:00,06:54:00,COM VÍTIMA,CANCELADA,ESPINHEIRO,RUA MARQUES DO PARANA,101,"",E/F AO LAVA JATO E OFICINA DOS RADIADORS,ESPINHEIRO,"","",COLISÃO FRONTAL,"0,0","1,0","0,0","0,0","0,0","0,0","0,0","0,0","0,0","1,0","0,0","","","","","","","","","","","","",""
3536,"202328100,0",2023-11-24T00:00:00,06:59:00,COM VÍTIMA,CANCELADA,AFLITOS,AV CONS ROSA E SILVA,881,"",E/F A SELFT,AFLITOS,"","",COLISÃO FRONTAL,"0,0","1,0","0,0","0,0","0,0","0,0","0,0","0,0","0,0","1,0","0,0","","","","","","","","","","","","",""
3537,"202328102,0",2023-11-24T00:00:00,07:54:00,COM VÍTIMA,CANCELADA,TORROES,AV ENGENHEIRO ABDIAS DE CARVALHO,902,"",PRÓXIMO À LOJA DLP - SENTIDO CURADO,TORROES,"","",COLISÃO,"1,0","1,0","0,0","0,0","0,0","0,0","0,0","0,0","0,0","1,0","0,0","","","","","","","","","","","","",""
3538,"202328106,0",2023-11-24T00:00:00,09:25:00,COM VÍTIMA,CANCELADA,IMBIRIBEIRA,RUA ARQUITETO LUIZ NUNES,"","",COM AV PINHIEROS,IMBIRIBEIRA,"","",COLISÃO LATERAL,"1,0","1,0","0,0","0,0","0,0","0,0","0,0","0,0","0,0","1,0","0,0","","","","","","","","","","","","",""
3539,"202328109,0",2023-11-24T00:00:00,10:50:00,SEM VÍTIMA,FINALIZADA,ILHA DO RETIRO,AV BEIRA RIO,290,"",EM FRENTE AO EDIFÍCIO SAINT GABRIEL,ILHA DO RETIRO,"",CIDADE,CHOQUE,"1,0","0,0","0,0","0,0","0,0","0,0","0,0","0,0","0,0","0,0","0,0","","","","","","","","","","","","",""
3540,"202328110,0",2023-11-24T00:00:00,11:20:00,COM VÍTIMA,FINALIZADA,ROSARINHO,AV NORTE MIGUEL ARRAES DE ALENCAR,"","",E/F À PADARIA ROSARINHO,ROSARINHO,"",SUBURBIO,COLISÃO TRANSVERSAL,"0,0","2,0","0,0","0,0","0,0","0,0","0,0","0,0","0,0","1,0","0,0","","","","","","","","","","","","",""
3541,"202328134,0",2023-11-25T00:00:00,07:52:00,COM VÍTIMA,FINALIZADA,SANTO AMARO,RUA ALVARES DE AZEVEDO,"",RUA DOS PALMARES,EM FRENTE AO PROCAPE E LABORATORIO DE SAUDE,SANTO AMARO,"","",COLISÃO COM CICLISTA,"1,0","0,0","0,0","1,0","0,0","0,0","0,0","0,0","0,0","1,0","0,0","","","","","","","","","","","","",""
3542,"202328139,0",2023-11-25T00:00:00,08:14:00,COM VÍTIMA,FINALIZADA,SANTO AMARO,AV GOVERNADOR AGAMENON MAGALHAES,"","",NA SUBIDA DO VIADUTO DA AV. JOAO DE BARROS SENT. RECIFE PROX. A UPE,SANTO AMARO,"","",COLISÃO TRASEIRA,"1,0","1,0","0,0","0,0","0,0","0,0","0,0","0,0","0,0","1,0","0,0","","","","","","","","","","","","",""
3543,"202328143,0",2023-11-25T00:00:00,09:08:00,COM VÍTIMA,FINALIZADA,IPSEP,AV RECIFE,"","",EM FRENTE AO CARREFOUR E CONJUNTO IGNEZ ANDREAZZA,IPSEP,"","",COLISÃO LATERAL,"0,0","1,0","0,0","0,0","0,0","0,0","0,0","0,0","0,0","1,0","0,0","","","","","","","","","","","","",""
3544,"202328146,0",2023-11-25T00:00:00,09:35:00,COM VÍTIMA,FINALIZADA,GRACAS,RUA BRUNO MAIA,71,RUA DO CUPIM,PROX. AO RESTAURANTE ATLANTICO,GRACAS,"","",COLISÃO FRONTAL,"1,0","1,0","0,0","0,0","0,0","0,0","0,0","0,0","0,0","1,0","0,0","","","","","","","","","","","","",""
3545,"202328149,0",2023-11-25T00:00:00,09:55:00,COM VÍTIMA,FINALIZADA,CAXANGA,RUA RIBEIRO PESSOA,"","",EM FRENTE A UPA,CAXANGA,"","",COLISÃO LATERAL,"1,0","1,0","0,0","0,0","0,0","0,0","0,0","0,0","0,0","1,0","0,0","","","","","","","","","","","","",""
3546,"202328163,0",2023-11-25T00:00:00,12:04:00,SEM VÍTIMA,FINALIZADA,BOA VIAGEM,AVENIDA CELSO FURTADO (VIA MANGUE),"","","",BOA VIAGEM,"","",CHOQUE,"1,0","0,0","0,0","0,0","0,0","0,0","0,0","0,0","0,0","0,0","0,0","","","","","","","","","","","","",""
3547,"202328165,0",2023-11-25T00:00:00,01:07:00,COM VÍTIMA,FINALIZADA,IBURA,RUA RIBEIRAO VERMELHO,42,RUA RIBEIRAO DAS NEVES,APOS O TERMINAL DO SESI SEGUNDA RUA A DIREITA,IBURA,"","",COLISÃO LATERAL,"1,0","1,0","0,0","0,0","0,0","0,0","0,0","0,0","0,0","1,0","0,0","","","","","","","","","","","","",""
3548,"202328166,0",2023-11-25T00:00:00,01:17:00,SEM VÍTIMA,FINALIZADA,ARRUDA,RUA DAS MOCAS,1218,"",PIZZARIA ATLANTICA,ARRUDA,"",SUBURBIO,"","0,0","0,0","0,0","0,0","0,0","1,0","0,0","2,0","0,0","0,0","0,0","","","","","","","","","","","","",""
3549,"202328187,0",2023-11-25T00:00:00,05:34:00,COM VÍTIMA,FINALIZADA,BEBERIBE,EST VELHA DE AGUA FRIA,1000,"",MARTELINHO DE OURO //// DNOC,BEBERIBE,"","",COLISÃO TRASEIRA,"2,0","0,0","0,0","0,0","0,0","0,0","0,0","0,0","0,0","1,0","0,0","","","","","","","","","","","","",""
3550,"202328188,0",2023-11-25T00:00:00,05:36:00,COM VÍTIMA,FINALIZADA,SAN MARTIN,RUA VINTE E UM DE ABRIL,"","",ANTES DO GIRADOURO DE SAN MARTIN E/F AO ARMAZEM CASA NOVA,SAN MARTIN,"","",COLISÃO LATERAL,"2,0","1,0","0,0","0,0","0,0","0,0","0,0","0,0","0,0","1,0","0,0","","","","","","","","","","","","",""
3551,"202328194,0",2023-11-25T00:00:00,07:27:00,COM VÍTIMA,FINALIZADA,BOA VIAGEM,RUA JOAO CARDOSO AIRES,"",RUA CAMBOIM,"",BOA VIAGEM,"","",COLISÃO,"1,0","1,0","0,0","0,0","0,0","0,0","0,0","0,0","0,0","1,0","0,0","","","","","","","","","","","","",""
3552,"202328197,0",2023-11-25T00:00:00,08:56:00,SEM VÍTIMA,FINALIZADA,MADALENA,RUA JOSE OSORIO,"","",EM FRENTE A SORVETERIA JONES,MADALENA,"","",COLISÃO,"2,0","0,0","0,0","0,0","0,0","0,0","0,0","0,0","0,0","0,0","0,0","","","","","","","","","","","","",""
3553,"202328205,0",2023-11-25T00:00:00,11:05:00,SEM VÍTIMA,FINALIZADA,CORDEIRO,AV INACIO MONTEIRO,1003,"",EM FRENTE A ESTER EVENTOS,CORDEIRO,"","",COLISÃO,"2,0","0,0","0,0","0,0","0,0","0,0","0,0","0,0","0,0","0,0","0,0","","","","","","","","","","","","",""
3554,"202328214,0",2023-11-26T00:00:00,05:09:00,COM VÍTIMA,FINALIZADA,SAO JOSE,RUA IMPERIAL,"","",EM FRENTE A PRODUTOS CIDERÚRGICOS,SAO JOSE,"","",COLISÃO,"0,0","1,0","0,0","0,0","0,0","1,0","0,0","0,0","0,0","1,0","0,0","","","","","","","","","","","","",""
3555,"202328219,0",2023-11-26T00:00:00,06:34:00,COM VÍTIMA,FINALIZADA,IBURA,AV RECIFE,2223,"",EM FRENTE A HONDA MARAVILHA,IBURA,"","",COLISÃO,"2,0","0,0","0,0","0,0","0,0","0,0","0,0","0,0","0,0","1,0","0,0","","","","","","","","","","","","",""
3556,"202328231,0",2023-11-26T00:00:00,08:30:00,COM VÍTIMA,FINALIZADA,ENGENHO DO MEIO,RUA ANTONIO CURADO,307,"",PROX AO BAR DO CU,ENGENHO DO MEIO,"","",COLISÃO TRANSVERSAL,"1,0","1,0","0,0","0,0","0,0","0,0","0,0","0,0","0,0","1,0","0,0","","","","","","","","","","","","",""
3557,"202328266,0",2023-11-26T00:00:00,04:37:00,COM VÍTIMA,FINALIZADA,CORDEIRO,RUA DR MIGUEL VIEIRA FERREIRA,302,"",EDF. OCEANO,CORDEIRO,"","",COLISÃO LATERAL,"1,0","1,0","0,0","0,0","0,0","0,0","0,0","0,0","0,0","1,0","0,0","","","","","","","","","","","","",""
3558,"202328290,0",2023-11-26T00:00:00,07:43:00,COM VÍTIMA,FINALIZADA,ROSARINHO,RUA COUTO MAGALHAES,129,"",PROX. AO SUPER BOM PREÇO,ROSARINHO,"","",COLISÃO FRONTAL,"1,0","1,0","0,0","0,0","0,0","0,0","0,0","0,0","0,0","1,0","0,0","","","","","","","","","","","","",""
3559,"202328294,0",2023-11-27T00:00:00,05:02:00,COM VÍTIMA,FINALIZADA,BOA VISTA,AV GOVERNADOR AGAMENON MAGALHAES,"","",PROX. AO BOMPREÇO,BOA VISTA,"","",ATROPELAMENTO DE PESSOA,"0,0","0,0","0,0","0,0","1,0","1,0","0,0","0,0","0,0","1,0","0,0","","","","","","","","","","","","",""
3560,"202328297,0",2023-11-27T00:00:00,06:20:00,SEM VÍTIMA,FINALIZADA,PINA,AV ENGENHEIRO DOMINGOS FERREIRA,236,"",EM FRENTE A AUTONUNES CHEVROLET,PINA,"",SUBURBIO,CHOQUE,"0,0","0,0","0,0","0,0","0,0","1,0","0,0","0,0","0,0","0,0","0,0","","","","","","","","","","","","",""
3561,"202328305,0",2023-11-27T00:00:00,06:43:00,COM VÍTIMA,FINALIZADA,ALTO JOSE BONIFACIO,RUA ALTO JOSE BONIFACIO,"","","PROX. A QUADRA DO ALTO JOSE BONIFACIO, LADEIRA DO BOI",ALTO JOSE BONIFACIO,"","",COLISÃO LATERAL,"0,0","1,0","0,0","0,0","0,0","0,0","0,0","0,0","0,0","1,0","0,0","","","","","","","","","","","","",""
3562,"202328306,0",2023-11-27T00:00:00,06:57:00,COM VÍTIMA,FINALIZADA,AGUA FRIA,AV BEBERIBE,"","",PROX. AO CANAL DA CONSTRUÇÃO E CANAL DO ARRUDA,AGUA FRIA,"","",COLISÃO LATERAL,"0,0","1,0","0,0","0,0","0,0","0,0","0,0","0,0","0,0","1,0","0,0","","","","","","","","","","","","",""
3563,"202328311,0",2023-11-27T00:00:00,07:15:00,COM VÍTIMA,FINALIZADA,BOA VIAGEM,RUA WALDEMAR NERY CARNEIRO MONTEIRO,"","",PROX. AO ESPAÇO DA CRIANÇA,BOA VIAGEM,"","",COLISÃO LATERAL,"0,0","1,0","0,0","0,0","0,0","0,0","0,0","0,0","0,0","1,0","0,0","","","","","","","","","","","","",""
3564,"202328317,0",2023-11-27T00:00:00,07:49:00,COM VÍTIMA,FINALIZADA,BEBERIBE,AV BEBERIBE,"","","EM FRENTE AO COLEGIO PEDRO CELSO, PROX. A PRAÇA DE BEBERIBE",BEBERIBE,"","",COLISÃO LATERAL,"0,0","1,0","0,0","0,0","0,0","0,0","0,0","0,0","0,0","1,0","0,0","","","","","","","","","","","","",""
3565,"202328322,0",2023-11-27T00:00:00,08:35:00,COM VÍTIMA,FINALIZADA,CORDEIRO,RUA GOMES TABORDA,1198,"",DOCERIA CACAU E AVELÃ,CORDEIRO,"","",ATROPELAMENTO DE PESSOA,"0,0","1,0","0,0","0,0","1,0","0,0","0,0","0,0","0,0","1,0","0,0","","","","","","","","","","","","",""
3566,"202328324,0",2023-11-27T00:00:00,09:15:00,COM VÍTIMA,FINALIZADA,BOA VIAGEM,RUA VISCONDE DE JEQUITINHONHA,"","",PROX AO PARQUE DONA LINDU / SENTIDO PIEDADE,BOA VIAGEM,"","",COLISÃO,"0,0","1,0","0,0","0,0","0,0","0,0","0,0","0,0","0,0","1,0","0,0","","","","","","","","","","","","",""
3567,"202328329,0",2023-11-27T00:00:00,09:38:00,COM VÍTIMA,FINALIZADA,LINHA DO TIRO,RUA URIEL DE HOLANDA,"","",EM FRENTE AO COLEGIO PEDRO CELSO,LINHA DO TIRO,"","",COLISÃO,"0,0","1,0","0,0","0,0","0,0","0,0","0,0","0,0","0,0","1,0","0,0","","","","","","","","","","","","",""
3568,"202328330,0",2023-11-27T00:00:00,09:44:00,COM VÍTIMA,FINALIZADA,ROSARINHO,AV SANTOS DUMONT,1399,RUA ALMIRANTE NORONHA DE CARVALHO,"BEM NO CRUZAMENTO, PROX AO COLEGIO SABER CRESCER",ROSARINHO,"","",COLISÃO,"1,0","1,0","0,0","0,0","0,0","0,0","0,0","0,0","0,0","1,0","0,0","","","","","","","","","","","","",""
3569,"202328332,0",2023-11-27T00:00:00,10:10:00,COM VÍTIMA,FINALIZADA,ESPINHEIRO,AV GOVERNADOR AGAMENON MAGALHAES,"","",PROX AO VIDUTO DA JOÃO DE BARROS / EM FRENTE A UPE,ESPINHEIRO,"","",COLISÃO LATERAL,"1,0","2,0","0,0","0,0","0,0","0,0","0,0","0,0","0,0","2,0","0,0","","","","","","","","","","","","",""
3570,"202328337,0",2023-11-27T00:00:00,10:30:00,COM VÍTIMA,FINALIZADA,CAXANGA,AV CAXANGA,"","",PRÓXIMO A UPA DA CAXANGÁ,CAXANGA,"",SUBURBIO,"","1,0","0,0","0,0","0,0","0,0","0,0","0,0","0,0","0,0","1,0","0,0","","","","","","","","","","","","",""
3571,"202328349,0",2023-11-27T00:00:00,12:50:00,COM VÍTIMA,FINALIZADA,AGUA FRIA,RUA BELO JARDIM,"","",PROX A ZELO MODAS E AO MERCADO DE AGUA FRIA,AGUA FRIA,"","",COLISÃO,"0,0","1,0","0,0","0,0","0,0","0,0","0,0","0,0","0,0","1,0","0,0","","","","","","","","","","","","",""
3572,"202328353,0",2023-11-27T00:00:00,01:58:00,COM VÍTIMA,FINALIZADA,VARZEA,RUA POETA CARLOS DRUMMOND DE ANDRADE,"","",E/F A SERTEL,VARZEA,"","",COLISÃO LATERAL,"1,0","1,0","0,0","0,0","0,0","0,0","0,0","0,0","0,0","1,0","0,0","","","","","","","","","","","","",""
3573,"202328363,0",2023-11-27T00:00:00,03:48:00,COM VÍTIMA,FINALIZADA,CASA AMARELA,AV NORTE MIGUEL ARRAES DE ALENCAR,4707,"",E/F AO ARMAZEM CORAL  S/T CID,CASA AMARELA,"","",QUEDA,"0,0","1,0","0,0","0,0","0,0","0,0","0,0","0,0","0,0","1,0","0,0","","","","","","","","","","","","",""
3574,"202328367,0",2023-11-27T00:00:00,04:34:00,COM VÍTIMA,FINALIZADA,SANTO AMARO,AV GOVERNADOR AGAMENON MAGALHAES,"","",PROX AO SHOPPING TACARUNA,SANTO AMARO,"","",ATROPELAMENTO DE PESSOA,"1,0","1,0","0,0","0,0","1,0","0,0","0,0","0,0","0,0","1,0","0,0","","","","","","","","","","","","",""
3575,"202328376,0",2023-11-27T00:00:00,07:14:00,COM VÍTIMA,FINALIZADA,BOA VIAGEM,RUA DEZ DE JULHO,"",RUA CAMBOIM,PRÓXIMO A ESTAÇÃO AEROPORTO,BOA VIAGEM,"","",COLISÃO,"1,0","1,0","0,0","0,0","0,0","0,0","0,0","0,0","0,0","1,0","0,0","","","","","","","","","","","","",""
3576,"202328381,0",2023-11-27T00:00:00,09:20:00,COM VÍTIMA,FINALIZADA,AREIAS,AV DR JOSE RUFINO,"","",EM FRENTE AO BRADESCO,AREIAS,"","",COLISÃO FRONTAL,"0,0","0,0","0,0","0,0","0,0","0,0","0,0","0,0","0,0","1,0","0,0","","","","","","","","","","","","",""
3577,"202328385,0",2023-11-27T00:00:00,11:25:00,SEM VÍTIMA,FINALIZADA,BOA VIAGEM,RUA FELIX DE BRITO E MELO,150,"",BRADESCO,BOA VIAGEM,"","",COLISÃO,"0,0","0,0","0,0","0,0","0,0","0,0","0,0","0,0","0,0","0,0","0,0","","","","","","","","","","","","",""
3578,"202328397,0",2023-11-28T00:00:00,07:20:00,COM VÍTIMA,FINALIZADA,CAXANGA,AV CAXANGA,"","","EM FRENTE A INTEGRAÇÃO CDU, SENT. CAMARAGIBE EM FRENTE A NISSAN",CAXANGA,"","",COLISÃO LATERAL,"0,0","1,0","0,0","0,0","0,0","0,0","0,0","0,0","0,0","1,0","0,0","","","","","","","","","","","","",""
3579,"202328398,0",2023-11-28T00:00:00,07:21:00,COM VÍTIMA,FINALIZADA,ARRUDA,AV BEBERIBE,"","",EM FRENTE AO CAMPO DO SANTA CRUZ,ARRUDA,"","",COLISÃO,"0,0","1,0","0,0","0,0","0,0","0,0","0,0","0,0","0,0","1,0","0,0","","","","","","","","","","","","",""
3580,"202328406,0",2023-11-28T00:00:00,08:11:00,COM VÍTIMA,FINALIZADA,IBURA,LAD DA COHAB,"","",NA SUBIDA DA LADEIRA,IBURA,"","",QUEDA,"0,0","1,0","0,0","0,0","0,0","0,0","0,0","0,0","0,0","1,0","0,0","","","","","","","","","","","","",""
3581,"202328410,0",2023-11-28T00:00:00,08:27:00,COM VÍTIMA,FINALIZADA,MADALENA,AV ENGENHEIRO ABDIAS DE CARVALHO,"","",CRUZAMENTO COM ESTRADA DOS REMEDIOS,MADALENA,"","",COLISÃO,"1,0","1,0","0,0","0,0","0,0","0,0","0,0","0,0","0,0","1,0","0,0","","","","","","","","","","","","",""
3582,"202328411,0",2023-11-28T00:00:00,08:27:00,COM VÍTIMA,FINALIZADA,MACAXEIRA,AV NORTE MIGUEL ARRAES DE ALENCAR,"","",EM FENTE AO PARQUE DA MACAXEIRA,MACAXEIRA,"","",COLISÃO LATERAL,"0,0","1,0","0,0","0,0","0,0","0,0","0,0","0,0","0,0","1,0","0,0","","","","","","","","","","","","",""
3583,"202328420,0",2023-11-28T00:00:00,09:07:00,COM VÍTIMA,FINALIZADA,GRACAS,AV BEIRA RIO,"","",BEIRA RIO COM JOSE OSORIO  DESCIDA DA PONTA CAPUNGA NO CRUZAMENTO,GRACAS,"","",COLISÃO,"0,0","1,0","0,0","0,0","0,0","0,0","0,0","0,0","0,0","1,0","0,0","","","","","","","","","","","","",""
3584,"202328432,0",2023-11-28T00:00:00,10:38:00,COM VÍTIMA,FINALIZADA,AFOGADOS,AV DR JOSE RUFINO,"","",EM FRENTE AO QUARTEL DE AFOGADOS,AFOGADOS,"","",COLISÃO,"0,0","1,0","0,0","0,0","0,0","0,0","0,0","0,0","0,0","1,0","0,0","","","","","","","","","","","","",""
3585,"202328441,0",2023-11-28T00:00:00,11:29:00,COM VÍTIMA,FINALIZADA,CORDEIRO,AV CAXANGA,"","",EM FRENTE A AUTO ESCOLA CONECTA E CAXANGA ACESSORIOS E PEÇAS,CORDEIRO,"","",COLISÃO TRASEIRA,"1,0","1,0","0,0","0,0","0,0","0,0","0,0","0,0","0,0","1,0","0,0","","","","","","","","","","","","",""
3586,"202328443,0",2023-11-28T00:00:00,11:46:00,COM VÍTIMA,FINALIZADA,CAXANGA,AV CAXANGA,"","",EM FRENTE AO NOVO MIX MATHEUS/ ANTIGO BOMPREÇO,CAXANGA,"","",COLISÃO COM CICLISTA,"0,0","0,0","0,0","0,0","0,0","1,0","0,0","0,0","0,0","1,0","0,0","","","","","","","","","","","","",""
3587,"202328450,0",2023-11-28T00:00:00,12:56:00,COM VÍTIMA,FINALIZADA,CAXANGA,AV CAXANGA,"","",EM FRENTE AO NUMERO 1921 LOJA CASA DA TINTA RECIFE,CAXANGA,"","",COLISÃO,"0,0","1,0","0,0","0,0","0,0","0,0","0,0","0,0","0,0","1,0","0,0","","","","","","","","","","","","",""
3588,"202328457,0",2023-11-28T00:00:00,03:43:00,COM VÍTIMA,FINALIZADA,IPSEP,RUA ARAPUA,267,"",PROXIMO A LOJA DE AUTOMOVEIS DE PAULO,IPSEP,"","",COLISÃO,"0,0","1,0","0,0","0,0","0,0","0,0","0,0","0,0","0,0","1,0","0,0","","","","","","","","","","","","",""
3589,"202328464,0",2023-11-28T00:00:00,04:34:00,COM VÍTIMA,FINALIZADA,AGUA FRIA,AV BEBERIBE,"","",E/F  A MILENA /  PROXIMO A CATTAN,AGUA FRIA,"","",COLISÃO,"0,0","1,0","0,0","0,0","0,0","0,0","0,0","0,0","0,0","1,0","0,0","","","","","","","","","","","","",""
3590,"202328478,0",2023-11-28T00:00:00,06:42:00,SEM VÍTIMA,FINALIZADA,BOA VIAGEM,AV BOA VIAGEM,956,"",EDF. HENOCH COUTINHO,BOA VIAGEM,"",CIDADE,"","2,0","0,0","0,0","0,0","0,0","0,0","0,0","0,0","0,0","0,0","0,0","","","","","","","","","","","","",""
3591,"202328481,0",2023-11-28T00:00:00,06:56:00,COM VÍTIMA,FINALIZADA,JOANA BEZERRA,AV BEIRA RIO,"","",ENTRE O FORUM DE JOANA BEZERRA E A SUBIDA DA PONTE,JOANA BEZERRA,"","",COLISÃO TRASEIRA,"1,0","1,0","0,0","0,0","0,0","0,0","0,0","0,0","0,0","1,0","0,0","","","","","","","","","","","","",""