_id,Protocolo,data,hora,natureza_acidente,situacao,bairro,endereco,numero,detalhe_endereco_acidente,complemento,bairro_cruzamento,num_semaforo,sentido_via,tipo,auto,moto,ciclom,ciclista,pedestre,onibus,caminhao,viatura,outros,vitimas,vitimasfatais,acidente_verificado,tempo_clima,situacao_semaforo,sinalizacao,condicao_via,conservacao_via,ponto_controle,situacao_placa,velocidade_max_via,mao_direcao,divisao_via1,divisao_via2,divisao_via3
3592,"202328483,0",2023-11-28T00:00:00,07:22:00,COM VÍTIMA,CANCELADA,IMBIRIBEIRA,AV MARECHAL MASCARENHAS DE MORAES,"","","PROXIMO TOYOLEX, APOS O VIADUTO TACREDO NEVES",IMBIRIBEIRA,"",SUBURBIO,COLISÃO LATERAL,"0,0","2,0","0,0","0,0","0,0","0,0","0,0","0,0","0,0","1,0","0,0","","","","","","","","","","","","",""
3593,"202328490,0",2023-11-28T00:00:00,07:31:00,COM VÍTIMA,FINALIZADA,ENCRUZILHADA,RUA FERNANDO CESAR,242,"",PRAÇA DA INFÂNCIA,ENCRUZILHADA,"","",COLISÃO TRANSVERSAL,"0,0","1,0","0,0","0,0","0,0","0,0","1,0","0,0","0,0","1,0","0,0","","","","","","","","","","","","",""
3594,"202328491,0",2023-11-28T00:00:00,07:48:00,COM VÍTIMA,FINALIZADA,ILHA DO LEITE,RUA ESTADO DE ISRAEL,262,"","",ILHA DO LEITE,"","",COLISÃO LATERAL,"2,0","1,0","0,0","0,0","0,0","0,0","0,0","0,0","0,0","1,0","0,0","","","","","","","","","","","","",""
3595,"202328493,0",2023-11-28T00:00:00,08:07:00,COM VÍTIMA,FINALIZADA,CORDEIRO,AV GENERAL SAN MARTIN,"","",EM FRENTE AO HOSPITAL GETULIO VARGAS,CORDEIRO,"","",COLISÃO LATERAL,"1,0","1,0","0,0","0,0","0,0","0,0","0,0","0,0","0,0","1,0","0,0","","","","","","","","","","","","",""
3596,"202328498,0",2023-11-28T00:00:00,09:48:00,COM VÍTIMA,DUPLICIDADE,CASA FORTE,RUA JADER DE ANDRADE,180,"",E/F AO BAR IDEAL E BOTECO 87,CASA FORTE,"","",COLISÃO,"0,0","0,0","0,0","0,0","0,0","0,0","0,0","0,0","0,0","1,0","0,0","","","","","","","","","","","","",""
3597,"202328499,0",2023-11-28T00:00:00,09:48:00,COM VÍTIMA,FINALIZADA,CASA FORTE,AV DEZESSETE DE AGOSTO,1048,"",PROXIMO AO SUPERMERCADO VERD FRUT,CASA FORTE,"","",COLISÃO,"1,0","1,0","0,0","0,0","0,0","0,0","0,0","0,0","0,0","1,0","0,0","","","","","","","","","","","","",""
3598,"202328507,0",2023-11-29T00:00:00,05:53:00,COM VÍTIMA,FINALIZADA,CORDEIRO,AV CAXANGA,"","",PROX. CAIXA ECONOMICA,CORDEIRO,"",CIDADE,COLISÃO TRASEIRA,"1,0","1,0","0,0","0,0","0,0","1,0","0,0","0,0","0,0","1,0","0,0","","","","","","","","","","","","",""
3599,"202328519,0",2023-11-29T00:00:00,07:14:00,COM VÍTIMA,FINALIZADA,ARRUDA,AV BEBERIBE,"","",EM FRENTE AO CAMPO DO SANTA CRUZ,ARRUDA,"","",COLISÃO,"0,0","1,0","0,0","0,0","0,0","0,0","0,0","0,0","0,0","1,0","0,0","","","","","","","","","","","","",""
3600,"202328522,0",2023-11-29T00:00:00,07:35:00,COM VÍTIMA,FINALIZADA,IMBIRIBEIRA,RUA ITAJAI,"","","PROX. A FERREIRA COSTA, EM FRENTE A CASA BRANCA RECEPÇÕES",IMBIRIBEIRA,"","",COLISÃO LATERAL,"0,0","1,0","0,0","0,0","0,0","0,0","0,0","0,0","0,0","1,0","0,0","","","","","","","","","","","","",""
3601,"202328524,0",2023-11-29T00:00:00,07:44:00,COM VÍTIMA,FINALIZADA,MANGUEIRA,RUA DR JOAO ELISIO,"","",EM FRENTE A PADARIA SANTO ANTONIO,MANGUEIRA,"","",COLISÃO LATERAL,"0,0","1,0","0,0","0,0","0,0","0,0","0,0","0,0","0,0","1,0","0,0","","","","","","","","","","","","",""
3602,"202328526,0",2023-11-29T00:00:00,08:12:00,COM VÍTIMA,FINALIZADA,PRADO,RUA GOMES TABORDA,"","",EM FENTRE AO SUPERMERCADO IDEAL MIX,PRADO,"","",COLISÃO,"0,0","1,0","0,0","0,0","0,0","0,0","0,0","0,0","0,0","1,0","0,0","","","","","","","","","","","","",""
3603,"202328530,0",2023-11-29T00:00:00,08:33:00,COM VÍTIMA,FINALIZADA,IMBIRIBEIRA,AV MARECHAL MASCARENHAS DE MORAES,"","",EM FRENTE AO GALPÃO DA LASER ELETRO,IMBIRIBEIRA,"","",COLISÃO LATERAL,"0,0","1,0","0,0","0,0","0,0","0,0","0,0","0,0","0,0","1,0","0,0","","","","","","","","","","","","",""
3604,"202328533,0",2023-11-29T00:00:00,08:53:00,COM VÍTIMA,FINALIZADA,AFOGADOS,RUA COSME VIANA,"","","POR TRAS DA HONDA, PROX. A TUPAM",AFOGADOS,"","",COLISÃO LATERAL,"0,0","1,0","0,0","0,0","0,0","0,0","1,0","0,0","0,0","1,0","0,0","","","","","","","","","","","","",""
3605,"202328545,0",2023-11-29T00:00:00,10:49:00,COM VÍTIMA,FINALIZADA,COQUEIRAL,6TR ANANIAS CATANHO,62,"",PROX ESCOLA PAULO DE SOUZA LEAL,COQUEIRAL,"","",CHOQUE,"1,0","0,0","0,0","0,0","0,0","0,0","0,0","0,0","0,0","1,0","0,0","","","","","","","","","","","","",""
3606,"202328547,0",2023-11-29T00:00:00,11:06:00,SEM VÍTIMA,FINALIZADA,BOA VISTA,AV LINS PETIT,"","",PRAÇA CHORA MENINO,BOA VISTA,"",SUBURBIO,COLISÃO LATERAL,"2,0","0,0","0,0","0,0","0,0","0,0","0,0","0,0","0,0","0,0","0,0","","","","","","","","","","","","",""
3607,"202328551,0",2023-11-29T00:00:00,11:33:00,COM VÍTIMA,CANCELADA,MADALENA,RUA BENFICA,695,"",PROX AO CLUBE INTERNACIONAL / NA PRAÇA DP INTERNACIONAL,MADALENA,"","",COLISÃO,"0,0","1,0","0,0","0,0","0,0","0,0","0,0","0,0","0,0","1,0","0,0","","","","","","","","","","","","",""
3608,"202328573,0",2023-11-29T00:00:00,03:45:00,COM VÍTIMA,FINALIZADA,SANTO AMARO,RUA FREI CASSIMIRO,"","",E/F  ANTIGA CTTU,SANTO AMARO,"","",COLISÃO LATERAL,"0,0","2,0","0,0","0,0","0,0","0,0","0,0","0,0","0,0","3,0","0,0","","","","","","","","","","","","",""
3609,"202328575,0",2023-11-29T00:00:00,03:50:00,SEM VÍTIMA,FINALIZADA,TORRE,RUA JOSE BONIFACIO,"",VDO GOVERNADOR CORDEIRO DE FARIAS,SOBRE A PONTE E PRÓXIMO AO CARREFOUR,TORRE,"","",COLISÃO,"0,0","0,0","0,0","0,0","0,0","0,0","0,0","0,0","0,0","0,0","0,0","","","","","","","","","","","","",""
3610,"202328583,0",2023-11-29T00:00:00,05:23:00,SEM VÍTIMA,FINALIZADA,IPSEP,RUA BLUMENAU,"",RUA ITAIMBE,NA RUA DO BAR DA SOPA,IPSEP,"","",COLISÃO FRONTAL,"2,0","0,0","0,0","0,0","0,0","0,0","0,0","0,0","0,0","0,0","0,0","","","","","","","","","","","","",""
3611,"202328594,0",2023-11-29T00:00:00,06:56:00,VÍTIMA FATAL,FINALIZADA,CASA AMARELA,AV NORTE MIGUEL ARRAES DE ALENCAR,"","",PRÓXIMO A PRAÇA DO TRABALHO,CASA AMARELA,"","",ATROPELAMENTO DE PESSOA,"0,0","0,0","0,0","0,0","1,0","0,0","0,0","0,0","0,0","0,0","1,0","","","","","","","","","","","","",""
3612,"202328599,0",2023-11-29T00:00:00,10:27:00,COM VÍTIMA,FINALIZADA,BOMBA DO HEMETERIO,RUA PROFESSOR JOSE AMARINO DOS REIS,"","",PRÓXIMO AO TEIMOSO,BOMBA DO HEMETERIO,"","",COLISÃO FRONTAL,"0,0","0,0","0,0","0,0","0,0","0,0","0,0","0,0","0,0","1,0","0,0","","","","","","","","","","","","",""
3613,"202328614,0",2023-11-30T00:00:00,06:54:00,COM VÍTIMA,FINALIZADA,IMBIRIBEIRA,AV MARECHAL MASCARENHAS DE MORAES,"","",EM FRENTE A FLOR E ARTE,IMBIRIBEIRA,"","",COLISÃO TRASEIRA,"1,0","1,0","0,0","0,0","0,0","0,0","0,0","0,0","0,0","1,0","0,0","","","","","","","","","","","","",""
3614,"202328615,0",2023-11-30T00:00:00,07:30:00,COM VÍTIMA,FINALIZADA,APIPUCOS,RUA DE APIPUCOS,"","",EM FRENTE AO AÇUDE,APIPUCOS,"","",COLISÃO,"0,0","0,0","0,0","0,0","0,0","0,0","0,0","0,0","0,0","1,0","0,0","","","","","","","","","","","","",""
3615,"202328617,0",2023-11-30T00:00:00,07:36:00,COM VÍTIMA,FINALIZADA,CAXANGA,AV CAXANGA,"","","SENT. CIDADE, SUPERMERCADO TEM E UPA",CAXANGA,"","",COLISÃO LATERAL,"0,0","1,0","0,0","0,0","0,0","0,0","0,0","0,0","0,0","1,0","0,0","","","","","","","","","","","","",""
3616,"202328622,0",2023-11-30T00:00:00,08:18:00,SEM VÍTIMA,FINALIZADA,BOA VISTA,RUA DO HOSPICIO,"","",AO LADO DO PARQUE TREZE DE MAIO,BOA VISTA,"","",COLISÃO,"0,0","0,0","0,0","0,0","0,0","0,0","0,0","0,0","0,0","0,0","0,0","","","","","","","","","","","","",""
3617,"202328623,0",2023-11-30T00:00:00,08:20:00,COM VÍTIMA,FINALIZADA,AFOGADOS,RUA COSME VIANA,"","",PROX. AO FORRÓ CHIQUE E O POSTO SETA,AFOGADOS,"","",COLISÃO LATERAL,"1,0","1,0","0,0","0,0","0,0","0,0","0,0","0,0","0,0","1,0","0,0","","","","","","","","","","","","",""
3618,"202328630,0",2023-11-30T00:00:00,08:53:00,COM VÍTIMA,FINALIZADA,SANTO AMARO,RUA DOS PALMARES,"","","PROX. A GUARDA MUNICIPAL, SUPERMERCADO RM EXPRESS",SANTO AMARO,"","",COLISÃO LATERAL,"0,0","1,0","0,0","0,0","0,0","0,0","0,0","0,0","0,0","1,0","0,0","","","","","","","","","","","","",""
3619,"202328642,0",2023-11-30T00:00:00,09:42:00,COM VÍTIMA,FINALIZADA,BOMBA DO HEMETERIO,RUA BOMBA DO HEMETERIO,"","",EM FRENTE A CLINICA DE FIOTERAPIA / E EM FRENTE AO MERCADO COMPRE MAIS,BOMBA DO HEMETERIO,"","",COLISÃO,"0,0","1,0","0,0","0,0","0,0","0,0","0,0","0,0","0,0","1,0","0,0","","","","","","","","","","","","",""
3620,"202328647,0",2023-11-30T00:00:00,10:43:00,COM VÍTIMA,FINALIZADA,ILHA DO LEITE,AV GOVERNADOR AGAMENON MAGALHAES,"","",SENT. BOA VIAGEM EM FRENTE AO HOSPITAL VETERINARIO,ILHA DO LEITE,"","",COLISÃO LATERAL,"0,0","1,0","0,0","0,0","0,0","0,0","0,0","0,0","0,0","1,0","0,0","","","","","","","","","","","","",""
3621,"202328649,0",2023-11-30T00:00:00,11:11:00,COM VÍTIMA,FINALIZADA,DOIS IRMAOS,RUA MANUEL DE MEDEIROS,"","",EM FRENTE A COMPESA  / PROX SEMÁFORO 712,DOIS IRMAOS,"","",COLISÃO LATERAL,"1,0","1,0","0,0","0,0","0,0","0,0","0,0","0,0","0,0","1,0","0,0","","","","","","","","","","","","",""
3622,"202328655,0",2023-11-30T00:00:00,11:54:00,COM VÍTIMA,FINALIZADA,IPSEP,RUA ROSA MAGALHAES,"",AV RECIFE,"PROX. AO ARMAZEM CORAL, POSTO SHELL E FARMACIA PAGUE MENOS",IPSEP,"","",COLISÃO LATERAL,"0,0","1,0","0,0","0,0","0,0","0,0","0,0","0,0","0,0","1,0","0,0","","","","","","","","","","","","",""
3623,"202328658,0",2023-11-30T00:00:00,12:31:00,COM VÍTIMA,CANCELADA,AFOGADOS,RUA SAO MIGUEL,558,"",APOS O BANCO DO BRASIL  DO LADO ESQUERDO,AFOGADOS,"","",COLISÃO TRASEIRA,"1,0","1,0","0,0","0,0","0,0","0,0","0,0","0,0","0,0","1,0","0,0","","","","","","","","","","","","",""
3624,"202328663,0",2023-11-30T00:00:00,01:00:00,COM VÍTIMA,CANCELADA,VARZEA,AV AFONSO OLINDENSE,850,"",PROX A LOMBADA ELETRONICA,VARZEA,"","",COLISÃO LATERAL,"0,0","2,0","0,0","0,0","0,0","0,0","0,0","0,0","0,0","1,0","0,0","","","","","","","","","","","","",""
3625,"202328664,0",2023-11-30T00:00:00,01:09:00,COM VÍTIMA,FINALIZADA,IPSEP,RUA ADERBAL DE MELO,151,"",NA RUA DA BUDEGA DO MEU LINDO,IPSEP,"","",COLISÃO FRONTAL,"1,0","1,0","0,0","0,0","0,0","0,0","0,0","0,0","0,0","1,0","0,0","","","","","","","","","","","","",""
3626,"202328665,0",2023-11-30T00:00:00,01:18:00,COM VÍTIMA,FINALIZADA,BOA VIAGEM,AV ENGENHEIRO DOMINGOS FERREIRA,2986,RUA MARIA CAROLINA,GALERIA GUARARAPES,BOA VIAGEM,"","",COLISÃO FRONTAL,"1,0","1,0","0,0","0,0","0,0","0,0","0,0","0,0","0,0","1,0","0,0","","","","","","","","","","","","",""
3627,"202328666,0",2023-11-30T00:00:00,01:41:00,COM VÍTIMA,FINALIZADA,SANCHO,RUA GUANABARA,"","",PROX AO  SUPERMERCADO CUSTODIA NO SEMAFORO 157,SANCHO,"","",COLISÃO LATERAL,"1,0","2,0","0,0","0,0","0,0","0,0","0,0","0,0","0,0","1,0","0,0","","","","","","","","","","","","",""
3628,"202328668,0",2023-11-30T00:00:00,01:58:00,COM VÍTIMA,FINALIZADA,IPSEP,RUA PINTOR ANTONIO ALBUQUERQUE,"",RUA PROFESSOR JOSE VICENTE,"",IPSEP,"","",COLISÃO LATERAL,"0,0","0,0","0,0","0,0","0,0","0,0","0,0","0,0","0,0","2,0","0,0","","","","","","","","","","","","",""
3629,"202328670,0",2023-11-30T00:00:00,02:20:00,SEM VÍTIMA,FINALIZADA,DERBY,AV GOVERNADOR AGAMENON MAGALHAES,"","",HOSPITAL DA RESTAURAÇÃO,DERBY,"","",COLISÃO LATERAL,"1,0","0,0","0,0","0,0","0,0","0,0","0,0","1,0","0,0","0,0","0,0","","","","","","","","","","","","",""
3630,"202328671,0",2023-11-30T00:00:00,02:24:00,SEM VÍTIMA,FINALIZADA,MACAXEIRA,AV NORTE MIGUEL ARRAES DE ALENCAR,"","",LOGO APÓS O SEMÁFORO Nº 671,MACAXEIRA,"671,0",CIDADE,COLISÃO TRASEIRA,"1,0","0,0","0,0","0,0","0,0","1,0","0,0","0,0","0,0","0,0","0,0","","","","","","","","","","","","",""
3631,"202328673,0",2023-11-30T00:00:00,02:56:00,COM VÍTIMA,FINALIZADA,ENCRUZILHADA,AV NORTE MIGUEL ARRAES DE ALENCAR,"","",PRÓXIMO A RENAULT,ENCRUZILHADA,"665,0","",COLISÃO TRASEIRA,"1,0","1,0","0,0","0,0","0,0","0,0","0,0","0,0","0,0","1,0","0,0","","","","","","","","","","","","",""
3632,"202328674,0",2023-11-30T00:00:00,02:57:00,COM VÍTIMA,DUPLICIDADE,BOA VIAGEM,AV ENGENHEIRO DOMINGOS FERREIRA,2538,"",E/F A GALERIA GUARARAPES,BOA VIAGEM,"","",COLISÃO,"0,0","1,0","0,0","0,0","0,0","0,0","0,0","0,0","0,0","1,0","0,0","","","","","","","","","","","","",""
3633,"202328679,0",2023-11-30T00:00:00,04:35:00,COM VÍTIMA,FINALIZADA,IMBIRIBEIRA,AV MARECHAL MASCARENHAS DE MORAES,7715,"",PROXIMO  AEROPORTO,IMBIRIBEIRA,"","",COLISÃO,"0,0","1,0","0,0","0,0","0,0","0,0","0,0","0,0","0,0","1,0","0,0","","","","","","","","","","","","",""
3634,"202328685,0",2023-11-30T00:00:00,05:38:00,COM VÍTIMA,CANCELADA,IMBIRIBEIRA,AV MARECHAL MASCARENHAS DE MORAES,2777,"",PRÓXIMO A NEO BLINDADOS E À UNIVERSO,IMBIRIBEIRA,"",AFOGADOS,COLISÃO LATERAL,"0,0","0,0","0,0","0,0","0,0","0,0","0,0","0,0","0,0","1,0","0,0","","","","","","","","","","","","",""
3635,"202328687,0",2023-11-30T00:00:00,05:49:00,COM VÍTIMA,FINALIZADA,AFOGADOS,RUA JOAQUIM DE VASCONCELOS PEREIRA,54B,"",EM FRENTE AO MINISTÉRIO PÚBLICO,AFOGADOS,"","",ATROPELAMENTO DE PESSOA,"0,0","1,0","0,0","0,0","1,0","0,0","0,0","0,0","0,0","1,0","0,0","","","","","","","","","","","","",""
3636,"202328701,0",2023-11-30T00:00:00,06:53:00,COM VÍTIMA,CANCELADA,PORTO DA MADEIRA,AV CIDADE DE MONTEIRO,505,"",SENTIDPO AGUA FRIA E/F AO ARMAZEM CORAL,PORTO DA MADEIRA,"","",COLISÃO,"0,0","1,0","0,0","0,0","0,0","0,0","0,0","0,0","0,0","1,0","0,0","","","","","","","","","","","","",""
3637,"202328702,0",2023-11-30T00:00:00,08:07:00,COM VÍTIMA,FINALIZADA,AGUA FRIA,AV BEBERIBE,"","",EM FRENTE AO POSTO DE COMBUSTIVEL PETROBRAS E AUTO ESCOLA PILOTO,AGUA FRIA,"","",COLISÃO LATERAL,"0,0","1,0","0,0","0,0","0,0","0,0","0,0","0,0","0,0","1,0","0,0","","","","","","","","","","","","",""
3638,"202328711,0",2023-11-30T00:00:00,11:03:00,COM VÍTIMA,FINALIZADA,JAQUEIRA,AV CONS ROSA E SILVA,2061,"",E/F À ACADEMIA SMART FIT - PROXIMO À PADARIA JAQUEIRA,JAQUEIRA,"","",COLISÃO LATERAL,"1,0","1,0","0,0","0,0","0,0","0,0","0,0","0,0","0,0","2,0","0,0","","","","","","","","","","","","",""
3639,"202328722,0",2023-12-01T00:00:00,06:43:00,COM VÍTIMA,FINALIZADA,IPSEP,AV RECIFE,"","",EM FRENTE AO ARMAZEM CORAL E AO POSTO SHELL,IPSEP,"","",ATROPELAMENTO DE PESSOA,"0,0","1,0","0,0","0,0","1,0","0,0","0,0","0,0","0,0","1,0","0,0","","","","","","","","","","","","",""
3640,"202328725,0",2023-12-01T00:00:00,07:20:00,COM VÍTIMA,FINALIZADA,AGUA FRIA,AV BEBERIBE,"","",EM FRENTE A MAGAZINE LUIZA E LOJA DOMINANTE,AGUA FRIA,"","",COLISÃO LATERAL,"0,0","1,0","0,0","0,0","0,0","0,0","0,0","0,0","0,0","1,0","0,0","","","","","","","","","","","","",""
3641,"202328726,0",2023-12-01T00:00:00,07:27:00,COM VÍTIMA,FINALIZADA,IPSEP,RUA ITACARI,"",RUA ITAJAI,"",IPSEP,"","",COLISÃO,"0,0","0,0","0,0","0,0","0,0","0,0","0,0","0,0","0,0","2,0","0,0","","","","","","","","","","","","",""
3642,"202328728,0",2023-12-01T00:00:00,07:27:00,COM VÍTIMA,DUPLICIDADE,IMBIRIBEIRA,RUA ITACARI,"","",PROX. AO BANCO DO BRAZIL E BANCO ITAU,IMBIRIBEIRA,"","",COLISÃO,"0,0","1,0","0,0","0,0","0,0","0,0","0,0","0,0","0,0","1,0","0,0","","","","","","","","","","","","",""
3643,"202328729,0",2023-12-01T00:00:00,07:37:00,COM VÍTIMA,FINALIZADA,AFOGADOS,RUA SAO MIGUEL,"","","PROX. AO POSTO DE GASOLINA DISLUB, PROX. AO BANCO DO BRASIL",AFOGADOS,"","",COLISÃO LATERAL,"1,0","1,0","0,0","0,0","0,0","0,0","0,0","0,0","0,0","1,0","0,0","","","","","","","","","","","","",""
3644,"202328730,0",2023-12-01T00:00:00,07:40:00,COM VÍTIMA,FINALIZADA,SANTO AMARO,RUA SANTO AMARO,"","",EM FRENTE AO SHOPPPING TACARUNA / AO LADO DA PARADA DO BRT,SANTO AMARO,"","",COLISÃO,"0,0","1,0","0,0","0,0","0,0","0,0","0,0","0,0","0,0","1,0","0,0","","","","","","","","","","","","",""
3645,"202328738,0",2023-12-01T00:00:00,08:27:00,COM VÍTIMA,FINALIZADA,SANTO AMARO,AV PREFEITO ARTUR LIMA CAVALCANTI,"","","",SANTO AMARO,"","",COLISÃO LATERAL,"1,0","1,0","0,0","0,0","0,0","0,0","0,0","0,0","0,0","1,0","0,0","","","","","","","","","","","","",""
3646,"202328748,0",2023-12-01T00:00:00,09:53:00,COM VÍTIMA,CANCELADA,ARRUDA,RUA DA REGENERACAO,"",RUA SAGRADA FAMILIA,"",ARRUDA,"","",COLISÃO,"0,0","0,0","0,0","0,0","0,0","0,0","0,0","0,0","0,0","1,0","0,0","","","","","","","","","","","","",""
3647,"202328751,0",2023-12-01T00:00:00,10:22:00,COM VÍTIMA,FINALIZADA,BOA VIAGEM,AV BOA VIAGEM,4988,"",PROX AO QUIOSQUE 38 / PROX AO EDIFICIO MARIA ANGELA LUCENA,BOA VIAGEM,"","",COLISÃO,"0,0","1,0","0,0","0,0","0,0","0,0","0,0","0,0","0,0","1,0","0,0","","","","","","","","","","","","",""
3648,"202328768,0",2023-12-01T00:00:00,01:08:00,COM VÍTIMA,FINALIZADA,AFOGADOS,RUA COSME VIANA,714,"",E/F AO GALPÃO DA PEDRAGON /  PROXIMO AO POSTO DE GASOLINA SETA,AFOGADOS,"","",COLISÃO,"0,0","1,0","0,0","0,0","0,0","0,0","0,0","0,0","0,0","1,0","0,0","","","","","","","","","","","","",""
3649,"202328778,0",2023-12-01T00:00:00,02:32:00,COM VÍTIMA,FINALIZADA,VARZEA,AV AFONSO OLINDENSE,1355,"",E/F  A FARMACIA PAGUE MENOS,VARZEA,"","",COLISÃO LATERAL,"1,0","1,0","0,0","0,0","0,0","0,0","0,0","0,0","0,0","2,0","0,0","","","","","","","","","","","","",""
3650,"202328781,0",2023-12-01T00:00:00,03:05:00,COM VÍTIMA,CANCELADA,CAXANGA,AV CAXANGA,8898,"",PROXIMO AO SUPERMERCADO TEM / ANTES DO POSTO PADRE CICERO,CAXANGA,"","",COLISÃO,"0,0","1,0","0,0","0,0","0,0","0,0","0,0","0,0","0,0","1,0","0,0","","","","","","","","","","","","",""
3651,"202328785,0",2023-12-01T00:00:00,03:46:00,COM VÍTIMA,FINALIZADA,ARRUDA,AV BEBERIBE,690,"",Grupo Volkswagen,ARRUDA,"","",COLISÃO LATERAL,"1,0","1,0","0,0","0,0","0,0","0,0","0,0","0,0","0,0","1,0","0,0","","","","","","","","","","","","",""
3652,"202328786,0",2023-12-01T00:00:00,03:47:00,COM VÍTIMA,FINALIZADA,SAN MARTIN,RUA COMENDADOR FRANCO FERREIRA,888,"",AO LADO DA CAVALERIA,SAN MARTIN,"","",COLISÃO,"0,0","1,0","0,0","0,0","0,0","0,0","0,0","0,0","0,0","1,0","0,0","","","","","","","","","","","","",""
3653,"202328787,0",2023-12-01T00:00:00,03:50:00,COM VÍTIMA,FINALIZADA,TAMARINEIRA,RUA DO FUTURO,2598,"",CRUZAMENTO COM A RUA SENADOR ALBERTO PAIVA PROXIMO AO  HABIBS,TAMARINEIRA,"","",COLISÃO,"0,0","1,0","0,0","0,0","0,0","0,0","0,0","0,0","0,0","1,0","0,0","","","","","","","","","","","","",""
3654,"202328789,0",2023-12-01T00:00:00,04:11:00,COM VÍTIMA,FINALIZADA,SAO JOSE,AV ENGENHEIRO JOSE ESTELITA,1101,"",PROXIMO A OBRA DO ESTELITA,SAO JOSE,"","",COLISÃO,"0,0","1,0","0,0","0,0","0,0","0,0","0,0","0,0","0,0","1,0","0,0","","","","","","","","","","","","",""
3655,"202328790,0",2023-12-01T00:00:00,04:08:00,COM VÍTIMA,FINALIZADA,DERBY,RUA CARLOS PORTO CARREIRO,"",AV GOVERNADOR AGAMENON MAGALHAES,E/F A MCDONALD´S,DERBY,"","",COLISÃO LATERAL,"1,0","1,0","0,0","0,0","0,0","0,0","0,0","0,0","0,0","1,0","0,0","","","","","","","","","","","","",""
3656,"202328791,0",2023-12-01T00:00:00,04:29:00,COM VÍTIMA,FINALIZADA,BOMBA DO HEMETERIO,RUA CHA DE ALEGRIA,363,"",PROX AO CLUBE TEIMOSO  VT 20,BOMBA DO HEMETERIO,"","",COLISÃO FRONTAL,"1,0","1,0","0,0","0,0","0,0","0,0","0,0","0,0","0,0","1,0","0,0","","","","","","","","","","","","",""
3657,"202328795,0",2023-12-01T00:00:00,05:43:00,COM VÍTIMA,FINALIZADA,CAXANGA,AV CAXANGA,8941,"",PROXIMO A EXPOSIÇÃO DE ANIMAIS // CANAL DO CABOUCO,CAXANGA,"","",COLISÃO,"0,0","1,0","0,0","0,0","0,0","0,0","0,0","0,0","0,0","1,0","0,0","","","","","","","","","","","","",""
3658,"202328796,0",2023-12-01T00:00:00,05:46:00,COM VÍTIMA,FINALIZADA,CAMPO GRANDE,RUA DR MACHADO,72,"",PROXIMO AO BAR DO PIU PIU // NA RUA DA PADARIA SANTO ANTÕNIO,CAMPO GRANDE,"","",COLISÃO,"0,0","1,0","0,0","0,0","0,0","0,0","0,0","0,0","0,0","1,0","0,0","","","","","","","","","","","","",""
3659,"202328798,0",2023-12-01T00:00:00,05:47:00,SEM VÍTIMA,FINALIZADA,IBURA,LAD DA COHAB,"","","",IBURA,"","",CHOQUE,"0,0","0,0","0,0","0,0","0,0","0,0","1,0","0,0","0,0","0,0","0,0","","","","","","","","","","","","",""
3660,"202328802,0",2023-12-01T00:00:00,06:17:00,VÍTIMA FATAL,FINALIZADA,IPSEP,AV MARECHAL MASCARENHAS DE MORAES,"",RUA ITACARI,"SENTIDO AEROPORTO PRÓXIMO AO BANCO ITAU  , PRÓXIMO AO BANCO IPIRANGA VÍTIMA NO LOCAL FOI A OBTO,",IPSEP,"","",COLISÃO COM CICLISTA,"0,0","0,0","0,0","1,0","0,0","0,0","1,0","0,0","0,0","0,0","1,0","","","","","","","","","","","","",""
3661,"202328805,0",2023-12-01T00:00:00,06:53:00,COM VÍTIMA,FINALIZADA,IBURA,AV DOIS RIOS,713,"",MAVEL BURGUE  //  SORVETERIA FLOQUINHO,IBURA,"","",COLISÃO FRONTAL,"1,0","1,0","0,0","0,0","0,0","0,0","0,0","0,0","0,0","1,0","0,0","","","","","","","","","","","","",""
3662,"202328815,0",2023-12-01T00:00:00,09:44:00,COM VÍTIMA,FINALIZADA,VARZEA,AV CAXANGA,"","",EM FRENTE A UPA DA CAXANGÁ,VARZEA,"","",COLISÃO,"0,0","2,0","0,0","0,0","0,0","0,0","0,0","0,0","0,0","2,0","0,0","","","","","","","","","","","","",""
3663,"202328819,0",2023-12-01T00:00:00,11:39:00,VÍTIMA FATAL,FINALIZADA,IBURA,RUA VALE DO ITAJAI,"","",EM FRENTE A UPA/ LAGOA ENCANTADA,IBURA,"","",ATROPELAMENTO DE PESSOA,"0,0","0,0","0,0","0,0","1,0","0,0","0,0","0,0","0,0","0,0","1,0","","","","","","","","","","","","",""
3664,"202328821,0",2023-12-02T00:00:00,01:41:00,SEM VÍTIMA,FINALIZADA,BOA VIAGEM,RUA VISCONDE DE JEQUITINHONHA,"","",PRÓXIMA AO PARQUE DONA LINDU,BOA VIAGEM,"",SUBURBIO,COLISÃO,"1,0","1,0","0,0","0,0","0,0","0,0","0,0","0,0","0,0","0,0","0,0","","","","","","","","","","","","",""